region,crop,crop_variety,season,soil_ph,soil_moisture_pct,nitrogen_N_mg_kg,phosphorus_P_mg_kg,potassium_K_mg_kg,rainfall_mm,temperature_c,farm_size_acres,yield_value,yield_unit,yield_category
Northern,Tomato,Pectomech,Minor,6.3,63.0,10.4,60.9,118.8,811.2,30.8,0.98,1584.5,kg_per_acre,Low
Brong-Ahafo,Maize,Local,Major,5.74,52.9,96.9,2.0,155.0,1323.6,27.1,0.89,9.25,bags_per_acre,Low
Northern,Tomato,Pectomech,Major,6.47,51.6,117.0,2.0,41.9,806.9,30.8,9.12,1292.8,kg_per_acre,Low
Ashanti,Tomato,Local,Major,5.51,66.0,64.8,14.8,88.3,1276.3,27.8,1.77,1563.1,kg_per_acre,Low
Eastern,Maize,Hybrid OPV,Major,6.03,71.6,8.7,41.4,134.5,1016.8,24.6,6.4,8.96,bags_per_acre,Low
Brong-Ahafo,Maize,Pioneer 30G19,Major,6.34,68.7,120.7,35.7,155.3,1513.6,28.4,2.25,18.71,bags_per_acre,Medium
Brong-Ahafo,Tomato,Local,Major,5.74,56.7,50.9,28.2,148.4,1281.6,28.3,1.77,1968.5,kg_per_acre,Low
Volta,Maize,Pioneer 30G19,Minor,5.71,58.8,108.6,19.5,180.1,1312.0,30.8,3.72,13.61,bags_per_acre,Medium
Ashanti,Tomato,F1 Hybrid,Major,5.71,62.5,91.0,4.1,139.0,1795.3,27.2,2.12,3072.7,kg_per_acre,Medium
Eastern,Maize,Local,Major,5.83,64.0,92.9,58.3,102.3,981.6,24.5,0.85,9.95,bags_per_acre,Low
Volta,Tomato,F1 Hybrid,Major,6.44,51.8,153.6,9.7,98.2,1085.7,26.7,5.38,2945.5,kg_per_acre,Medium
Ashanti,Maize,Pioneer 30G19,Minor,5.97,33.8,63.9,35.9,82.7,1330.8,28.0,0.73,12.61,bags_per_acre,Medium
Western,Maize,Pioneer 30G19,Major,6.36,63.7,91.2,17.1,94.1,1679.0,25.3,1.58,18.25,bags_per_acre,Medium
Northern,Tomato,Pectomech,Minor,6.43,62.5,96.4,19.8,129.7,708.6,31.3,0.97,1633.9,kg_per_acre,Low
Eastern,Tomato,F1 Hybrid,Major,5.65,59.7,62.0,37.5,92.2,1209.8,28.8,1.73,3208.0,kg_per_acre,Medium
Western,Tomato,Local,Minor,5.99,59.2,49.7,38.4,20.0,1906.2,26.8,6.04,1637.2,kg_per_acre,Low
Brong-Ahafo,Maize,Hybrid OPV,Minor,5.36,22.7,164.1,29.1,69.2,1017.1,27.5,2.1,7.03,bags_per_acre,Low
Ashanti,Tomato,F1 Hybrid,Minor,5.49,46.4,115.8,53.6,102.7,1192.4,26.9,0.5,3182.0,kg_per_acre,Medium
Eastern,Maize,Pioneer 30G19,Minor,5.97,70.6,105.4,41.7,20.0,1160.3,30.0,1.14,12.43,bags_per_acre,Medium
Eastern,Maize,Pioneer 30G19,Major,6.05,38.8,77.7,49.9,147.5,1261.7,25.9,1.31,17.55,bags_per_acre,Medium
Ashanti,Maize,Pioneer 30G19,Major,5.95,36.5,67.9,11.0,238.1,1406.3,25.5,5.17,15.08,bags_per_acre,Medium
Ashanti,Tomato,F1 Hybrid,Major,6.21,49.2,103.4,74.1,128.5,1307.5,24.8,2.67,4475.9,kg_per_acre,Medium
Western,Tomato,Pectomech,Minor,6.66,24.1,62.6,33.1,152.7,2146.8,23.0,1.74,1748.8,kg_per_acre,Low
Volta,Maize,Local,Minor,4.97,55.1,73.9,51.2,114.6,1010.7,29.2,0.52,6.64,bags_per_acre,Low
Brong-Ahafo,Tomato,Local,Major,6.62,51.3,37.2,2.0,67.9,1582.9,28.3,0.5,1043.2,kg_per_acre,Low
Eastern,Tomato,Local,Major,5.39,44.9,130.6,46.3,105.8,1257.6,25.0,1.5,1703.8,kg_per_acre,Low
Eastern,Maize,Local,Major,6.0,42.7,104.3,28.2,119.8,1432.6,26.1,0.5,10.25,bags_per_acre,Low
Brong-Ahafo,Maize,Pioneer 30G19,Minor,5.41,84.9,42.7,39.4,34.3,1136.1,27.8,0.94,8.39,bags_per_acre,Low
Ashanti,Tomato,Pectomech,Major,5.65,64.8,156.0,56.4,89.9,1465.1,24.6,0.92,3291.1,kg_per_acre,Medium
Brong-Ahafo,Maize,Hybrid OPV,Major,6.55,88.4,133.2,35.9,65.5,1408.8,28.6,0.5,9.39,bags_per_acre,Low
Brong-Ahafo,Maize,Local,Major,7.17,50.1,12.3,20.9,77.6,1090.9,26.5,1.06,5.53,bags_per_acre,Low
Northern,Maize,Hybrid OPV,Major,7.29,36.1,175.5,52.9,169.3,1168.3,30.0,5.96,9.94,bags_per_acre,Low
Western,Maize,Local,Major,5.87,26.9,198.4,45.4,141.6,1935.3,26.9,3.84,8.67,bags_per_acre,Low
Eastern,Tomato,Local,Minor,5.67,75.6,60.9,27.1,139.9,1695.6,25.2,0.98,1713.5,kg_per_acre,Low
Ashanti,Tomato,Pectomech,Major,6.2,58.4,27.5,62.6,104.4,1348.0,24.9,2.82,2382.6,kg_per_acre,Low
Western,Tomato,Pectomech,Major,4.64,29.8,116.6,31.1,120.5,1593.8,26.2,0.5,1044.9,kg_per_acre,Low
Volta,Maize,Local,Minor,5.85,40.2,98.1,6.1,20.0,1028.8,27.6,9.21,5.16,bags_per_acre,Low
Ashanti,Tomato,F1 Hybrid,Minor,5.42,26.7,18.2,7.9,91.0,1751.6,25.7,4.2,1210.3,kg_per_acre,Low
Ashanti,Tomato,F1 Hybrid,Major,6.25,46.6,84.4,49.8,25.0,1637.3,26.6,0.5,3439.8,kg_per_acre,Medium
Brong-Ahafo,Tomato,Pectomech,Major,6.69,49.6,45.1,68.4,116.9,1124.3,24.6,0.63,2867.7,kg_per_acre,Medium
Ashanti,Maize,Local,Major,5.74,54.3,57.1,57.4,130.0,1398.3,26.0,4.57,10.56,bags_per_acre,Low
Ashanti,Maize,Pioneer 30G19,Major,5.66,54.2,58.7,48.5,123.7,1427.9,30.4,0.5,16.16,bags_per_acre,Medium
Ashanti,Tomato,Local,Minor,5.9,63.4,82.8,38.2,139.2,1475.1,27.3,0.81,1956.9,kg_per_acre,Low
Western,Maize,Pioneer 30G19,Major,4.57,46.3,88.7,24.7,206.5,2089.5,28.7,2.21,8.89,bags_per_acre,Low
Northern,Maize,Local,Minor,6.2,53.4,75.1,48.8,139.7,689.1,28.4,2.36,4.45,bags_per_acre,Low
Northern,Maize,Local,Minor,6.91,54.4,84.9,57.9,114.1,1072.2,27.9,11.44,5.74,bags_per_acre,Low
Volta,Tomato,F1 Hybrid,Major,5.92,44.7,101.9,46.9,146.3,896.9,27.5,0.51,3970.9,kg_per_acre,Medium
Ashanti,Maize,Pioneer 30G19,Minor,5.61,47.2,122.5,10.4,142.5,1635.3,24.1,0.5,14.22,bags_per_acre,Medium
Eastern,Maize,Local,Minor,5.7,52.3,86.3,70.3,53.8,1268.2,25.2,3.32,7.94,bags_per_acre,Low
Northern,Maize,Pioneer 30G19,Major,7.07,28.5,74.4,23.4,171.1,728.0,29.4,6.11,6.74,bags_per_acre,Low
Brong-Ahafo,Maize,Hybrid OPV,Major,6.45,65.7,95.3,48.5,86.2,1126.7,27.7,4.21,14.36,bags_per_acre,Medium
Volta,Maize,Pioneer 30G19,Major,6.18,46.1,135.2,46.1,70.8,1156.4,28.3,4.12,17.52,bags_per_acre,Medium
Ashanti,Maize,Hybrid OPV,Major,6.49,40.9,5.0,40.1,184.4,1156.7,27.5,1.53,9.64,bags_per_acre,Low
Volta,Tomato,F1 Hybrid,Major,6.62,39.7,68.7,45.1,147.4,1113.1,25.8,0.97,3357.8,kg_per_acre,Medium
Ashanti,Maize,Pioneer 30G19,Major,4.82,36.9,114.8,76.1,131.1,1269.0,26.2,0.5,14.03,bags_per_acre,Medium
Eastern,Tomato,Local,Major,6.65,29.0,55.3,25.3,157.0,1346.1,27.5,8.01,1329.1,kg_per_acre,Low
Brong-Ahafo,Tomato,Local,Major,6.39,54.3,49.3,42.3,92.3,1249.8,27.3,1.22,2013.5,kg_per_acre,Low
Western,Tomato,Local,Major,7.07,66.7,5.0,23.7,30.3,1590.8,21.1,1.83,1088.3,kg_per_acre,Low
Eastern,Maize,Local,Major,6.5,43.4,110.3,66.6,148.6,1232.5,28.5,2.61,9.94,bags_per_acre,Low
Brong-Ahafo,Maize,Local,Minor,5.01,53.7,206.7,44.6,131.0,1410.0,27.5,4.59,7.97,bags_per_acre,Low
Western,Maize,Pioneer 30G19,Major,5.53,59.1,47.5,55.4,71.9,1569.0,24.4,0.5,17.96,bags_per_acre,Medium
Western,Maize,Hybrid OPV,Minor,5.71,49.5,91.3,36.5,106.2,2080.0,24.0,1.64,11.1,bags_per_acre,Low
Western,Tomato,Pectomech,Minor,6.17,46.4,63.8,60.4,102.6,1864.7,26.0,0.86,3323.6,kg_per_acre,Medium
Ashanti,Tomato,Local,Major,6.3,43.6,73.5,16.5,128.3,1247.3,27.4,4.07,1618.2,kg_per_acre,Low
Ashanti,Maize,Local,Major,6.47,40.6,67.4,15.0,145.4,906.6,25.8,2.36,8.94,bags_per_acre,Low
Brong-Ahafo,Maize,Pioneer 30G19,Minor,6.46,35.1,127.7,78.0,91.7,984.1,26.9,5.7,14.68,bags_per_acre,Medium
Brong-Ahafo,Tomato,F1 Hybrid,Major,5.89,59.8,107.8,59.4,123.4,978.0,28.8,1.39,4686.9,kg_per_acre,Medium
Brong-Ahafo,Tomato,F1 Hybrid,Minor,5.49,57.6,79.5,14.6,89.4,1074.1,27.3,1.65,2699.9,kg_per_acre,Medium
Northern,Maize,Hybrid OPV,Minor,6.52,68.8,29.7,53.2,135.4,1044.0,28.9,1.02,6.33,bags_per_acre,Low
Western,Maize,Hybrid OPV,Minor,6.07,48.2,64.8,38.9,133.4,1621.3,24.5,0.5,11.24,bags_per_acre,Low
Northern,Maize,Local,Major,6.26,58.0,147.3,25.8,54.0,674.4,32.6,0.76,4.8,bags_per_acre,Low
Eastern,Maize,Pioneer 30G19,Minor,6.15,52.5,98.8,51.2,135.9,1224.5,27.3,1.24,15.23,bags_per_acre,Medium
Eastern,Maize,Hybrid OPV,Major,5.42,60.1,116.9,28.3,133.4,1202.0,25.3,0.59,12.12,bags_per_acre,Medium
Northern,Tomato,F1 Hybrid,Minor,6.93,39.5,104.7,13.3,123.3,1050.6,30.7,0.5,2282.7,kg_per_acre,Low
Ashanti,Maize,Pioneer 30G19,Major,5.98,59.2,93.1,9.3,184.8,1311.1,24.2,2.4,16.02,bags_per_acre,Medium
Western,Maize,Hybrid OPV,Major,5.67,21.7,34.9,69.0,225.7,1818.8,23.1,1.31,7.78,bags_per_acre,Low
Volta,Tomato,Local,Major,5.44,46.1,61.5,42.5,162.6,1140.3,27.4,0.73,1553.2,kg_per_acre,Low
Eastern,Maize,Hybrid OPV,Minor,6.44,41.1,97.1,24.4,82.7,1465.2,25.3,0.5,10.91,bags_per_acre,Low
Volta,Tomato,F1 Hybrid,Minor,6.11,50.5,71.6,29.3,90.4,1162.3,30.9,2.02,2657.7,kg_per_acre,Medium
Volta,Tomato,Pectomech,Minor,6.4,33.5,94.5,16.4,53.6,1163.7,29.5,0.5,1433.3,kg_per_acre,Low
Northern,Tomato,Pectomech,Minor,6.78,68.5,64.0,39.8,26.2,998.4,32.4,5.99,1492.9,kg_per_acre,Low
Northern,Tomato,F1 Hybrid,Major,6.57,44.3,144.7,21.1,142.6,1089.3,28.2,1.56,3240.7,kg_per_acre,Medium
Western,Tomato,F1 Hybrid,Minor,7.83,62.1,73.6,13.9,26.6,1574.5,26.0,2.12,2616.0,kg_per_acre,Medium
Northern,Tomato,F1 Hybrid,Minor,5.85,62.0,90.8,40.5,182.7,720.4,30.7,0.92,2496.0,kg_per_acre,Low
Volta,Maize,Pioneer 30G19,Major,5.76,39.8,70.5,24.7,136.7,1009.9,24.8,2.5,16.3,bags_per_acre,Medium
Ashanti,Maize,Hybrid OPV,Minor,5.96,50.2,150.5,47.6,73.7,1733.7,28.3,0.5,13.01,bags_per_acre,Medium
Eastern,Maize,Pioneer 30G19,Major,5.49,74.6,93.4,52.2,58.5,1078.1,27.3,2.18,13.69,bags_per_acre,Medium
Brong-Ahafo,Tomato,F1 Hybrid,Major,6.21,67.4,41.7,67.7,179.6,1188.7,27.0,1.83,4151.0,kg_per_acre,Medium
Volta,Tomato,F1 Hybrid,Major,7.03,55.7,113.0,2.0,77.0,1179.7,28.2,4.65,2303.1,kg_per_acre,Low
Eastern,Tomato,Pectomech,Major,5.4,53.6,146.2,28.8,118.7,1458.9,29.0,1.47,2498.1,kg_per_acre,Low
Ashanti,Tomato,F1 Hybrid,Major,6.11,37.3,86.5,41.8,120.0,1311.0,24.6,2.68,3766.8,kg_per_acre,Medium
Brong-Ahafo,Tomato,Pectomech,Major,6.06,89.1,81.5,18.5,201.5,1209.4,26.9,4.32,2221.5,kg_per_acre,Low
Volta,Tomato,Local,Minor,6.31,48.5,62.3,44.5,112.2,1111.7,29.3,3.89,1694.1,kg_per_acre,Low
Brong-Ahafo,Tomato,Local,Major,6.2,64.8,139.9,38.4,201.1,1661.3,27.3,5.99,2265.0,kg_per_acre,Low
Northern,Tomato,Local,Minor,6.08,59.3,53.9,19.6,54.5,829.4,31.5,2.36,1003.9,kg_per_acre,Low
Ashanti,Tomato,F1 Hybrid,Major,6.61,35.8,59.5,55.7,97.2,1562.1,29.0,2.95,3386.4,kg_per_acre,Medium
Eastern,Maize,Pioneer 30G19,Major,6.06,59.1,60.1,28.9,85.4,1369.3,26.9,2.85,12.94,bags_per_acre,Medium
Volta,Tomato,F1 Hybrid,Minor,6.38,62.0,127.0,24.1,119.1,1074.0,28.6,0.8,3033.0,kg_per_acre,Medium
Ashanti,Maize,Local,Minor,5.93,53.2,81.0,22.0,139.3,1479.5,24.9,2.25,10.01,bags_per_acre,Low
Northern,Maize,Hybrid OPV,Major,6.93,39.3,92.1,26.1,151.0,1015.1,29.9,2.36,8.64,bags_per_acre,Low
Volta,Maize,Pioneer 30G19,Major,6.18,73.4,145.7,33.2,203.3,1047.6,28.2,3.03,15.67,bags_per_acre,Medium
Ashanti,Maize,Hybrid OPV,Minor,6.43,42.7,60.5,46.6,99.9,1179.0,30.1,1.15,11.47,bags_per_acre,Low
Western,Maize,Hybrid OPV,Major,4.8,61.3,62.0,30.5,60.8,1993.4,25.7,0.91,8.56,bags_per_acre,Low
Northern,Maize,Hybrid OPV,Major,5.89,55.0,61.5,68.1,83.6,834.2,28.0,0.5,7.5,bags_per_acre,Low
Brong-Ahafo,Maize,Pioneer 30G19,Major,6.86,68.4,84.9,27.8,82.9,1170.0,26.5,3.86,19.25,bags_per_acre,Medium
Western,Tomato,Pectomech,Major,5.98,51.2,115.0,30.5,113.1,2101.2,25.7,3.41,3448.4,kg_per_acre,Medium
Northern,Tomato,Pectomech,Major,6.83,63.7,113.1,21.7,153.4,603.3,31.8,3.24,1938.4,kg_per_acre,Low
Ashanti,Tomato,Pectomech,Major,6.14,14.5,5.0,28.2,119.1,1434.0,25.4,0.5,1067.9,kg_per_acre,Low
Ashanti,Maize,Hybrid OPV,Major,6.19,59.2,89.0,23.6,115.5,1327.4,30.1,3.03,13.88,bags_per_acre,Medium
Northern,Maize,Hybrid OPV,Major,6.7,58.2,47.0,7.6,79.6,892.7,30.1,2.12,6.05,bags_per_acre,Low
Eastern,Tomato,F1 Hybrid,Major,6.33,52.7,43.4,47.1,107.4,1116.9,25.3,0.51,3198.0,kg_per_acre,Medium
Western,Maize,Hybrid OPV,Major,5.22,43.9,71.3,5.3,85.0,1550.6,25.2,2.12,8.86,bags_per_acre,Low
Eastern,Tomato,F1 Hybrid,Major,5.08,57.6,71.2,55.2,148.1,1604.5,28.6,1.59,2957.1,kg_per_acre,Medium
Volta,Maize,Local,Major,6.62,65.5,85.6,62.1,119.6,1131.7,26.9,3.99,9.44,bags_per_acre,Low
Ashanti,Tomato,F1 Hybrid,Major,5.78,43.6,115.3,22.5,106.6,1590.4,26.8,5.8,4173.4,kg_per_acre,Medium
Volta,Maize,Hybrid OPV,Major,6.1,61.4,96.1,67.0,118.8,1021.8,28.8,0.84,11.82,bags_per_acre,Low
Ashanti,Maize,Pioneer 30G19,Minor,6.25,49.9,115.9,65.5,117.1,1357.9,28.9,0.5,18.76,bags_per_acre,Medium
Ashanti,Tomato,Local,Major,6.04,60.3,55.5,35.6,20.0,1557.8,24.2,0.69,1836.7,kg_per_acre,Low
Brong-Ahafo,Tomato,Pectomech,Major,6.92,65.0,5.0,53.4,168.8,1241.0,24.6,1.23,2090.0,kg_per_acre,Low
Northern,Tomato,Local,Major,6.35,73.0,136.5,17.9,202.2,975.0,29.2,0.96,1565.2,kg_per_acre,Low
Eastern,Tomato,Local,Major,5.52,80.1,88.6,45.6,144.0,941.0,25.3,2.79,1879.1,kg_per_acre,Low
Brong-Ahafo,Tomato,Pectomech,Major,7.19,43.8,55.9,40.9,169.4,1345.9,25.8,0.78,2838.1,kg_per_acre,Medium
Western,Tomato,Pectomech,Major,6.45,46.9,50.0,78.9,37.6,1690.0,26.2,2.38,3155.5,kg_per_acre,Medium
Northern,Tomato,Local,Minor,7.16,71.6,18.9,44.5,58.1,1146.2,30.2,0.5,959.0,kg_per_acre,Low
Brong-Ahafo,Maize,Hybrid OPV,Major,5.62,50.0,101.7,62.1,129.4,1349.8,28.3,0.98,14.2,bags_per_acre,Medium
Volta,Maize,Pioneer 30G19,Major,5.87,53.1,145.0,38.9,159.1,1053.9,27.7,0.5,17.33,bags_per_acre,Medium
Northern,Tomato,Pectomech,Minor,6.24,58.6,129.9,48.6,24.8,819.9,27.8,1.02,1607.8,kg_per_acre,Low
Western,Tomato,Local,Major,5.29,50.3,127.6,20.8,152.6,1585.8,26.2,4.17,1964.6,kg_per_acre,Low
Western,Tomato,Pectomech,Major,6.11,69.3,55.6,21.9,93.5,1780.9,25.9,2.04,3070.3,kg_per_acre,Medium
Western,Tomato,Local,Major,4.7,67.0,113.5,8.1,144.2,1801.0,25.1,2.87,748.5,kg_per_acre,Low
Volta,Tomato,Pectomech,Minor,6.35,37.7,135.5,2.0,105.1,935.0,29.7,2.82,1591.1,kg_per_acre,Low
Brong-Ahafo,Tomato,Pectomech,Major,5.44,43.0,56.0,29.4,133.7,1268.8,26.7,1.98,2093.4,kg_per_acre,Low
Northern,Tomato,F1 Hybrid,Minor,6.33,71.4,40.7,56.7,102.8,720.2,31.9,2.16,2574.2,kg_per_acre,Medium
Northern,Tomato,F1 Hybrid,Major,6.38,24.6,22.8,54.5,89.7,773.0,29.4,0.5,1562.6,kg_per_acre,Low
Western,Tomato,F1 Hybrid,Major,5.72,29.9,78.2,49.2,121.1,1751.6,25.8,3.77,3443.8,kg_per_acre,Medium
Ashanti,Tomato,F1 Hybrid,Minor,5.97,43.7,96.7,53.9,157.5,1241.9,27.6,0.5,3782.1,kg_per_acre,Medium
Ashanti,Maize,Local,Minor,6.2,50.5,100.6,23.3,20.0,1375.8,28.6,0.5,8.18,bags_per_acre,Low
Northern,Tomato,Local,Major,5.46,64.3,5.0,34.9,118.7,1213.6,26.8,0.5,896.2,kg_per_acre,Low
Brong-Ahafo,Maize,Local,Major,6.41,52.0,123.1,20.1,83.8,1091.8,26.3,1.08,10.24,bags_per_acre,Low
Volta,Tomato,F1 Hybrid,Major,6.89,46.9,85.2,8.6,119.3,1182.5,28.9,3.14,3160.1,kg_per_acre,Medium
Eastern,Maize,Local,Major,5.6,50.0,133.2,50.6,154.1,1408.4,27.2,6.88,10.74,bags_per_acre,Low
Brong-Ahafo,Tomato,Pectomech,Minor,6.94,61.3,121.4,46.8,139.2,1433.7,26.3,0.74,2795.5,kg_per_acre,Medium
Volta,Tomato,Local,Major,6.59,44.4,34.6,21.4,126.5,1205.5,27.8,3.54,1506.9,kg_per_acre,Low
Eastern,Tomato,Pectomech,Major,6.27,63.6,123.4,43.7,88.5,1409.6,29.1,0.74,3191.3,kg_per_acre,Medium
Volta,Maize,Local,Minor,6.07,23.4,89.0,64.7,117.6,1094.9,26.3,3.62,5.89,bags_per_acre,Low
Ashanti,Tomato,Local,Major,6.43,55.8,80.7,23.5,210.9,1274.1,24.9,0.68,2272.9,kg_per_acre,Low
Volta,Maize,Local,Minor,5.87,40.1,70.7,63.6,122.5,894.1,25.5,6.28,9.33,bags_per_acre,Low
Volta,Tomato,F1 Hybrid,Major,6.72,60.5,107.2,42.3,163.7,1040.2,25.8,10.91,4160.2,kg_per_acre,Medium
Volta,Maize,Hybrid OPV,Major,6.84,41.2,92.7,2.0,48.5,1124.4,29.6,0.5,7.0,bags_per_acre,Low
Ashanti,Tomato,Pectomech,Major,6.78,47.9,80.3,29.0,234.7,1692.7,29.8,0.65,3116.4,kg_per_acre,Medium
Northern,Tomato,Pectomech,Major,6.24,45.0,107.9,32.9,88.6,1054.6,29.7,1.52,2346.6,kg_per_acre,Low
Eastern,Tomato,F1 Hybrid,Major,5.87,67.3,8.1,32.2,20.0,1327.4,26.5,0.5,2187.4,kg_per_acre,Low
Western,Tomato,F1 Hybrid,Major,5.4,49.0,86.9,46.0,213.0,2046.0,23.7,3.52,4117.2,kg_per_acre,Medium
Volta,Maize,Local,Major,5.89,47.5,69.6,25.8,20.0,1084.8,27.6,0.5,7.18,bags_per_acre,Low
Ashanti,Tomato,F1 Hybrid,Minor,6.61,67.9,124.9,28.7,98.6,1459.9,27.9,0.5,3653.4,kg_per_acre,Medium
Northern,Tomato,Local,Major,6.77,61.3,54.9,71.4,181.0,1033.4,31.3,1.49,1788.7,kg_per_acre,Low
Ashanti,Maize,Pioneer 30G19,Minor,6.13,59.0,133.4,37.0,146.9,1329.5,26.9,0.81,17.36,bags_per_acre,Medium
Eastern,Maize,Hybrid OPV,Major,5.51,34.5,23.8,34.8,168.8,1462.2,26.2,0.5,8.55,bags_per_acre,Low
Northern,Maize,Local,Major,5.68,51.9,137.6,70.2,122.8,905.8,32.8,0.58,8.28,bags_per_acre,Low
Eastern,Tomato,F1 Hybrid,Major,5.71,62.2,80.4,27.9,126.9,1413.3,26.6,0.5,3713.5,kg_per_acre,Medium
Northern,Maize,Local,Major,5.78,66.9,105.2,46.3,222.9,815.2,29.3,1.37,7.2,bags_per_acre,Low
Northern,Tomato,Pectomech,Minor,6.71,56.3,17.2,57.8,57.4,1045.2,29.4,0.61,1305.4,kg_per_acre,Low
Ashanti,Maize,Local,Minor,5.6,51.0,139.5,25.9,127.6,1410.4,27.8,8.61,7.78,bags_per_acre,Low
Western,Maize,Pioneer 30G19,Major,4.44,48.9,53.9,41.8,38.9,1687.3,27.2,0.5,6.37,bags_per_acre,Low
Northern,Tomato,Local,Minor,6.53,70.9,127.0,33.4,226.1,820.3,26.6,2.77,1298.3,kg_per_acre,Low
Brong-Ahafo,Tomato,F1 Hybrid,Minor,6.1,42.9,102.5,44.4,154.3,1171.5,24.3,1.94,3298.9,kg_per_acre,Medium
Ashanti,Maize,Hybrid OPV,Major,5.17,78.5,40.3,18.7,202.4,1084.4,27.6,1.32,7.82,bags_per_acre,Low
Eastern,Maize,Hybrid OPV,Major,6.74,49.5,93.2,26.9,196.0,1333.9,28.0,5.46,13.56,bags_per_acre,Medium
Volta,Tomato,Pectomech,Minor,6.43,41.5,51.8,24.4,89.4,1136.8,27.9,10.65,1891.7,kg_per_acre,Low
Western,Maize,Local,Major,6.1,61.4,40.4,4.9,89.0,1654.5,26.9,0.82,6.7,bags_per_acre,Low
Eastern,Tomato,Pectomech,Minor,5.45,49.1,153.6,21.5,166.0,1133.9,26.6,1.55,2235.8,kg_per_acre,Low
Eastern,Maize,Hybrid OPV,Major,6.28,50.6,58.2,2.9,184.4,921.6,24.6,3.94,9.59,bags_per_acre,Low
Northern,Maize,Local,Major,6.61,79.7,106.2,2.0,188.1,688.7,29.8,0.81,3.53,bags_per_acre,Low
Western,Tomato,Pectomech,Major,5.49,88.1,140.2,48.7,154.5,1865.9,26.3,1.01,2910.7,kg_per_acre,Medium
Eastern,Tomato,Pectomech,Major,5.73,77.3,166.7,39.7,159.8,1480.3,27.7,0.83,3145.0,kg_per_acre,Medium
Brong-Ahafo,Maize,Pioneer 30G19,Minor,7.25,53.6,85.7,58.1,109.4,1262.2,27.9,5.1,14.04,bags_per_acre,Medium
Volta,Maize,Pioneer 30G19,Major,5.9,18.8,138.6,45.8,135.2,1188.0,27.9,0.84,12.01,bags_per_acre,Medium
Northern,Tomato,F1 Hybrid,Minor,5.24,20.5,108.9,44.0,92.9,1082.2,29.2,2.85,1245.9,kg_per_acre,Low
Western,Maize,Pioneer 30G19,Major,6.48,61.7,155.6,11.4,209.8,1637.3,27.4,1.87,19.14,bags_per_acre,Medium
Northern,Maize,Hybrid OPV,Minor,6.51,55.8,127.1,21.5,103.2,806.4,29.0,0.56,8.05,bags_per_acre,Low
Ashanti,Tomato,Local,Minor,5.82,58.2,76.3,52.3,78.3,1608.4,26.5,0.5,1661.6,kg_per_acre,Low
Eastern,Maize,Hybrid OPV,Major,5.56,41.1,42.1,16.0,181.7,1337.4,25.0,4.98,10.44,bags_per_acre,Low
Northern,Tomato,Local,Major,6.41,57.1,88.6,57.8,156.3,766.5,27.8,0.5,1819.8,kg_per_acre,Low
Eastern,Tomato,Pectomech,Minor,5.37,41.4,147.7,54.1,196.7,1518.1,26.2,7.25,2371.3,kg_per_acre,Low
Ashanti,Maize,Local,Major,5.99,64.3,145.6,46.2,130.6,1163.9,24.9,1.15,11.71,bags_per_acre,Low
Ashanti,Maize,Local,Major,5.45,45.8,45.8,30.7,113.1,1540.3,28.5,1.04,9.5,bags_per_acre,Low
Ashanti,Maize,Pioneer 30G19,Major,6.03,56.2,144.4,8.8,20.0,1433.1,29.2,0.5,14.97,bags_per_acre,Medium
Volta,Tomato,Pectomech,Major,5.92,79.2,21.0,78.7,138.0,1249.0,27.8,0.87,2390.8,kg_per_acre,Low
Brong-Ahafo,Tomato,Local,Major,6.21,58.3,79.3,59.4,44.8,1121.9,27.9,8.03,2050.1,kg_per_acre,Low
Northern,Maize,Hybrid OPV,Minor,6.5,70.5,109.4,21.8,79.4,991.7,28.8,3.94,8.15,bags_per_acre,Low
Western,Maize,Pioneer 30G19,Major,5.42,58.3,67.6,24.4,118.9,2163.6,26.9,2.32,15.65,bags_per_acre,Medium
Brong-Ahafo,Maize,Local,Minor,6.1,37.9,14.2,31.8,147.9,1375.9,23.8,1.72,5.45,bags_per_acre,Low
Northern,Tomato,F1 Hybrid,Major,7.71,44.1,48.4,12.3,118.0,759.5,32.0,0.5,1998.6,kg_per_acre,Low
Ashanti,Tomato,Local,Minor,5.97,59.5,77.3,14.4,123.2,1455.6,25.5,3.22,1635.1,kg_per_acre,Low
Brong-Ahafo,Maize,Hybrid OPV,Major,6.3,68.8,97.6,39.2,151.1,919.2,24.7,0.9,12.78,bags_per_acre,Medium
Eastern,Maize,Hybrid OPV,Major,6.08,45.5,141.0,31.4,50.7,1246.0,27.7,2.14,11.74,bags_per_acre,Low
Ashanti,Tomato,F1 Hybrid,Major,6.59,59.2,81.9,24.4,187.0,1143.9,25.0,2.27,4053.6,kg_per_acre,Medium
Eastern,Maize,Hybrid OPV,Major,6.1,45.6,102.7,47.1,234.9,1380.0,28.3,6.24,14.78,bags_per_acre,Medium
Western,Tomato,F1 Hybrid,Major,5.98,61.5,75.4,75.5,179.6,1716.1,23.4,1.34,5720.0,kg_per_acre,High
Ashanti,Tomato,Local,Minor,5.49,48.3,88.4,32.3,148.4,1657.6,28.1,0.66,1526.2,kg_per_acre,Low
Brong-Ahafo,Maize,Hybrid OPV,Minor,6.05,65.0,85.0,52.3,138.8,1214.6,27.0,1.41,11.17,bags_per_acre,Low
Northern,Tomato,Local,Minor,6.18,72.4,139.8,53.4,98.7,859.8,30.0,2.61,1639.6,kg_per_acre,Low
Ashanti,Maize,Hybrid OPV,Major,5.6,57.1,59.7,3.7,56.1,1111.4,26.9,7.54,8.87,bags_per_acre,Low
Eastern,Maize,Local,Major,5.72,58.7,100.0,79.3,54.2,1334.2,26.3,12.58,9.85,bags_per_acre,Low
Northern,Tomato,Local,Major,5.98,60.1,5.0,2.0,304.2,807.0,31.7,4.22,715.4,kg_per_acre,Low
Brong-Ahafo,Tomato,F1 Hybrid,Minor,6.26,76.5,48.3,39.1,154.1,1283.2,26.5,8.34,3822.1,kg_per_acre,Medium
Volta,Maize,Hybrid OPV,Major,6.79,41.9,162.7,20.2,39.2,1117.4,30.0,9.12,11.31,bags_per_acre,Low
Volta,Maize,Hybrid OPV,Major,5.44,80.2,98.9,48.2,47.6,1000.4,28.4,2.65,9.54,bags_per_acre,Low
Western,Maize,Pioneer 30G19,Major,4.81,45.3,129.3,40.5,53.5,1693.9,25.6,1.14,10.69,bags_per_acre,Low
Volta,Maize,Hybrid OPV,Major,5.65,66.3,105.3,50.2,81.4,809.0,26.5,1.58,11.94,bags_per_acre,Low
Volta,Maize,Local,Minor,6.56,60.4,103.2,38.8,98.7,956.8,29.8,1.91,8.88,bags_per_acre,Low
Northern,Maize,Hybrid OPV,Major,7.24,36.5,76.9,43.6,193.9,879.7,29.4,2.67,8.79,bags_per_acre,Low
Brong-Ahafo,Tomato,Pectomech,Major,7.74,59.4,40.5,48.1,151.5,1032.0,27.6,1.07,2517.5,kg_per_acre,Medium
Volta,Maize,Hybrid OPV,Minor,5.96,51.3,88.8,25.5,148.5,905.6,30.4,7.61,9.72,bags_per_acre,Low
Western,Tomato,Pectomech,Major,5.75,85.2,122.2,78.8,178.5,2026.0,28.8,5.17,3363.0,kg_per_acre,Medium
Ashanti,Maize,Local,Minor,5.44,57.7,96.7,44.8,145.9,1842.0,25.5,0.62,8.26,bags_per_acre,Low
Ashanti,Maize,Pioneer 30G19,Minor,5.59,47.2,106.5,23.7,84.8,1443.9,26.9,0.5,14.48,bags_per_acre,Medium
Ashanti,Tomato,Local,Major,5.79,31.5,51.0,49.1,58.1,1112.4,25.6,0.5,1527.0,kg_per_acre,Low
Northern,Tomato,Pectomech,Minor,6.97,35.8,77.2,55.3,110.6,1016.0,28.6,2.35,1613.3,kg_per_acre,Low
Volta,Maize,Local,Major,6.63,55.0,188.7,39.6,106.0,1334.4,27.5,2.45,9.48,bags_per_acre,Low
Brong-Ahafo,Tomato,Local,Minor,5.53,67.0,50.1,34.5,41.0,1171.3,25.7,0.65,1239.2,kg_per_acre,Low
Northern,Maize,Local,Major,6.4,10.0,100.0,53.5,81.0,1118.5,30.8,2.29,3.59,bags_per_acre,Low
Western,Tomato,F1 Hybrid,Major,5.86,48.8,17.5,87.6,170.0,1584.5,26.1,0.73,3615.1,kg_per_acre,Medium
Eastern,Tomato,Pectomech,Minor,5.51,32.7,122.4,38.6,158.1,1373.1,26.5,1.22,1717.8,kg_per_acre,Low
Brong-Ahafo,Tomato,F1 Hybrid,Major,6.43,41.9,109.8,18.3,108.0,1502.5,26.6,0.96,3162.0,kg_per_acre,Medium
Ashanti,Tomato,F1 Hybrid,Major,5.92,39.6,113.4,27.6,151.5,1281.0,26.9,1.1,3622.8,kg_per_acre,Medium
Ashanti,Maize,Hybrid OPV,Minor,6.41,38.1,141.5,26.5,144.3,1147.9,27.6,0.52,14.19,bags_per_acre,Medium
Volta,Maize,Pioneer 30G19,Major,5.49,72.7,29.5,19.2,78.1,1313.4,27.1,4.81,9.19,bags_per_acre,Low
Brong-Ahafo,Maize,Hybrid OPV,Minor,5.67,63.1,50.3,44.3,135.0,1320.4,26.3,2.25,12.08,bags_per_acre,Medium
Ashanti,Maize,Pioneer 30G19,Minor,5.72,57.7,152.6,33.7,99.5,1738.6,24.3,0.5,13.41,bags_per_acre,Medium
Brong-Ahafo,Tomato,Pectomech,Minor,6.67,47.2,144.0,53.3,141.7,1238.5,26.7,2.71,2564.3,kg_per_acre,Medium
Northern,Tomato,Local,Minor,6.09,42.2,114.8,36.6,43.9,1021.1,31.5,2.27,1373.6,kg_per_acre,Low
Eastern,Maize,Hybrid OPV,Major,5.93,49.8,96.8,60.1,189.1,1099.1,28.4,7.33,15.46,bags_per_acre,Medium
Ashanti,Tomato,F1 Hybrid,Minor,6.13,43.9,49.7,2.0,149.2,1118.3,26.6,0.98,2345.0,kg_per_acre,Low
Western,Maize,Hybrid OPV,Major,5.34,46.2,185.7,19.7,125.7,1699.7,24.2,5.91,13.85,bags_per_acre,Medium
Brong-Ahafo,Maize,Pioneer 30G19,Major,5.72,62.4,81.8,27.3,85.2,1076.9,27.7,0.99,14.83,bags_per_acre,Medium
Western,Maize,Hybrid OPV,Minor,4.96,29.2,108.0,55.1,43.6,2037.9,25.9,1.27,7.32,bags_per_acre,Low
Northern,Maize,Pioneer 30G19,Major,7.13,57.5,123.0,17.5,103.0,1088.5,31.8,0.5,10.28,bags_per_acre,Low
Eastern,Maize,Hybrid OPV,Major,6.12,29.0,81.6,54.6,61.5,1329.4,26.0,1.32,9.54,bags_per_acre,Low
Western,Tomato,Local,Major,5.79,47.9,105.1,18.1,111.7,1487.6,26.1,0.5,1881.9,kg_per_acre,Low
Volta,Tomato,Local,Major,6.2,51.8,105.3,70.3,97.3,1106.7,26.8,0.58,1996.2,kg_per_acre,Low
Western,Tomato,Local,Major,6.52,78.8,79.5,2.0,92.2,2335.2,24.9,0.56,1584.1,kg_per_acre,Low
Volta,Maize,Hybrid OPV,Major,6.94,48.6,151.0,34.9,148.6,1094.7,27.0,1.41,12.86,bags_per_acre,Medium
Northern,Tomato,Pectomech,Major,6.07,30.3,88.4,31.8,140.4,1090.6,29.5,0.86,1709.1,kg_per_acre,Low
Ashanti,Maize,Hybrid OPV,Major,5.59,20.6,113.6,41.8,36.6,1662.3,29.0,0.5,7.54,bags_per_acre,Low
Ashanti,Tomato,Local,Major,6.46,55.4,159.2,5.5,66.0,1729.7,25.4,3.33,1500.0,kg_per_acre,Low
Brong-Ahafo,Maize,Hybrid OPV,Major,6.0,50.9,92.1,37.5,160.7,1172.4,28.6,3.63,14.47,bags_per_acre,Medium
Ashanti,Tomato,F1 Hybrid,Major,5.91,39.8,123.1,56.4,20.0,1396.0,28.2,2.88,3315.8,kg_per_acre,Medium
Western,Tomato,F1 Hybrid,Minor,6.22,46.2,92.9,63.8,112.3,1708.1,24.1,4.53,4846.2,kg_per_acre,Medium
Eastern,Maize,Pioneer 30G19,Major,5.62,63.2,57.8,2.0,189.8,1224.5,25.3,1.38,10.99,bags_per_acre,Low
Brong-Ahafo,Maize,Hybrid OPV,Major,7.23,44.5,61.3,50.7,169.0,1324.1,30.0,0.5,12.7,bags_per_acre,Medium
Brong-Ahafo,Tomato,Pectomech,Major,6.16,73.4,45.2,39.7,81.6,925.3,28.1,0.63,2762.0,kg_per_acre,Medium
Ashanti,Maize,Hybrid OPV,Major,6.1,63.4,105.3,47.7,133.2,1265.9,24.0,1.66,14.74,bags_per_acre,Medium
Brong-Ahafo,Maize,Pioneer 30G19,Major,6.08,61.7,71.9,69.4,59.1,1400.6,26.1,0.5,14.4,bags_per_acre,Medium
Eastern,Maize,Hybrid OPV,Major,6.64,60.2,115.7,27.2,119.8,1257.7,27.4,0.5,14.13,bags_per_acre,Medium
Eastern,Tomato,Local,Major,6.02,54.7,114.8,44.3,59.0,1083.7,23.7,5.02,2124.0,kg_per_acre,Low
Northern,Tomato,Pectomech,Major,6.52,39.6,111.1,63.1,73.1,783.5,33.9,3.63,1932.7,kg_per_acre,Low
Eastern,Maize,Local,Major,5.68,71.5,116.2,31.4,184.7,1556.7,27.4,0.5,11.23,bags_per_acre,Low
Volta,Maize,Hybrid OPV,Minor,5.93,66.6,143.8,21.9,93.6,1045.1,26.8,0.5,9.63,bags_per_acre,Low
Volta,Maize,Hybrid OPV,Major,5.65,41.1,42.6,8.0,136.7,1210.1,26.6,7.99,6.96,bags_per_acre,Low
Northern,Maize,Local,Minor,5.96,47.9,143.7,29.6,227.4,1100.4,28.6,4.66,5.97,bags_per_acre,Low
Northern,Maize,Local,Minor,7.32,56.5,69.8,36.6,187.1,621.1,29.1,8.05,4.44,bags_per_acre,Low
Ashanti,Maize,Pioneer 30G19,Minor,5.87,73.5,111.1,44.8,29.9,1275.2,23.7,2.3,15.9,bags_per_acre,Medium
Brong-Ahafo,Maize,Hybrid OPV,Major,6.45,43.2,109.5,68.5,184.8,1187.0,28.2,4.2,15.36,bags_per_acre,Medium
Western,Maize,Pioneer 30G19,Major,7.18,80.0,43.5,66.6,108.0,1828.4,25.7,1.99,13.88,bags_per_acre,Medium
Volta,Maize,Local,Minor,6.47,48.8,107.2,5.5,207.1,914.9,29.0,0.5,6.91,bags_per_acre,Low
Eastern,Maize,Local,Major,5.37,60.4,27.3,16.4,139.8,1155.7,26.9,1.97,6.46,bags_per_acre,Low
Eastern,Maize,Local,Major,5.86,26.3,113.8,32.3,125.9,1451.1,26.5,1.19,7.31,bags_per_acre,Low
Eastern,Tomato,F1 Hybrid,Major,5.8,66.3,105.4,44.7,103.5,1300.3,28.3,3.45,4083.2,kg_per_acre,Medium
Ashanti,Tomato,Pectomech,Major,5.64,10.0,67.8,61.2,20.0,1228.7,27.2,4.14,942.8,kg_per_acre,Low
Northern,Tomato,Pectomech,Major,6.24,39.1,128.2,26.5,140.1,870.5,29.5,0.6,2350.1,kg_per_acre,Low
Brong-Ahafo,Maize,Pioneer 30G19,Major,6.51,45.5,99.5,13.5,126.3,1360.0,28.4,3.33,16.58,bags_per_acre,Medium
Volta,Tomato,Pectomech,Major,5.43,42.6,104.7,50.4,77.8,974.6,25.1,3.01,2233.6,kg_per_acre,Low
Western,Maize,Local,Minor,5.57,60.1,81.2,22.1,148.2,2156.0,26.5,1.7,9.0,bags_per_acre,Low
Brong-Ahafo,Maize,Hybrid OPV,Major,5.95,61.8,88.4,2.0,244.0,1269.3,27.1,4.4,10.0,bags_per_acre,Low
Brong-Ahafo,Maize,Hybrid OPV,Major,6.89,51.1,71.0,21.7,116.7,1130.6,28.0,3.77,12.68,bags_per_acre,Medium
Eastern,Tomato,Pectomech,Major,6.03,48.4,63.7,37.3,178.8,1041.8,27.2,6.0,2466.2,kg_per_acre,Low
Brong-Ahafo,Maize,Hybrid OPV,Minor,5.17,22.2,6.8,40.6,89.8,956.9,27.2,2.95,3.7,bags_per_acre,Low
Western,Tomato,Pectomech,Minor,6.29,57.0,97.2,15.9,97.5,2073.9,25.7,0.5,2588.2,kg_per_acre,Medium
Ashanti,Maize,Pioneer 30G19,Minor,5.5,41.8,110.6,38.6,149.3,1488.1,27.5,0.75,17.67,bags_per_acre,Medium
Northern,Maize,Hybrid OPV,Major,6.12,77.2,121.7,32.2,223.5,988.1,27.4,3.21,8.85,bags_per_acre,Low
Western,Tomato,Local,Major,6.32,67.0,93.7,21.6,145.2,1924.6,26.2,0.91,2535.0,kg_per_acre,Medium
Ashanti,Tomato,Local,Major,5.49,26.7,89.8,21.9,116.0,1226.0,28.3,4.06,1183.8,kg_per_acre,Low
Western,Tomato,Local,Major,5.59,69.1,136.3,31.6,89.6,2010.3,27.6,2.07,1949.3,kg_per_acre,Low
Western,Tomato,Local,Major,5.7,49.8,184.0,54.0,79.3,1822.0,25.3,1.26,2339.2,kg_per_acre,Low
Northern,Tomato,Local,Major,7.43,57.8,88.2,57.9,168.4,1214.3,30.9,1.1,1654.1,kg_per_acre,Low
Ashanti,Maize,Hybrid OPV,Minor,6.41,64.2,142.2,35.4,167.5,1344.2,27.0,7.52,13.82,bags_per_acre,Medium
Eastern,Tomato,F1 Hybrid,Minor,5.75,45.7,133.9,39.6,187.5,893.9,27.0,5.43,3181.5,kg_per_acre,Medium
Ashanti,Tomato,Pectomech,Minor,5.3,70.3,102.8,31.7,172.0,1492.0,28.5,0.5,2605.6,kg_per_acre,Medium
Western,Maize,Pioneer 30G19,Major,6.26,37.3,101.4,40.2,84.8,1762.6,23.5,0.86,17.66,bags_per_acre,Medium
Eastern,Tomato,Pectomech,Minor,5.59,61.4,113.3,18.1,243.1,1608.4,27.8,0.68,2456.3,kg_per_acre,Low
Eastern,Maize,Pioneer 30G19,Minor,5.88,60.0,124.1,31.6,20.0,1411.5,25.5,2.33,13.96,bags_per_acre,Medium
Brong-Ahafo,Tomato,F1 Hybrid,Major,6.66,27.5,133.2,48.8,20.0,1202.5,24.2,8.05,2162.9,kg_per_acre,Low
Northern,Maize,Pioneer 30G19,Major,7.11,30.0,90.3,67.2,116.8,1030.3,30.2,0.5,10.74,bags_per_acre,Low
Northern,Tomato,Local,Major,6.19,54.5,133.6,55.6,62.9,814.2,29.3,2.65,1725.9,kg_per_acre,Low
Volta,Tomato,Pectomech,Minor,5.36,46.6,130.2,38.2,158.0,599.8,27.5,1.22,1397.6,kg_per_acre,Low
Western,Tomato,F1 Hybrid,Major,6.5,45.5,140.5,2.0,40.7,2081.4,25.8,1.56,2804.7,kg_per_acre,Medium
Eastern,Maize,Pioneer 30G19,Major,5.72,53.7,35.5,19.7,111.6,1119.7,28.9,2.28,12.04,bags_per_acre,Medium
Eastern,Maize,Hybrid OPV,Minor,6.44,22.2,103.7,51.2,113.9,1186.4,27.2,1.43,8.08,bags_per_acre,Low
Ashanti,Tomato,Pectomech,Major,5.76,57.4,184.0,20.7,107.1,1388.6,27.1,1.42,2950.8,kg_per_acre,Medium
Ashanti,Tomato,F1 Hybrid,Major,5.75,24.1,99.2,34.1,73.3,1212.1,27.8,0.73,2131.5,kg_per_acre,Low
Brong-Ahafo,Maize,Pioneer 30G19,Major,6.49,42.8,78.4,35.2,86.4,1488.5,25.0,2.01,16.59,bags_per_acre,Medium
Ashanti,Maize,Hybrid OPV,Major,6.99,51.3,27.7,27.0,157.5,1495.9,24.9,2.23,12.02,bags_per_acre,Medium
Northern,Maize,Hybrid OPV,Major,6.24,68.0,75.1,66.3,160.2,844.8,31.2,2.64,9.63,bags_per_acre,Low
Eastern,Maize,Local,Major,6.46,70.1,84.4,44.8,80.7,1209.5,26.9,4.55,8.32,bags_per_acre,Low
Western,Maize,Local,Minor,5.42,79.4,110.7,25.0,126.5,2111.2,27.2,0.85,6.53,bags_per_acre,Low
Brong-Ahafo,Tomato,F1 Hybrid,Major,6.95,67.2,5.0,32.4,128.8,1419.0,27.2,0.5,2716.8,kg_per_acre,Medium
Northern,Maize,Local,Minor,6.07,43.6,135.7,67.6,37.1,786.4,26.7,3.68,5.16,bags_per_acre,Low
Northern,Maize,Pioneer 30G19,Major,6.78,67.7,90.4,2.0,143.6,1006.6,28.1,0.87,9.16,bags_per_acre,Low
Ashanti,Tomato,F1 Hybrid,Major,7.08,69.9,98.5,55.5,190.8,1298.5,25.3,2.09,4760.4,kg_per_acre,Medium
Ashanti,Tomato,Local,Major,6.08,67.4,97.0,8.3,107.3,1423.7,25.8,0.5,1749.0,kg_per_acre,Low
Brong-Ahafo,Tomato,Local,Major,6.73,46.5,31.0,31.7,82.9,1278.7,28.4,3.78,1449.4,kg_per_acre,Low
Western,Maize,Local,Minor,6.29,57.0,207.4,14.4,35.9,1713.5,23.4,0.85,7.4,bags_per_acre,Low
Volta,Maize,Hybrid OPV,Minor,5.92,26.2,94.7,30.9,238.4,1358.3,29.1,0.5,7.81,bags_per_acre,Low
Northern,Maize,Pioneer 30G19,Major,6.29,36.3,115.1,40.2,129.8,966.8,28.5,0.63,11.29,bags_per_acre,Low
Volta,Maize,Local,Minor,6.56,68.0,79.7,66.5,122.2,898.4,29.6,0.5,9.64,bags_per_acre,Low
Western,Maize,Pioneer 30G19,Major,6.01,44.9,98.2,32.8,182.4,1981.8,25.4,2.4,16.33,bags_per_acre,Medium
Eastern,Tomato,Local,Minor,5.37,27.9,165.3,21.3,207.7,1262.4,25.2,0.81,1149.2,kg_per_acre,Low
Northern,Tomato,Pectomech,Minor,7.38,56.0,112.7,40.5,142.7,943.4,26.6,1.77,1973.2,kg_per_acre,Low
Northern,Maize,Pioneer 30G19,Major,5.6,53.6,103.3,41.5,114.4,938.0,30.2,1.89,12.95,bags_per_acre,Medium
Brong-Ahafo,Maize,Local,Minor,6.06,45.6,78.6,45.6,156.1,1535.2,24.9,0.89,10.23,bags_per_acre,Low
Western,Maize,Pioneer 30G19,Minor,5.65,65.0,74.5,2.0,185.2,1733.2,25.5,4.99,12.94,bags_per_acre,Medium
Volta,Maize,Local,Minor,5.19,62.4,156.1,22.3,123.6,1167.3,30.4,0.5,7.16,bags_per_acre,Low
Volta,Maize,Hybrid OPV,Minor,6.14,58.2,183.2,2.0,154.5,1288.7,28.1,2.41,9.06,bags_per_acre,Low
Northern,Maize,Hybrid OPV,Major,6.5,56.1,86.9,14.6,150.6,728.8,29.0,0.5,7.95,bags_per_acre,Low
Northern,Maize,Hybrid OPV,Minor,7.02,45.4,145.8,21.6,114.1,726.4,31.7,0.6,7.34,bags_per_acre,Low
Ashanti,Maize,Hybrid OPV,Minor,6.53,19.9,34.0,35.3,153.0,1552.5,26.8,3.45,6.71,bags_per_acre,Low
Volta,Maize,Hybrid OPV,Minor,6.21,54.0,112.5,25.2,118.2,1225.6,28.2,2.47,10.7,bags_per_acre,Low
Eastern,Maize,Local,Minor,6.36,56.8,94.2,19.5,194.1,1495.7,28.5,0.5,8.67,bags_per_acre,Low
Volta,Tomato,Local,Minor,5.82,55.7,44.3,38.6,105.9,906.4,25.8,3.46,1306.7,kg_per_acre,Low
Western,Tomato,F1 Hybrid,Major,6.7,47.7,11.1,40.8,50.6,1897.9,26.4,2.86,2677.4,kg_per_acre,Medium
Brong-Ahafo,Maize,Local,Minor,6.49,72.3,70.0,45.6,73.3,1591.3,28.6,1.44,7.9,bags_per_acre,Low
Northern,Tomato,Pectomech,Major,6.68,68.0,82.4,2.0,33.9,746.7,29.7,0.9,1098.3,kg_per_acre,Low
Brong-Ahafo,Maize,Local,Minor,5.18,59.3,45.7,37.0,100.1,1027.6,26.0,1.09,6.71,bags_per_acre,Low
Brong-Ahafo,Maize,Local,Minor,5.88,39.2,17.5,14.3,264.3,1297.5,30.1,0.92,6.08,bags_per_acre,Low
Eastern,Tomato,F1 Hybrid,Major,5.7,53.8,137.9,25.6,151.3,1268.7,26.9,2.11,3938.3,kg_per_acre,Medium
Volta,Tomato,Local,Minor,6.58,73.1,101.4,17.2,181.0,1118.3,27.4,10.78,1526.7,kg_per_acre,Low
Brong-Ahafo,Tomato,Pectomech,Minor,5.86,64.3,93.7,48.5,63.8,1431.1,26.4,0.5,2552.0,kg_per_acre,Medium
Volta,Tomato,F1 Hybrid,Major,6.24,19.6,93.4,38.2,64.9,1141.9,27.8,3.26,1796.9,kg_per_acre,Low
Brong-Ahafo,Tomato,Local,Major,6.84,18.2,127.1,33.2,209.3,1067.6,25.1,1.05,1188.2,kg_per_acre,Low
Eastern,Maize,Local,Major,6.09,63.0,104.0,31.0,162.5,1340.2,28.0,1.55,10.27,bags_per_acre,Low
Ashanti,Tomato,Pectomech,Minor,6.26,24.5,27.8,72.3,90.1,1436.0,24.3,0.83,1604.7,kg_per_acre,Low
Brong-Ahafo,Maize,Pioneer 30G19,Major,6.17,43.3,146.6,26.8,149.3,1003.0,27.6,13.13,17.55,bags_per_acre,Medium
Eastern,Maize,Local,Major,5.97,61.8,109.2,25.6,202.4,1334.3,26.3,7.3,12.27,bags_per_acre,Medium
Western,Maize,Local,Major,5.46,42.8,58.6,47.0,52.4,1880.1,22.5,0.67,8.78,bags_per_acre,Low
Brong-Ahafo,Tomato,Pectomech,Minor,6.08,51.7,7.8,17.2,155.5,1228.7,26.8,1.47,1494.9,kg_per_acre,Low
Eastern,Maize,Pioneer 30G19,Major,6.48,48.8,96.2,16.1,181.2,1442.9,25.1,0.76,18.83,bags_per_acre,Medium
Western,Maize,Pioneer 30G19,Major,5.7,38.2,93.7,3.7,137.9,1991.7,23.9,1.33,11.9,bags_per_acre,Low
Northern,Maize,Hybrid OPV,Major,7.25,51.1,45.0,9.6,173.2,997.0,31.8,8.1,6.96,bags_per_acre,Low
Ashanti,Tomato,F1 Hybrid,Major,5.21,33.7,86.1,2.0,74.6,1294.5,24.5,2.15,1383.8,kg_per_acre,Low
Brong-Ahafo,Maize,Local,Minor,7.35,45.1,78.9,26.1,143.1,1294.1,28.8,4.58,8.46,bags_per_acre,Low
Volta,Tomato,Local,Minor,6.43,37.2,75.8,35.7,88.1,1192.7,27.1,1.03,1453.3,kg_per_acre,Low
Ashanti,Maize,Hybrid OPV,Major,6.3,62.5,78.1,62.5,121.7,1422.6,26.2,0.98,14.98,bags_per_acre,Medium
Volta,Maize,Pioneer 30G19,Major,6.12,50.2,58.3,30.3,37.4,1180.7,29.7,3.05,13.94,bags_per_acre,Medium
Eastern,Maize,Hybrid OPV,Minor,6.56,58.0,111.0,31.6,173.6,1351.4,27.0,0.5,11.47,bags_per_acre,Low
Ashanti,Tomato,Local,Major,6.1,38.4,28.0,40.2,190.7,1485.5,26.5,2.92,1672.4,kg_per_acre,Low
Eastern,Maize,Pioneer 30G19,Major,6.21,65.2,76.9,26.4,83.0,1459.3,26.9,0.53,16.4,bags_per_acre,Medium
Western,Tomato,Pectomech,Minor,5.98,23.8,27.2,22.3,141.4,1747.4,28.0,3.17,1373.6,kg_per_acre,Low
Eastern,Tomato,Pectomech,Major,5.26,53.8,140.2,13.6,27.0,1047.3,26.7,1.18,1927.5,kg_per_acre,Low
Brong-Ahafo,Tomato,F1 Hybrid,Major,5.87,47.0,37.3,48.5,159.1,1152.7,23.7,3.22,3399.2,kg_per_acre,Medium
Eastern,Tomato,Local,Major,5.59,50.6,111.3,36.7,189.7,1172.2,25.2,2.61,1901.6,kg_per_acre,Low
Volta,Tomato,F1 Hybrid,Major,6.71,55.5,109.1,27.6,216.4,1199.3,27.9,0.93,3662.5,kg_per_acre,Medium
Northern,Tomato,Local,Major,7.26,77.5,47.0,46.9,106.3,667.1,31.7,1.14,1156.8,kg_per_acre,Low
Western,Maize,Pioneer 30G19,Minor,6.08,29.2,121.9,23.9,130.7,1779.6,23.9,2.59,12.09,bags_per_acre,Medium
Western,Maize,Pioneer 30G19,Minor,5.72,44.1,140.0,16.3,90.1,1603.0,24.1,0.5,16.29,bags_per_acre,Medium
Western,Tomato,Local,Major,7.06,61.0,64.5,36.3,132.0,2170.9,25.9,1.69,2592.4,kg_per_acre,Medium
Northern,Tomato,Pectomech,Major,7.06,69.1,148.9,64.7,76.3,1116.7,29.0,0.5,2601.4,kg_per_acre,Medium
Brong-Ahafo,Tomato,F1 Hybrid,Major,6.55,58.1,17.4,41.3,56.9,998.7,25.5,2.35,2578.6,kg_per_acre,Medium
Northern,Tomato,Local,Major,7.13,52.7,85.5,54.0,184.9,492.4,30.5,2.62,1056.5,kg_per_acre,Low
Volta,Maize,Pioneer 30G19,Major,5.27,70.7,103.5,11.2,91.2,1262.2,27.5,1.3,11.55,bags_per_acre,Low
Ashanti,Tomato,Pectomech,Minor,6.21,43.3,125.2,35.0,151.7,1227.6,25.6,2.88,2737.8,kg_per_acre,Medium
Western,Maize,Hybrid OPV,Major,5.25,43.5,99.7,25.6,163.7,1584.7,23.7,1.58,11.25,bags_per_acre,Low
Northern,Maize,Hybrid OPV,Major,6.57,48.9,104.4,62.9,175.0,968.5,26.6,1.63,10.44,bags_per_acre,Low
Northern,Tomato,F1 Hybrid,Major,5.73,51.5,117.0,2.0,202.8,918.4,27.1,2.72,2316.6,kg_per_acre,Low
Ashanti,Maize,Pioneer 30G19,Major,6.13,66.7,156.6,55.3,28.8,1169.7,25.6,0.5,18.38,bags_per_acre,Medium
Northern,Tomato,F1 Hybrid,Minor,6.87,35.0,27.1,36.3,36.7,718.2,30.6,1.05,1387.6,kg_per_acre,Low
Brong-Ahafo,Maize,Pioneer 30G19,Major,6.4,56.7,34.1,12.6,96.1,1203.7,26.7,0.5,12.39,bags_per_acre,Medium
Northern,Maize,Hybrid OPV,Major,6.42,39.5,137.0,14.6,147.5,957.9,28.1,3.09,8.97,bags_per_acre,Low
Ashanti,Maize,Local,Major,5.26,69.2,103.5,26.7,164.8,1808.7,26.8,0.5,9.28,bags_per_acre,Low
Northern,Maize,Pioneer 30G19,Major,6.37,60.3,86.0,56.7,197.8,1067.8,28.7,1.59,12.44,bags_per_acre,Medium
Western,Maize,Hybrid OPV,Major,5.92,44.6,70.5,14.5,124.9,1761.5,26.4,0.63,12.77,bags_per_acre,Medium
Volta,Maize,Local,Minor,5.46,81.9,55.9,29.9,135.4,1083.3,26.8,4.41,6.7,bags_per_acre,Low
Western,Tomato,F1 Hybrid,Minor,6.0,43.3,70.6,22.3,279.8,1933.6,26.9,0.93,3563.3,kg_per_acre,Medium
Western,Tomato,Pectomech,Minor,5.39,63.8,17.5,14.9,69.0,1844.7,26.6,1.43,1524.5,kg_per_acre,Low
Ashanti,Tomato,Local,Minor,5.84,51.7,82.6,28.6,134.2,1350.9,28.7,0.5,1518.0,kg_per_acre,Low
Volta,Tomato,Pectomech,Major,5.23,46.5,172.6,48.3,118.5,1208.2,27.0,1.29,2025.8,kg_per_acre,Low
Northern,Maize,Hybrid OPV,Major,5.49,62.9,35.5,63.2,149.6,1034.3,28.5,4.7,7.25,bags_per_acre,Low
Western,Tomato,Local,Minor,5.81,61.3,71.4,52.0,142.0,1497.1,27.4,0.5,2168.6,kg_per_acre,Low
Western,Maize,Local,Major,6.6,65.9,65.8,45.0,159.6,1941.3,23.3,0.76,11.55,bags_per_acre,Low
Brong-Ahafo,Maize,Pioneer 30G19,Minor,6.65,69.6,39.1,49.3,22.9,1185.7,28.9,6.27,10.94,bags_per_acre,Low
Volta,Tomato,F1 Hybrid,Major,6.54,49.8,128.0,41.2,135.8,1052.3,27.4,2.71,3860.5,kg_per_acre,Medium
Northern,Maize,Hybrid OPV,Minor,6.59,27.7,66.6,18.1,225.2,916.5,29.1,6.53,5.42,bags_per_acre,Low
Brong-Ahafo,Maize,Hybrid OPV,Minor,6.96,58.3,80.3,42.0,242.0,1320.6,26.2,6.92,12.47,bags_per_acre,Medium
Northern,Maize,Local,Major,6.0,72.3,171.7,47.2,211.8,1022.2,29.2,1.42,7.29,bags_per_acre,Low
Volta,Maize,Local,Major,5.68,67.8,66.1,24.0,111.7,1084.3,29.2,2.61,7.56,bags_per_acre,Low
Northern,Maize,Hybrid OPV,Major,6.52,77.5,100.7,11.4,31.5,1077.0,29.4,3.49,5.97,bags_per_acre,Low
Western,Maize,Local,Major,5.86,17.3,156.9,43.8,197.5,1452.3,27.7,2.56,9.07,bags_per_acre,Low
Western,Maize,Pioneer 30G19,Major,5.81,30.0,19.2,42.3,108.9,1844.5,25.8,0.5,10.28,bags_per_acre,Low
Western,Tomato,F1 Hybrid,Minor,5.46,65.7,73.1,24.2,20.0,1571.3,24.5,3.59,2509.3,kg_per_acre,Medium
Eastern,Tomato,Local,Minor,5.68,62.3,36.7,35.3,118.4,1306.4,24.3,0.96,1474.3,kg_per_acre,Low
Western,Tomato,Local,Minor,5.04,33.6,94.3,25.0,111.2,2024.8,26.9,1.18,1166.7,kg_per_acre,Low
Eastern,Tomato,Local,Major,6.27,76.0,148.3,67.1,160.6,1269.8,26.3,1.07,2346.9,kg_per_acre,Low
Northern,Maize,Pioneer 30G19,Major,5.73,74.2,117.0,17.1,111.9,939.8,27.0,0.5,10.85,bags_per_acre,Low
Eastern,Maize,Hybrid OPV,Minor,6.32,78.6,128.5,20.6,127.2,1561.9,25.1,2.36,10.87,bags_per_acre,Low
Eastern,Maize,Pioneer 30G19,Minor,5.28,37.2,72.9,17.3,204.2,1180.1,27.5,2.6,11.94,bags_per_acre,Low
Northern,Maize,Local,Major,6.0,15.6,103.7,56.7,44.9,1016.6,29.0,0.5,3.88,bags_per_acre,Low
Ashanti,Maize,Pioneer 30G19,Major,6.55,61.1,46.3,28.7,196.7,1425.5,30.0,0.5,17.46,bags_per_acre,Medium
Eastern,Maize,Local,Minor,5.53,55.2,79.2,2.0,179.0,1447.4,25.4,0.87,6.18,bags_per_acre,Low
Western,Tomato,Local,Major,7.07,32.1,122.7,14.7,94.8,1664.3,26.5,2.38,1668.2,kg_per_acre,Low
Volta,Maize,Local,Minor,5.64,33.6,66.3,36.5,98.5,1049.9,28.8,2.39,6.26,bags_per_acre,Low
Northern,Maize,Pioneer 30G19,Major,6.06,70.3,73.8,19.0,147.6,886.4,29.9,8.67,12.57,bags_per_acre,Medium
Ashanti,Tomato,Pectomech,Minor,5.62,56.3,151.4,21.9,109.2,1449.8,24.6,0.5,2302.0,kg_per_acre,Low
Northern,Maize,Hybrid OPV,Major,7.35,45.0,156.5,17.6,208.7,928.1,31.4,2.85,10.07,bags_per_acre,Low
Ashanti,Maize,Pioneer 30G19,Minor,6.85,47.5,154.6,54.9,152.4,1481.5,24.4,2.4,18.51,bags_per_acre,Medium
Western,Maize,Local,Major,6.08,56.3,59.4,58.4,93.8,1901.7,25.3,4.12,9.44,bags_per_acre,Low
Brong-Ahafo,Tomato,Pectomech,Major,6.85,32.7,90.8,13.6,127.2,1163.8,27.1,1.37,1861.0,kg_per_acre,Low
Brong-Ahafo,Tomato,Local,Minor,7.16,50.5,118.0,48.5,93.4,1105.8,29.5,0.96,1856.5,kg_per_acre,Low
Ashanti,Maize,Pioneer 30G19,Major,5.87,57.9,82.4,46.1,128.1,1228.9,25.2,0.92,17.73,bags_per_acre,Medium
Northern,Maize,Local,Major,5.94,57.4,54.2,40.4,89.5,602.7,30.0,5.61,4.3,bags_per_acre,Low
Ashanti,Tomato,Local,Major,6.38,47.6,87.6,44.9,146.0,1040.8,24.8,3.33,2451.3,kg_per_acre,Low
Ashanti,Maize,Local,Minor,6.39,48.2,66.1,63.4,225.6,1576.2,26.6,3.09,8.89,bags_per_acre,Low
Volta,Maize,Local,Major,6.43,66.8,50.2,38.9,151.1,1038.0,28.5,1.44,9.59,bags_per_acre,Low
Brong-Ahafo,Tomato,F1 Hybrid,Minor,6.31,35.8,94.9,63.6,139.3,1066.6,29.4,3.58,3325.1,kg_per_acre,Medium
Brong-Ahafo,Maize,Local,Minor,6.06,52.1,102.1,23.2,140.6,1177.0,27.1,1.78,8.95,bags_per_acre,Low
Western,Tomato,F1 Hybrid,Major,5.75,41.7,87.5,7.8,52.1,2086.2,23.4,6.01,2944.9,kg_per_acre,Medium
Western,Tomato,Local,Major,5.71,68.1,120.1,28.3,107.7,1907.1,24.8,4.53,2309.1,kg_per_acre,Low
Western,Tomato,Pectomech,Minor,5.3,62.8,33.4,7.6,126.3,1921.4,27.0,0.77,1702.1,kg_per_acre,Low
Ashanti,Tomato,F1 Hybrid,Minor,6.35,33.8,155.2,2.8,116.6,1478.2,25.5,2.72,2110.3,kg_per_acre,Low
Western,Maize,Pioneer 30G19,Minor,6.27,43.6,5.0,62.2,171.8,1416.6,24.9,2.48,13.34,bags_per_acre,Medium
Ashanti,Tomato,Local,Major,6.12,65.5,71.2,35.6,115.9,1109.6,27.9,3.39,2537.3,kg_per_acre,Medium
Volta,Tomato,F1 Hybrid,Minor,4.55,45.2,147.2,44.0,71.0,1039.9,26.9,0.85,1216.6,kg_per_acre,Low
Ashanti,Tomato,Pectomech,Major,5.86,39.8,98.7,28.5,145.4,1582.9,24.9,2.49,3051.2,kg_per_acre,Medium
Eastern,Tomato,F1 Hybrid,Major,5.5,42.3,79.0,34.3,166.1,1346.4,28.6,0.5,3371.8,kg_per_acre,Medium
Brong-Ahafo,Maize,Hybrid OPV,Major,7.18,49.5,36.9,25.0,171.6,1310.4,26.9,1.76,11.36,bags_per_acre,Low
Brong-Ahafo,Maize,Hybrid OPV,Major,6.45,78.2,157.3,28.2,267.7,1203.9,25.8,1.96,12.62,bags_per_acre,Medium
Brong-Ahafo,Maize,Pioneer 30G19,Minor,6.98,56.1,25.7,45.1,66.0,1425.1,26.0,1.2,14.28,bags_per_acre,Medium
Brong-Ahafo,Tomato,F1 Hybrid,Minor,3.96,35.3,18.9,57.9,181.2,1244.6,27.4,0.5,919.6,kg_per_acre,Low
Northern,Tomato,Pectomech,Major,5.76,60.4,26.3,63.8,140.1,775.4,31.2,2.53,2163.5,kg_per_acre,Low
Volta,Tomato,Pectomech,Major,5.3,65.5,142.0,30.4,85.0,933.0,27.8,4.4,2305.2,kg_per_acre,Low
Western,Tomato,Local,Minor,6.05,71.6,114.3,2.0,201.8,1829.7,25.7,3.6,1721.4,kg_per_acre,Low
Ashanti,Maize,Pioneer 30G19,Minor,5.7,32.8,20.5,2.0,161.9,1426.6,25.8,0.55,6.75,bags_per_acre,Low
Northern,Tomato,F1 Hybrid,Major,6.64,68.6,5.0,44.8,104.7,964.5,28.2,2.99,2417.3,kg_per_acre,Low
Volta,Maize,Local,Major,5.16,51.8,172.7,38.9,170.0,1248.8,27.4,1.95,8.28,bags_per_acre,Low
Brong-Ahafo,Tomato,Local,Minor,5.14,61.0,86.3,14.1,140.6,969.6,27.1,1.43,979.7,kg_per_acre,Low
Volta,Tomato,Local,Major,6.47,44.1,55.9,9.8,131.8,879.4,27.9,0.5,1547.6,kg_per_acre,Low
Ashanti,Tomato,Local,Minor,6.33,64.2,50.2,43.4,82.9,1417.6,24.6,0.5,1527.9,kg_per_acre,Low
Volta,Maize,Local,Minor,6.94,68.1,58.6,2.0,146.3,1223.8,26.2,0.5,5.64,bags_per_acre,Low
Eastern,Tomato,Pectomech,Minor,6.1,45.0,99.1,60.0,150.7,1269.7,28.7,0.5,3001.3,kg_per_acre,Medium
Ashanti,Maize,Pioneer 30G19,Major,5.69,65.2,112.1,20.8,31.7,1180.3,25.5,6.68,17.36,bags_per_acre,Medium
Eastern,Maize,Local,Major,5.72,79.6,87.1,33.3,81.3,1540.1,26.2,0.71,9.58,bags_per_acre,Low
Eastern,Tomato,Local,Major,5.99,39.4,127.1,24.8,84.6,1280.8,27.4,2.24,1594.5,kg_per_acre,Low
Brong-Ahafo,Maize,Pioneer 30G19,Major,6.31,46.8,47.1,51.6,168.9,983.1,27.9,4.78,16.84,bags_per_acre,Medium
Eastern,Tomato,F1 Hybrid,Minor,5.03,49.1,43.7,64.4,105.3,1065.5,26.7,0.89,2502.2,kg_per_acre,Medium
Brong-Ahafo,Tomato,F1 Hybrid,Major,6.14,34.9,119.1,2.0,186.4,1383.3,22.8,1.27,2731.5,kg_per_acre,Medium
Brong-Ahafo,Tomato,Pectomech,Major,6.04,22.2,127.4,56.9,231.1,1267.5,26.8,2.92,2201.7,kg_per_acre,Low
Ashanti,Maize,Hybrid OPV,Major,5.9,87.0,101.7,53.0,237.8,1602.9,25.8,0.5,11.11,bags_per_acre,Low
Brong-Ahafo,Maize,Hybrid OPV,Minor,5.35,74.6,153.0,35.4,202.8,1111.7,24.4,1.32,10.52,bags_per_acre,Low
Ashanti,Maize,Local,Minor,5.51,31.3,64.9,52.2,182.4,1492.4,27.6,3.37,7.86,bags_per_acre,Low
Ashanti,Tomato,F1 Hybrid,Major,5.74,52.5,63.1,39.5,34.2,1301.7,24.9,2.94,3352.6,kg_per_acre,Medium
Ashanti,Maize,Hybrid OPV,Major,5.69,51.4,72.8,21.2,52.7,1385.0,24.2,0.58,12.51,bags_per_acre,Medium
Brong-Ahafo,Tomato,Pectomech,Major,5.32,71.4,112.3,16.0,129.4,1228.5,27.1,1.41,2509.6,kg_per_acre,Medium
Ashanti,Tomato,Pectomech,Major,6.14,56.4,22.4,15.4,281.5,1345.0,27.6,1.67,2221.2,kg_per_acre,Low
Ashanti,Maize,Local,Major,5.45,59.3,119.9,29.2,243.0,1342.5,25.8,0.5,10.38,bags_per_acre,Low
Ashanti,Maize,Hybrid OPV,Minor,6.6,30.4,97.0,43.2,119.7,1327.2,26.0,2.18,10.78,bags_per_acre,Low
Brong-Ahafo,Tomato,Pectomech,Major,4.89,62.5,178.8,47.1,118.8,1191.2,26.6,0.5,1867.1,kg_per_acre,Low
Northern,Maize,Hybrid OPV,Major,6.48,83.7,69.6,38.9,179.9,939.2,29.9,0.5,7.63,bags_per_acre,Low
Western,Maize,Local,Major,5.36,45.2,49.7,12.7,244.8,1861.4,28.0,1.02,7.3,bags_per_acre,Low
Western,Tomato,Pectomech,Major,5.57,49.3,102.5,47.9,222.8,1648.2,27.0,1.62,3650.5,kg_per_acre,Medium
Ashanti,Tomato,Pectomech,Major,5.53,78.2,127.3,30.3,192.5,1200.9,25.3,0.51,2734.7,kg_per_acre,Medium
Volta,Tomato,Local,Major,5.64,33.0,80.6,74.3,84.9,1282.0,30.2,3.48,1401.0,kg_per_acre,Low
Western,Maize,Hybrid OPV,Minor,7.3,78.1,10.8,26.1,263.5,1673.6,28.9,5.64,7.34,bags_per_acre,Low
Volta,Maize,Hybrid OPV,Major,5.49,29.1,161.2,28.9,120.8,1379.2,27.1,0.91,9.6,bags_per_acre,Low
Volta,Maize,Local,Major,5.45,70.1,111.3,35.4,129.9,866.5,26.3,0.5,8.9,bags_per_acre,Low
Ashanti,Tomato,F1 Hybrid,Major,6.67,61.4,132.9,75.4,183.2,1459.5,29.0,11.69,5585.3,kg_per_acre,High
Eastern,Maize,Local,Major,6.31,33.5,78.6,22.3,134.8,1246.3,28.6,0.5,7.5,bags_per_acre,Low
Eastern,Maize,Local,Minor,5.0,37.7,31.7,29.5,106.0,1218.3,29.7,2.48,4.44,bags_per_acre,Low
Volta,Tomato,F1 Hybrid,Major,5.8,33.6,73.8,30.2,106.2,1108.5,27.7,2.97,2689.8,kg_per_acre,Medium
Eastern,Tomato,F1 Hybrid,Minor,5.88,42.8,68.4,37.1,128.3,1148.4,27.7,0.5,3649.6,kg_per_acre,Medium
Brong-Ahafo,Maize,Pioneer 30G19,Major,6.95,31.5,150.4,42.6,138.8,1458.4,29.2,4.6,16.84,bags_per_acre,Medium
Brong-Ahafo,Maize,Local,Major,5.99,72.0,106.4,25.0,119.7,1163.5,27.6,3.87,8.75,bags_per_acre,Low
Volta,Tomato,Local,Major,6.3,53.3,62.5,21.7,139.2,1027.6,26.3,1.13,1683.6,kg_per_acre,Low
Ashanti,Maize,Local,Minor,6.12,53.3,118.1,36.9,124.0,1291.3,27.8,9.95,9.24,bags_per_acre,Low
Northern,Maize,Pioneer 30G19,Minor,7.01,71.4,101.2,23.3,190.2,1058.6,31.2,14.39,10.58,bags_per_acre,Low
Volta,Tomato,F1 Hybrid,Major,6.31,74.5,35.1,48.2,192.0,869.6,27.5,0.57,3215.4,kg_per_acre,Medium
Volta,Tomato,F1 Hybrid,Major,5.72,75.3,92.1,53.6,142.8,1303.7,24.8,2.3,3618.1,kg_per_acre,Medium
Volta,Tomato,Local,Major,6.0,38.1,46.6,2.0,110.0,1172.2,28.2,0.5,927.0,kg_per_acre,Low
Volta,Maize,Pioneer 30G19,Major,6.0,47.0,125.7,33.2,151.4,1202.6,26.6,4.04,17.25,bags_per_acre,Medium
Volta,Tomato,Local,Major,6.08,67.4,8.1,7.9,153.6,754.1,26.7,5.67,1104.2,kg_per_acre,Low
Ashanti,Maize,Hybrid OPV,Minor,5.68,65.9,92.3,40.4,214.1,1491.4,27.3,0.5,14.63,bags_per_acre,Medium
Eastern,Tomato,Pectomech,Major,6.63,35.6,36.8,10.0,276.4,1379.0,26.5,0.5,1905.0,kg_per_acre,Low
Western,Tomato,Local,Major,5.56,54.4,61.2,49.1,114.4,2031.6,26.6,4.79,2378.1,kg_per_acre,Low
Northern,Tomato,Local,Major,6.6,51.7,207.5,21.7,92.8,997.2,28.6,2.59,1481.4,kg_per_acre,Low
Eastern,Tomato,Pectomech,Major,6.19,56.0,46.5,34.4,120.4,1228.5,27.0,0.5,2533.3,kg_per_acre,Medium
Eastern,Tomato,F1 Hybrid,Major,5.98,79.7,123.2,18.9,149.3,1436.7,25.1,1.11,3826.0,kg_per_acre,Medium
Northern,Tomato,Pectomech,Minor,6.75,53.4,63.6,35.1,90.7,790.7,29.0,5.88,1843.0,kg_per_acre,Low
Western,Tomato,Pectomech,Minor,6.5,75.8,62.6,51.0,172.1,2036.2,26.5,0.5,2553.3,kg_per_acre,Medium
Western,Maize,Pioneer 30G19,Minor,5.58,44.5,83.2,67.7,119.9,1795.6,25.1,1.95,17.93,bags_per_acre,Medium
Volta,Maize,Local,Major,6.06,36.4,136.6,62.8,150.3,947.8,26.5,4.04,7.71,bags_per_acre,Low
Ashanti,Tomato,F1 Hybrid,Minor,6.05,57.8,102.9,60.7,201.2,1498.0,27.8,0.5,4368.0,kg_per_acre,Medium
Eastern,Maize,Hybrid OPV,Major,5.84,57.8,121.3,3.3,146.2,1049.6,27.3,2.31,9.79,bags_per_acre,Low
Northern,Maize,Pioneer 30G19,Minor,6.58,49.4,138.4,27.5,150.3,787.4,28.5,4.68,9.52,bags_per_acre,Low
Western,Maize,Local,Minor,5.51,30.8,69.3,47.4,206.6,1824.4,27.8,0.7,6.74,bags_per_acre,Low
Western,Tomato,Pectomech,Minor,5.08,74.5,73.9,51.4,210.2,1817.9,24.0,10.74,1872.3,kg_per_acre,Low
Eastern,Tomato,F1 Hybrid,Major,5.85,45.7,84.1,41.1,164.1,1765.2,24.9,1.21,4263.5,kg_per_acre,Medium
Ashanti,Maize,Pioneer 30G19,Minor,5.35,33.7,132.3,53.8,164.8,1415.8,22.9,0.5,14.3,bags_per_acre,Medium
Northern,Tomato,Pectomech,Minor,6.93,63.0,148.0,34.7,98.9,849.9,30.5,1.74,2070.2,kg_per_acre,Low
Volta,Tomato,Pectomech,Minor,5.98,55.2,55.1,55.0,119.9,1251.8,28.2,2.11,2074.2,kg_per_acre,Low
Brong-Ahafo,Maize,Hybrid OPV,Major,6.88,75.7,125.1,62.0,239.7,1234.6,24.8,0.5,13.9,bags_per_acre,Medium
Eastern,Maize,Hybrid OPV,Major,5.42,47.4,53.5,49.4,114.7,1458.9,26.5,0.5,11.92,bags_per_acre,Low
Western,Tomato,Local,Major,5.97,51.9,74.1,7.3,184.3,1629.4,24.6,0.5,2097.4,kg_per_acre,Low
Eastern,Maize,Hybrid OPV,Minor,5.51,42.3,11.8,59.4,153.7,1227.4,26.0,2.76,8.52,bags_per_acre,Low
Ashanti,Maize,Local,Major,6.46,43.9,95.8,22.7,91.0,1461.7,25.3,1.15,8.23,bags_per_acre,Low
Western,Maize,Local,Major,6.45,33.1,40.5,54.2,54.4,1760.6,25.6,0.65,7.88,bags_per_acre,Low
Northern,Tomato,Pectomech,Minor,4.9,56.5,127.4,39.5,170.0,950.0,27.6,4.76,1217.4,kg_per_acre,Low
Western,Tomato,Local,Minor,6.2,85.1,58.5,41.6,33.4,1899.9,24.5,0.5,1456.7,kg_per_acre,Low
Eastern,Maize,Pioneer 30G19,Major,5.64,55.0,40.7,41.8,127.5,1278.0,28.2,1.17,13.97,bags_per_acre,Medium
Western,Tomato,F1 Hybrid,Minor,5.84,41.1,53.5,49.0,176.5,1932.8,28.1,1.29,3575.3,kg_per_acre,Medium
Western,Maize,Hybrid OPV,Minor,4.61,48.0,89.5,66.7,182.6,1671.8,26.4,0.5,8.09,bags_per_acre,Low
Brong-Ahafo,Tomato,Pectomech,Minor,6.49,61.8,113.7,18.0,195.1,1328.5,26.6,0.67,2413.8,kg_per_acre,Low
Northern,Maize,Local,Major,6.0,81.5,99.9,26.6,165.5,1020.1,30.5,0.5,5.67,bags_per_acre,Low
Ashanti,Tomato,Local,Minor,5.45,55.3,138.7,24.7,90.5,1358.5,28.3,3.97,1611.0,kg_per_acre,Low
Western,Tomato,F1 Hybrid,Major,5.88,61.5,70.0,2.0,105.2,1889.5,27.3,0.95,2750.3,kg_per_acre,Medium
Northern,Maize,Local,Major,6.69,53.0,85.5,48.6,173.4,975.0,27.9,1.42,6.63,bags_per_acre,Low
Western,Tomato,F1 Hybrid,Minor,5.92,53.4,104.4,38.2,247.5,2055.6,25.9,0.5,4249.3,kg_per_acre,Medium
Western,Tomato,Pectomech,Minor,6.36,57.5,45.3,34.2,183.4,1523.2,26.8,2.87,3446.9,kg_per_acre,Medium
Northern,Maize,Pioneer 30G19,Minor,6.8,34.6,176.6,61.3,184.1,705.3,29.8,0.54,9.31,bags_per_acre,Low
Eastern,Tomato,Local,Major,5.29,79.9,64.1,46.8,57.2,1667.1,25.3,1.53,1459.0,kg_per_acre,Low
Volta,Tomato,Pectomech,Major,5.56,42.1,60.8,31.8,223.1,1282.7,26.9,9.97,2426.4,kg_per_acre,Low
Northern,Tomato,Pectomech,Minor,7.21,65.7,128.1,2.0,93.5,817.6,28.2,0.5,1594.4,kg_per_acre,Low
Eastern,Maize,Hybrid OPV,Major,5.33,67.9,169.2,58.1,150.7,1288.9,26.5,1.41,12.47,bags_per_acre,Medium
Volta,Maize,Pioneer 30G19,Minor,6.48,34.7,149.1,7.4,169.0,1217.4,29.4,1.49,9.55,bags_per_acre,Low
Brong-Ahafo,Maize,Hybrid OPV,Minor,4.37,43.1,86.7,46.3,115.2,1255.6,23.9,1.28,4.55,bags_per_acre,Low
Brong-Ahafo,Tomato,F1 Hybrid,Major,6.23,57.1,217.5,61.9,168.6,1054.0,27.4,2.11,4170.3,kg_per_acre,Medium
Eastern,Tomato,Pectomech,Minor,5.62,54.6,93.3,19.3,175.8,1052.5,28.6,0.83,2369.3,kg_per_acre,Low
Ashanti,Maize,Hybrid OPV,Major,6.26,72.6,84.5,54.1,218.7,1636.7,29.0,0.68,15.24,bags_per_acre,Medium
Volta,Tomato,Local,Major,6.21,40.4,139.3,5.8,156.7,944.1,26.6,0.5,1466.5,kg_per_acre,Low
Brong-Ahafo,Tomato,Pectomech,Minor,6.2,54.4,86.1,43.8,86.5,1213.7,26.5,4.91,2455.4,kg_per_acre,Low
Eastern,Tomato,Pectomech,Major,6.25,47.4,162.4,3.8,125.6,1216.9,28.3,2.25,2346.0,kg_per_acre,Low
Brong-Ahafo,Tomato,Pectomech,Major,6.07,29.4,99.8,16.6,48.1,997.8,27.7,10.69,1850.3,kg_per_acre,Low
Brong-Ahafo,Maize,Pioneer 30G19,Minor,6.12,56.8,46.6,60.4,20.0,1186.1,28.9,0.5,10.47,bags_per_acre,Low
Volta,Maize,Pioneer 30G19,Major,5.97,95.0,139.7,16.0,171.0,1110.2,26.6,0.95,10.32,bags_per_acre,Low
Northern,Maize,Hybrid OPV,Minor,6.69,40.3,117.7,23.2,171.2,861.6,26.9,3.84,7.2,bags_per_acre,Low
Ashanti,Tomato,Pectomech,Major,5.93,58.2,112.3,32.3,152.2,1301.1,28.5,1.05,3103.7,kg_per_acre,Medium
Volta,Tomato,Pectomech,Major,5.49,47.3,39.9,20.2,88.5,954.2,28.6,2.17,1629.0,kg_per_acre,Low
Western,Tomato,Pectomech,Minor,5.33,48.0,34.5,32.8,139.5,1810.1,27.8,1.77,2129.3,kg_per_acre,Low
Brong-Ahafo,Tomato,Local,Major,7.36,63.5,121.6,38.4,101.1,1321.8,24.9,0.5,1890.7,kg_per_acre,Low
Ashanti,Tomato,F1 Hybrid,Minor,6.49,42.8,84.8,41.8,196.2,1539.6,27.7,0.5,3704.5,kg_per_acre,Medium
Volta,Tomato,F1 Hybrid,Major,5.57,56.1,23.2,37.7,163.2,896.4,27.2,0.5,2769.9,kg_per_acre,Medium
Eastern,Maize,Hybrid OPV,Minor,7.15,52.4,142.9,45.3,177.2,1419.9,28.5,0.5,13.42,bags_per_acre,Medium
Western,Tomato,Local,Minor,5.19,51.5,80.3,22.4,143.3,1777.8,26.8,1.82,1640.5,kg_per_acre,Low
Northern,Tomato,F1 Hybrid,Minor,6.0,29.6,142.0,8.3,162.1,1182.0,27.8,1.32,1720.1,kg_per_acre,Low
Volta,Tomato,Pectomech,Major,6.98,52.9,49.3,64.5,47.7,558.3,29.0,0.56,1715.7,kg_per_acre,Low
Ashanti,Tomato,Pectomech,Major,5.75,49.7,59.4,12.4,147.0,1170.8,25.9,2.99,2257.0,kg_per_acre,Low
Northern,Maize,Pioneer 30G19,Major,6.04,51.3,96.9,72.9,24.6,895.1,29.0,5.31,11.7,bags_per_acre,Low
Ashanti,Maize,Local,Major,5.84,52.0,40.0,47.1,178.5,1318.6,25.8,1.4,9.97,bags_per_acre,Low
Volta,Tomato,Pectomech,Major,5.95,51.1,42.7,63.7,177.1,1321.8,29.5,2.49,2746.6,kg_per_acre,Medium
Western,Maize,Local,Major,5.53,71.3,131.8,34.6,186.1,1278.9,27.0,0.5,10.9,bags_per_acre,Low
Ashanti,Maize,Local,Major,5.34,53.2,150.5,22.7,94.6,1706.3,24.8,0.77,7.95,bags_per_acre,Low
Ashanti,Tomato,Local,Major,5.68,38.6,55.9,5.7,181.3,998.0,27.2,0.5,1280.6,kg_per_acre,Low
Western,Maize,Local,Major,5.77,45.8,61.9,2.0,90.2,1687.3,26.0,0.56,8.34,bags_per_acre,Low
Eastern,Tomato,F1 Hybrid,Major,6.71,63.9,95.2,37.8,130.1,1609.2,27.8,3.75,4061.5,kg_per_acre,Medium
Volta,Maize,Pioneer 30G19,Major,6.39,44.4,101.8,16.7,150.7,1168.2,24.9,1.3,15.0,bags_per_acre,Medium
Volta,Maize,Local,Major,5.89,63.1,126.7,46.2,124.1,1121.7,29.1,0.5,10.81,bags_per_acre,Low
Western,Tomato,F1 Hybrid,Major,4.92,58.5,67.1,2.0,88.7,1913.2,23.1,0.5,1856.8,kg_per_acre,Low
Ashanti,Tomato,Pectomech,Major,6.64,42.9,74.1,12.4,83.2,1056.2,26.4,3.95,2663.8,kg_per_acre,Medium
Northern,Tomato,Pectomech,Minor,6.81,72.1,63.5,18.9,101.1,980.0,31.3,2.06,1600.6,kg_per_acre,Low
Northern,Maize,Pioneer 30G19,Major,6.55,25.3,114.8,31.3,115.3,1033.4,28.7,3.12,9.09,bags_per_acre,Low
Western,Maize,Hybrid OPV,Major,5.99,35.1,43.7,41.5,55.0,1683.0,26.6,2.35,10.11,bags_per_acre,Low
Brong-Ahafo,Tomato,F1 Hybrid,Major,5.5,80.3,28.2,58.0,125.5,1141.3,27.5,0.5,3111.2,kg_per_acre,Medium
Volta,Tomato,Local,Minor,6.23,15.4,91.9,47.3,129.5,1276.0,27.7,7.71,948.7,kg_per_acre,Low
Western,Maize,Pioneer 30G19,Major,5.09,81.8,89.1,19.4,136.8,2217.3,25.2,0.5,11.66,bags_per_acre,Low
Ashanti,Maize,Local,Minor,6.49,63.9,149.8,41.8,315.5,1234.3,25.9,0.5,10.76,bags_per_acre,Low
Eastern,Tomato,Pectomech,Minor,5.33,36.2,90.3,36.2,119.4,1468.9,25.5,6.07,1973.6,kg_per_acre,Low
Brong-Ahafo,Maize,Hybrid OPV,Minor,5.61,72.0,120.1,35.4,130.0,1110.8,27.6,0.81,13.02,bags_per_acre,Medium
Volta,Maize,Pioneer 30G19,Minor,6.04,44.9,50.7,20.0,80.8,1154.2,28.4,3.1,11.86,bags_per_acre,Low
Ashanti,Tomato,Local,Major,6.77,52.5,94.1,37.1,206.7,1211.9,25.9,3.02,2293.0,kg_per_acre,Low
Western,Maize,Local,Major,4.72,68.2,16.5,53.0,109.8,1954.6,23.8,1.24,5.25,bags_per_acre,Low
Western,Tomato,Local,Minor,6.17,51.5,123.2,16.9,32.1,1682.7,24.7,4.01,1595.4,kg_per_acre,Low
Brong-Ahafo,Maize,Pioneer 30G19,Major,6.64,46.6,114.8,57.5,145.1,1196.7,27.8,3.06,19.42,bags_per_acre,Medium
Ashanti,Maize,Pioneer 30G19,Major,5.81,83.6,79.1,42.3,183.4,1688.4,25.4,2.64,15.07,bags_per_acre,Medium
Ashanti,Tomato,Pectomech,Minor,6.11,77.7,87.5,2.0,172.9,1107.5,24.7,0.5,1956.2,kg_per_acre,Low
Ashanti,Maize,Hybrid OPV,Minor,5.57,49.9,102.7,38.8,41.7,1321.0,29.0,0.5,10.84,bags_per_acre,Low
Eastern,Maize,Hybrid OPV,Major,6.72,49.9,75.5,34.5,249.9,1427.8,25.5,0.5,13.23,bags_per_acre,Medium
Eastern,Tomato,Local,Minor,5.04,52.6,91.5,49.9,100.0,1166.6,23.8,8.29,1294.6,kg_per_acre,Low
Ashanti,Maize,Local,Minor,6.66,55.0,173.0,21.2,225.5,1435.6,25.5,5.14,9.59,bags_per_acre,Low
Northern,Maize,Pioneer 30G19,Minor,6.93,43.3,81.2,28.8,200.8,902.0,29.7,3.11,9.49,bags_per_acre,Low
Eastern,Maize,Local,Major,5.52,52.8,12.1,52.8,245.6,1397.5,29.0,2.84,7.6,bags_per_acre,Low
Northern,Maize,Hybrid OPV,Minor,7.57,60.3,65.7,43.1,46.9,1047.7,27.3,5.03,6.41,bags_per_acre,Low
Western,Maize,Hybrid OPV,Major,6.27,25.3,118.6,30.3,168.9,1970.9,28.2,2.54,11.66,bags_per_acre,Low
Northern,Tomato,F1 Hybrid,Minor,6.78,46.7,113.0,21.6,207.9,1040.1,29.9,2.76,2657.6,kg_per_acre,Medium
Eastern,Tomato,Local,Major,5.78,77.8,124.3,17.8,23.0,1238.8,25.2,7.58,1245.6,kg_per_acre,Low
Eastern,Tomato,Pectomech,Minor,6.83,79.7,70.3,5.6,222.8,1417.9,27.7,4.67,1900.0,kg_per_acre,Low
Eastern,Maize,Pioneer 30G19,Minor,5.95,64.7,111.3,69.6,137.7,1410.6,26.7,0.5,17.08,bags_per_acre,Medium
Brong-Ahafo,Tomato,Pectomech,Major,5.96,66.7,81.6,82.8,125.7,1218.0,28.0,8.23,3368.0,kg_per_acre,Medium
Brong-Ahafo,Tomato,Pectomech,Major,6.47,63.9,183.7,37.9,72.6,1335.7,30.0,3.34,2829.3,kg_per_acre,Medium
Ashanti,Maize,Hybrid OPV,Major,6.36,52.8,119.3,33.4,134.3,1040.3,27.9,1.52,15.47,bags_per_acre,Medium
Volta,Maize,Local,Minor,5.88,69.3,36.3,10.4,38.7,1039.9,25.3,5.48,4.18,bags_per_acre,Low
Western,Maize,Hybrid OPV,Minor,5.5,60.4,25.8,16.5,70.3,1731.8,27.9,1.46,7.96,bags_per_acre,Low
Northern,Tomato,Pectomech,Major,7.09,52.2,98.4,55.9,103.7,707.6,29.6,3.8,2147.5,kg_per_acre,Low
Brong-Ahafo,Tomato,Local,Major,5.55,82.8,92.4,49.8,164.9,1249.7,26.6,0.5,1740.9,kg_per_acre,Low
Western,Maize,Local,Major,5.04,75.0,85.5,41.0,175.8,1661.3,27.1,0.87,6.71,bags_per_acre,Low
Western,Maize,Local,Major,5.45,88.8,169.3,35.2,151.3,2099.0,25.6,0.5,7.67,bags_per_acre,Low
Ashanti,Maize,Local,Major,6.08,59.5,134.7,64.0,110.2,1161.3,25.9,0.81,12.12,bags_per_acre,Medium
Northern,Maize,Local,Major,6.49,64.5,110.9,28.0,124.6,1030.7,27.6,8.64,7.08,bags_per_acre,Low
Brong-Ahafo,Maize,Hybrid OPV,Minor,5.98,23.8,109.7,12.4,77.1,1200.0,27.1,5.46,6.32,bags_per_acre,Low
Northern,Maize,Hybrid OPV,Minor,6.6,70.9,106.0,32.0,77.8,1109.9,30.9,9.88,7.17,bags_per_acre,Low
Western,Tomato,F1 Hybrid,Major,4.9,66.9,54.7,36.8,194.0,2003.6,25.9,3.07,2609.0,kg_per_acre,Medium
Northern,Maize,Local,Major,7.69,54.8,93.4,52.0,27.4,904.0,31.0,1.49,5.21,bags_per_acre,Low
Eastern,Tomato,Local,Minor,5.03,35.3,58.9,28.9,194.5,1206.9,29.4,0.5,850.8,kg_per_acre,Low
Volta,Maize,Local,Major,6.43,32.6,73.8,45.4,250.9,1118.1,24.8,2.57,8.72,bags_per_acre,Low
Eastern,Tomato,Local,Major,5.72,38.3,119.0,27.8,87.7,1081.5,27.5,0.68,1609.8,kg_per_acre,Low
Ashanti,Tomato,Local,Major,5.97,55.6,93.4,51.0,180.8,1210.9,27.8,0.5,2165.3,kg_per_acre,Low
Eastern,Maize,Hybrid OPV,Major,5.52,61.7,5.0,65.5,70.0,1328.7,29.0,2.04,6.89,bags_per_acre,Low
Brong-Ahafo,Maize,Pioneer 30G19,Minor,7.3,58.7,80.3,18.8,171.7,1357.8,27.3,0.5,13.25,bags_per_acre,Medium
Brong-Ahafo,Tomato,F1 Hybrid,Minor,5.8,52.1,146.0,37.6,137.9,961.8,28.4,2.08,3305.9,kg_per_acre,Medium
Eastern,Tomato,F1 Hybrid,Minor,5.7,58.9,97.3,2.0,57.1,1352.7,28.0,3.28,1950.9,kg_per_acre,Low
Northern,Maize,Hybrid OPV,Major,6.39,61.0,125.8,67.4,184.4,908.9,27.5,5.96,10.67,bags_per_acre,Low
Brong-Ahafo,Maize,Hybrid OPV,Major,6.06,51.4,73.8,52.1,108.3,1181.9,28.3,0.5,13.1,bags_per_acre,Medium
Ashanti,Maize,Local,Major,5.66,63.9,11.2,52.9,63.4,1531.5,26.5,0.62,6.32,bags_per_acre,Low
Ashanti,Maize,Hybrid OPV,Major,5.98,34.5,135.7,50.0,173.5,1236.3,28.6,2.51,12.6,bags_per_acre,Medium
Eastern,Tomato,Local,Major,5.74,46.0,68.0,44.1,67.9,1132.7,26.8,3.63,1729.9,kg_per_acre,Low
Ashanti,Tomato,F1 Hybrid,Major,5.7,45.9,62.5,6.3,138.0,1505.4,27.3,0.5,3139.3,kg_per_acre,Medium
Northern,Maize,Hybrid OPV,Major,7.24,56.8,151.6,53.2,101.2,1081.0,29.9,4.73,9.39,bags_per_acre,Low
Northern,Tomato,F1 Hybrid,Minor,7.47,51.7,84.8,21.4,84.6,954.9,28.8,2.63,2166.2,kg_per_acre,Low
Eastern,Maize,Hybrid OPV,Major,5.77,48.7,136.7,45.3,216.1,1201.9,25.2,0.5,15.59,bags_per_acre,Medium
Volta,Tomato,F1 Hybrid,Minor,5.92,75.4,150.7,40.1,197.3,978.9,24.7,1.01,3175.4,kg_per_acre,Medium
Western,Maize,Pioneer 30G19,Minor,5.53,61.8,107.9,34.8,183.3,1426.0,26.1,0.5,17.22,bags_per_acre,Medium
Brong-Ahafo,Tomato,Local,Major,6.51,68.0,46.7,5.0,138.6,1211.0,26.4,1.48,1503.5,kg_per_acre,Low
Northern,Maize,Pioneer 30G19,Major,6.95,56.4,76.4,38.6,204.8,893.7,28.2,3.01,10.72,bags_per_acre,Low
Western,Maize,Pioneer 30G19,Major,6.17,20.8,117.1,13.4,145.2,2098.6,27.0,1.1,11.58,bags_per_acre,Low
Western,Maize,Pioneer 30G19,Major,4.72,28.3,69.6,27.5,48.9,2025.0,23.9,0.5,6.28,bags_per_acre,Low
Eastern,Maize,Hybrid OPV,Major,5.84,20.3,128.9,49.2,193.3,1552.7,25.1,1.2,9.75,bags_per_acre,Low
Eastern,Maize,Local,Minor,6.34,59.2,117.9,7.2,138.0,1247.8,29.1,7.2,7.68,bags_per_acre,Low
Volta,Tomato,Local,Minor,6.05,56.6,12.3,2.8,180.0,997.1,26.9,4.56,814.8,kg_per_acre,Low
Eastern,Maize,Hybrid OPV,Minor,6.64,13.7,68.2,38.9,133.7,1557.4,28.7,5.18,6.29,bags_per_acre,Low
Western,Maize,Pioneer 30G19,Major,5.05,35.1,46.2,33.6,153.7,1962.7,29.7,9.25,9.43,bags_per_acre,Low
Eastern,Tomato,Local,Minor,6.6,53.5,80.0,32.3,117.8,1443.8,28.6,0.63,1652.2,kg_per_acre,Low
Western,Maize,Local,Major,5.62,45.9,139.6,35.0,183.4,1948.8,24.2,1.25,9.51,bags_per_acre,Low
Eastern,Maize,Local,Minor,5.18,57.0,37.9,45.2,136.6,1128.4,27.5,4.27,6.82,bags_per_acre,Low
Brong-Ahafo,Maize,Pioneer 30G19,Minor,6.05,52.5,60.9,32.0,103.1,1183.9,26.5,0.99,14.77,bags_per_acre,Medium
Northern,Tomato,Pectomech,Minor,5.95,61.2,5.0,45.7,200.9,577.1,28.9,2.57,969.3,kg_per_acre,Low
Brong-Ahafo,Tomato,Local,Major,6.31,51.9,70.0,39.0,187.2,1263.1,27.0,0.5,2226.3,kg_per_acre,Low
Northern,Maize,Pioneer 30G19,Major,6.38,62.7,5.0,61.7,149.5,1000.3,28.9,1.4,7.04,bags_per_acre,Low
Eastern,Maize,Hybrid OPV,Major,6.65,80.4,83.2,30.6,125.6,1015.3,26.5,0.5,12.98,bags_per_acre,Medium
Western,Tomato,Local,Major,6.1,43.9,10.9,25.1,113.3,1731.2,26.7,0.5,1866.9,kg_per_acre,Low
Brong-Ahafo,Maize,Local,Minor,6.42,46.4,78.8,27.6,125.5,1333.7,27.7,6.78,8.85,bags_per_acre,Low
Eastern,Tomato,F1 Hybrid,Major,5.78,42.7,120.2,49.3,154.0,1476.4,25.4,5.39,3955.9,kg_per_acre,Medium
Ashanti,Tomato,Local,Minor,6.4,50.2,71.7,31.8,109.6,1157.4,25.4,0.5,1903.9,kg_per_acre,Low
Western,Maize,Local,Major,4.84,57.9,132.9,17.9,183.1,1955.0,28.6,1.23,6.85,bags_per_acre,Low
Northern,Tomato,Pectomech,Major,6.67,79.1,86.1,61.9,178.1,1003.0,26.5,0.5,2627.2,kg_per_acre,Medium
Northern,Maize,Pioneer 30G19,Minor,6.74,49.3,48.8,7.0,272.9,741.8,28.7,5.13,6.76,bags_per_acre,Low
Ashanti,Tomato,Local,Major,6.59,69.6,112.3,31.8,130.1,1170.2,28.2,2.61,2486.7,kg_per_acre,Low
Eastern,Tomato,Pectomech,Minor,5.88,48.0,102.2,29.5,154.9,1563.5,24.4,1.61,2580.2,kg_per_acre,Medium
Eastern,Maize,Hybrid OPV,Minor,5.79,92.6,116.1,30.8,154.6,956.7,28.4,1.62,10.81,bags_per_acre,Low
Eastern,Maize,Local,Major,6.78,51.6,68.4,67.5,173.8,1313.9,29.0,3.84,11.13,bags_per_acre,Low
Volta,Tomato,Local,Minor,6.51,51.2,112.4,29.4,78.7,1192.8,26.6,1.01,1477.4,kg_per_acre,Low
Brong-Ahafo,Maize,Local,Major,6.04,40.9,144.2,38.3,164.7,1105.6,25.3,3.56,10.5,bags_per_acre,Low
Volta,Tomato,Pectomech,Major,5.8,41.0,67.4,60.7,169.9,933.1,28.5,0.78,2471.8,kg_per_acre,Low
Western,Tomato,Local,Minor,5.7,57.6,144.4,17.4,65.5,1889.3,24.9,1.36,1398.3,kg_per_acre,Low
Eastern,Tomato,F1 Hybrid,Major,6.5,50.8,169.0,66.7,20.9,1124.9,23.5,1.05,3511.7,kg_per_acre,Medium
Western,Tomato,F1 Hybrid,Major,6.49,42.6,131.3,24.6,121.4,1760.9,24.3,1.07,3814.6,kg_per_acre,Medium
Eastern,Maize,Hybrid OPV,Major,5.51,71.5,60.8,33.9,36.2,1496.0,24.0,2.5,8.69,bags_per_acre,Low
Volta,Tomato,Local,Major,6.14,45.6,124.0,50.9,184.5,1246.5,27.9,3.82,1912.3,kg_per_acre,Low
Ashanti,Tomato,Pectomech,Major,5.32,62.5,110.8,44.9,130.1,1474.7,28.9,0.5,2668.3,kg_per_acre,Medium
Ashanti,Tomato,Pectomech,Major,5.3,41.4,79.5,3.1,89.4,1517.4,28.6,1.03,1545.1,kg_per_acre,Low
Volta,Tomato,F1 Hybrid,Major,6.23,50.3,204.7,42.6,138.1,1166.6,27.1,4.16,4124.5,kg_per_acre,Medium
Eastern,Maize,Local,Major,5.61,32.9,95.3,35.6,102.9,1272.6,28.4,0.5,8.73,bags_per_acre,Low
Ashanti,Tomato,Pectomech,Minor,5.16,54.9,75.3,20.9,266.7,1625.5,24.8,1.19,2007.7,kg_per_acre,Low
Northern,Tomato,Pectomech,Major,7.32,22.7,49.7,38.1,108.2,930.0,29.4,0.67,1107.6,kg_per_acre,Low
Northern,Tomato,Local,Major,6.3,51.3,100.8,35.4,145.5,887.3,29.9,0.5,1604.0,kg_per_acre,Low
Volta,Tomato,Local,Minor,7.07,56.7,116.9,11.7,168.0,1268.9,28.2,1.3,1442.9,kg_per_acre,Low
Northern,Maize,Pioneer 30G19,Major,7.71,46.3,55.7,11.7,140.9,967.1,28.7,1.96,8.86,bags_per_acre,Low
Western,Tomato,Local,Major,5.86,68.3,66.4,43.2,65.9,1447.9,27.0,5.18,2249.7,kg_per_acre,Low
Volta,Tomato,F1 Hybrid,Minor,5.65,74.5,19.1,13.9,211.4,1199.3,27.3,3.15,2322.7,kg_per_acre,Low
Western,Tomato,Local,Major,5.41,47.1,170.1,28.8,149.8,1919.1,24.3,1.0,1919.5,kg_per_acre,Low
Eastern,Maize,Local,Major,7.03,60.9,142.1,26.6,119.7,1370.2,24.1,0.71,10.65,bags_per_acre,Low
Brong-Ahafo,Tomato,Local,Major,5.4,67.5,77.7,12.0,195.4,1429.8,29.4,4.2,1340.4,kg_per_acre,Low
Western,Tomato,F1 Hybrid,Minor,5.67,55.6,79.2,36.4,139.4,1792.3,25.5,0.92,3638.7,kg_per_acre,Medium
Volta,Maize,Hybrid OPV,Major,5.17,71.7,71.7,41.8,228.1,1012.8,26.9,3.05,10.11,bags_per_acre,Low
Brong-Ahafo,Tomato,F1 Hybrid,Minor,6.89,34.7,5.0,6.8,20.0,1537.9,27.5,2.86,651.8,kg_per_acre,Low
Volta,Tomato,F1 Hybrid,Major,5.06,62.1,112.1,59.2,71.9,1215.5,27.9,0.55,2533.9,kg_per_acre,Medium
Volta,Tomato,Pectomech,Major,6.51,31.2,75.6,15.4,123.3,1293.2,28.8,0.75,1486.9,kg_per_acre,Low
Eastern,Tomato,Local,Major,5.7,56.7,121.0,28.4,20.0,1379.2,30.1,2.34,1522.0,kg_per_acre,Low
Brong-Ahafo,Maize,Hybrid OPV,Minor,6.39,56.7,81.1,22.9,129.2,1517.2,27.5,1.31,10.09,bags_per_acre,Low
Western,Maize,Local,Minor,5.61,25.3,52.4,44.5,224.4,1778.5,26.3,2.76,7.01,bags_per_acre,Low
Volta,Maize,Local,Minor,5.79,39.7,74.5,42.4,167.5,1269.2,28.6,1.47,6.9,bags_per_acre,Low
Brong-Ahafo,Tomato,Pectomech,Minor,6.85,31.1,143.6,37.9,173.0,1333.3,28.6,5.98,2103.3,kg_per_acre,Low
Northern,Tomato,Pectomech,Major,7.13,54.2,61.9,35.4,205.8,941.1,30.4,2.24,2132.5,kg_per_acre,Low
Northern,Tomato,Local,Major,6.04,50.5,76.3,45.5,124.7,761.4,30.4,0.5,1469.4,kg_per_acre,Low
Brong-Ahafo,Tomato,Pectomech,Major,6.9,67.1,100.7,28.8,169.4,1252.6,28.6,5.02,2976.0,kg_per_acre,Medium
Volta,Tomato,Pectomech,Minor,5.92,42.7,69.2,39.6,168.8,1144.3,28.1,0.5,2304.8,kg_per_acre,Low
Eastern,Maize,Hybrid OPV,Minor,5.0,66.1,141.7,15.2,70.1,1395.4,25.7,1.14,8.92,bags_per_acre,Low
Brong-Ahafo,Tomato,Local,Minor,6.33,37.6,108.1,50.7,89.1,1349.4,28.0,1.12,1561.7,kg_per_acre,Low
Northern,Maize,Pioneer 30G19,Major,5.47,42.9,46.3,71.2,46.1,1152.5,29.3,2.94,8.43,bags_per_acre,Low
Eastern,Tomato,F1 Hybrid,Minor,6.45,54.3,181.4,54.2,67.3,1270.0,27.5,3.87,3608.3,kg_per_acre,Medium
Eastern,Maize,Pioneer 30G19,Minor,5.92,65.6,70.8,10.6,149.8,1218.8,28.1,0.58,12.82,bags_per_acre,Medium
Volta,Maize,Hybrid OPV,Major,6.24,66.0,50.1,40.3,168.3,1339.4,30.7,1.47,11.8,bags_per_acre,Low
Volta,Tomato,Local,Major,6.82,51.5,131.5,34.0,81.4,1274.2,30.3,5.62,1654.0,kg_per_acre,Low
Northern,Maize,Local,Major,7.45,77.1,150.2,50.2,114.7,932.5,28.9,1.18,6.56,bags_per_acre,Low
Brong-Ahafo,Tomato,F1 Hybrid,Major,6.19,58.2,72.8,25.3,205.9,1289.5,28.4,4.39,4216.5,kg_per_acre,Medium
Ashanti,Tomato,Pectomech,Major,6.68,46.7,44.3,45.8,204.1,1173.0,29.5,2.87,3159.7,kg_per_acre,Medium
Northern,Maize,Pioneer 30G19,Major,7.31,63.4,81.6,35.3,131.3,862.4,27.1,1.28,9.2,bags_per_acre,Low
Ashanti,Maize,Hybrid OPV,Major,6.27,36.4,95.4,38.3,91.8,1459.4,25.0,0.72,12.17,bags_per_acre,Medium
Volta,Tomato,Pectomech,Major,6.45,35.9,45.7,9.1,141.8,937.7,29.7,3.38,1494.8,kg_per_acre,Low
Ashanti,Maize,Hybrid OPV,Major,5.56,75.3,27.9,28.9,58.9,1291.8,26.8,2.76,8.64,bags_per_acre,Low
Volta,Tomato,Local,Minor,6.2,47.5,57.5,15.9,176.4,1132.3,30.6,3.75,1500.6,kg_per_acre,Low
Ashanti,Maize,Hybrid OPV,Major,5.52,54.3,21.8,2.0,137.7,1598.1,26.9,0.5,6.62,bags_per_acre,Low
Ashanti,Tomato,Pectomech,Major,5.71,67.6,29.2,2.0,105.2,1499.3,28.3,4.34,1558.8,kg_per_acre,Low
Ashanti,Tomato,Pectomech,Major,5.55,74.8,110.4,55.6,93.8,1553.8,24.9,7.0,3263.9,kg_per_acre,Medium
Eastern,Maize,Pioneer 30G19,Major,6.46,40.3,97.0,64.6,217.5,1338.3,26.1,4.04,19.69,bags_per_acre,Medium
Northern,Tomato,Pectomech,Minor,5.1,63.6,65.2,25.9,156.8,827.8,30.3,0.66,1392.6,kg_per_acre,Low
Brong-Ahafo,Tomato,Local,Major,5.88,69.6,47.9,15.4,127.2,1076.5,25.9,1.19,1660.7,kg_per_acre,Low
Western,Maize,Hybrid OPV,Major,5.65,57.0,142.0,48.4,90.7,2059.3,25.4,3.95,12.89,bags_per_acre,Medium
Brong-Ahafo,Maize,Pioneer 30G19,Major,6.07,54.5,77.3,58.2,157.9,945.5,28.0,5.52,19.18,bags_per_acre,Medium
Volta,Tomato,Pectomech,Minor,6.55,63.0,150.3,35.1,139.7,791.1,26.4,0.8,2557.0,kg_per_acre,Medium
Brong-Ahafo,Tomato,Pectomech,Major,6.61,71.9,72.0,26.4,117.7,1364.7,27.3,3.25,3259.9,kg_per_acre,Medium
Volta,Tomato,F1 Hybrid,Major,5.89,53.0,34.7,22.2,138.7,1105.4,23.8,1.15,3025.4,kg_per_acre,Medium
Western,Tomato,Local,Minor,5.94,32.9,90.6,42.7,121.5,1957.1,25.9,0.8,1616.8,kg_per_acre,Low
Western,Tomato,Pectomech,Major,6.45,26.7,128.5,51.4,136.5,1338.1,23.2,6.06,2677.4,kg_per_acre,Medium
Brong-Ahafo,Maize,Hybrid OPV,Major,6.21,29.8,45.1,51.1,48.4,1298.4,26.2,1.88,7.5,bags_per_acre,Low
Brong-Ahafo,Maize,Hybrid OPV,Major,5.82,34.5,38.8,14.9,164.8,1118.4,25.5,1.18,9.83,bags_per_acre,Low
Northern,Maize,Pioneer 30G19,Minor,5.79,59.1,127.9,2.0,216.7,998.3,30.9,3.6,8.07,bags_per_acre,Low
Volta,Tomato,Pectomech,Major,6.48,33.3,87.3,38.1,131.1,1281.2,27.7,7.64,2231.0,kg_per_acre,Low
Ashanti,Tomato,Pectomech,Minor,5.56,44.2,14.3,27.3,127.1,1375.5,29.7,1.1,2060.6,kg_per_acre,Low
Brong-Ahafo,Tomato,F1 Hybrid,Major,5.39,80.3,120.0,2.0,175.0,1326.4,29.3,1.22,2271.5,kg_per_acre,Low
Brong-Ahafo,Tomato,Local,Major,6.05,43.3,82.9,2.0,28.0,1262.8,29.0,2.16,1139.5,kg_per_acre,Low
Ashanti,Maize,Hybrid OPV,Major,6.26,52.1,100.6,34.1,193.2,1657.8,24.7,0.5,14.2,bags_per_acre,Medium
Northern,Tomato,Pectomech,Major,7.53,32.3,84.4,62.5,171.1,968.0,31.7,1.65,1762.6,kg_per_acre,Low
Volta,Tomato,Pectomech,Major,6.75,30.5,108.0,45.9,114.0,1196.4,27.5,2.51,2218.4,kg_per_acre,Low
Western,Maize,Hybrid OPV,Minor,6.06,56.9,179.8,2.0,118.2,2075.5,27.3,0.5,11.69,bags_per_acre,Low
Eastern,Tomato,F1 Hybrid,Major,6.76,31.1,139.0,50.4,195.3,1438.3,26.6,0.5,3999.3,kg_per_acre,Medium
Northern,Tomato,F1 Hybrid,Major,6.74,34.9,39.4,40.0,128.5,923.6,30.0,2.12,2375.2,kg_per_acre,Low
Ashanti,Maize,Hybrid OPV,Minor,5.32,32.2,109.3,45.9,160.2,1354.1,26.3,1.09,10.55,bags_per_acre,Low
Eastern,Tomato,Local,Minor,6.19,59.8,24.3,43.6,83.8,1638.6,26.9,2.63,1455.8,kg_per_acre,Low
Brong-Ahafo,Maize,Local,Minor,6.24,86.7,121.6,36.0,92.0,1182.3,27.4,0.5,8.3,bags_per_acre,Low
Eastern,Tomato,F1 Hybrid,Major,5.06,39.5,117.5,30.5,71.0,987.4,28.0,0.5,2456.5,kg_per_acre,Low
Ashanti,Maize,Pioneer 30G19,Major,5.69,57.9,109.8,40.2,99.7,1279.1,26.5,0.71,21.02,bags_per_acre,Medium
Ashanti,Tomato,F1 Hybrid,Major,5.98,56.1,132.8,36.8,99.1,1582.6,25.3,2.79,3746.8,kg_per_acre,Medium
Brong-Ahafo,Maize,Hybrid OPV,Minor,6.0,21.2,62.6,70.9,152.6,1323.1,27.4,11.92,7.64,bags_per_acre,Low
Eastern,Maize,Hybrid OPV,Major,5.97,95.0,64.8,51.4,158.8,1184.6,28.1,2.58,9.27,bags_per_acre,Low
Western,Tomato,Local,Major,6.6,25.6,52.2,51.1,140.1,1809.9,27.7,0.63,1501.6,kg_per_acre,Low
Brong-Ahafo,Tomato,F1 Hybrid,Minor,6.34,47.0,125.2,41.7,112.7,1237.0,29.2,1.35,3375.2,kg_per_acre,Medium
Ashanti,Tomato,Pectomech,Major,6.42,59.5,50.8,96.2,69.3,1343.7,24.0,6.36,3100.0,kg_per_acre,Medium
Brong-Ahafo,Tomato,Pectomech,Major,6.42,30.5,123.9,10.3,81.7,1238.7,28.1,0.5,1782.6,kg_per_acre,Low
Eastern,Tomato,F1 Hybrid,Minor,5.24,69.3,23.2,70.9,67.2,1332.2,24.5,3.33,2011.8,kg_per_acre,Low
Ashanti,Maize,Hybrid OPV,Minor,5.57,68.9,79.1,19.4,170.1,1312.1,28.0,5.56,11.17,bags_per_acre,Low
Northern,Tomato,Pectomech,Major,6.5,56.7,120.7,20.1,179.7,768.8,30.2,0.8,2283.4,kg_per_acre,Low
Eastern,Tomato,Local,Minor,5.83,60.4,101.2,5.9,174.1,1206.2,23.0,6.68,1496.0,kg_per_acre,Low
Northern,Maize,Pioneer 30G19,Minor,6.11,47.1,152.2,40.5,197.8,939.9,29.2,2.35,10.7,bags_per_acre,Low
Ashanti,Maize,Hybrid OPV,Minor,6.56,34.2,24.8,60.4,234.0,1316.8,26.4,0.5,8.59,bags_per_acre,Low
Eastern,Tomato,F1 Hybrid,Minor,6.05,46.6,152.0,87.2,135.7,1377.1,27.0,0.72,4334.0,kg_per_acre,Medium
Ashanti,Tomato,Local,Major,5.44,51.5,68.7,3.6,149.1,1852.1,23.7,3.32,1347.2,kg_per_acre,Low
Brong-Ahafo,Maize,Hybrid OPV,Major,6.76,50.8,113.7,31.2,163.0,1228.8,26.6,0.66,14.4,bags_per_acre,Medium
Northern,Maize,Pioneer 30G19,Minor,6.62,29.8,70.1,53.8,83.1,766.3,29.3,0.5,7.26,bags_per_acre,Low
Western,Maize,Pioneer 30G19,Major,5.23,86.8,33.7,9.0,202.3,1956.9,24.3,1.7,9.15,bags_per_acre,Low
Eastern,Tomato,Pectomech,Major,5.89,44.0,103.9,47.5,151.0,1437.9,27.1,3.54,2882.7,kg_per_acre,Medium
Western,Maize,Local,Major,5.79,67.5,133.8,18.9,101.0,1509.1,26.4,1.29,12.22,bags_per_acre,Medium
Ashanti,Tomato,Pectomech,Major,5.4,65.3,101.5,32.1,161.1,1694.4,26.2,2.41,2800.1,kg_per_acre,Medium
Volta,Maize,Local,Major,5.86,24.1,129.6,16.3,69.1,1093.3,28.3,0.68,5.57,bags_per_acre,Low
Western,Tomato,Pectomech,Major,6.85,43.3,106.5,11.2,78.9,2049.1,26.3,1.23,2813.5,kg_per_acre,Medium
Brong-Ahafo,Tomato,F1 Hybrid,Major,5.23,47.8,99.2,9.1,117.7,1235.2,28.2,1.47,2463.9,kg_per_acre,Low
Eastern,Tomato,Local,Major,6.44,57.8,9.0,31.2,238.2,1278.6,25.4,2.07,1344.0,kg_per_acre,Low
Western,Maize,Local,Major,5.97,54.1,68.3,27.5,164.6,1730.7,25.6,1.46,10.6,bags_per_acre,Low
Volta,Maize,Hybrid OPV,Minor,6.55,29.9,190.5,58.8,130.1,971.6,27.5,3.57,9.76,bags_per_acre,Low
Eastern,Maize,Pioneer 30G19,Major,5.54,74.1,81.0,18.1,110.7,1113.1,28.1,1.12,12.33,bags_per_acre,Medium
Western,Maize,Pioneer 30G19,Major,6.42,30.9,107.8,52.0,179.1,1555.1,24.8,0.5,19.34,bags_per_acre,Medium
Volta,Tomato,Pectomech,Minor,5.77,56.2,111.8,14.1,224.5,1073.7,29.2,0.5,1899.1,kg_per_acre,Low
Eastern,Maize,Hybrid OPV,Major,5.93,41.5,5.0,69.1,56.4,1049.7,26.5,0.5,7.4,bags_per_acre,Low
Eastern,Maize,Hybrid OPV,Major,6.67,67.9,105.4,12.7,226.0,1287.7,26.3,0.5,13.76,bags_per_acre,Medium
Volta,Tomato,Local,Major,6.1,64.2,57.3,2.0,76.5,1265.7,27.6,1.85,1120.3,kg_per_acre,Low
Northern,Tomato,F1 Hybrid,Minor,6.52,43.9,138.5,37.0,133.0,990.1,29.7,0.77,2924.1,kg_per_acre,Medium
Western,Tomato,Local,Minor,5.56,45.3,114.5,3.8,70.7,1875.5,26.7,0.68,1358.4,kg_per_acre,Low
Volta,Maize,Local,Minor,6.01,57.3,35.7,32.5,193.5,1110.6,29.2,6.06,6.65,bags_per_acre,Low
Brong-Ahafo,Tomato,Local,Minor,6.25,63.1,81.4,46.0,77.2,933.8,28.0,6.49,1996.4,kg_per_acre,Low
Ashanti,Maize,Hybrid OPV,Major,5.9,42.1,78.2,61.9,70.7,1276.0,24.6,0.5,12.11,bags_per_acre,Medium
Western,Tomato,Pectomech,Minor,7.28,50.4,128.0,15.2,37.2,2001.1,26.6,1.36,2019.4,kg_per_acre,Low
Brong-Ahafo,Maize,Hybrid OPV,Major,6.81,10.0,77.8,61.1,98.6,1482.0,29.4,0.5,6.38,bags_per_acre,Low
Eastern,Maize,Pioneer 30G19,Major,5.64,68.2,83.9,62.1,251.6,1474.8,27.0,0.5,19.37,bags_per_acre,Medium
Western,Maize,Hybrid OPV,Major,5.86,38.4,128.3,48.3,73.6,1883.9,27.3,0.5,15.59,bags_per_acre,Medium
Ashanti,Tomato,F1 Hybrid,Major,6.19,39.7,111.2,67.4,131.2,1137.0,25.5,2.59,3629.6,kg_per_acre,Medium
Ashanti,Tomato,Local,Minor,6.05,71.4,61.2,49.9,119.3,1388.4,26.6,6.77,2021.9,kg_per_acre,Low
Northern,Tomato,F1 Hybrid,Major,6.39,57.6,71.6,2.0,202.5,788.3,31.4,4.29,2365.7,kg_per_acre,Low
Volta,Tomato,Pectomech,Minor,6.68,48.1,40.6,3.5,150.0,982.1,28.8,0.63,1326.3,kg_per_acre,Low
Western,Maize,Local,Major,4.83,41.5,111.5,46.1,253.7,1600.3,27.6,1.38,8.43,bags_per_acre,Low
Brong-Ahafo,Maize,Hybrid OPV,Minor,6.74,64.9,84.0,4.6,132.0,1085.1,26.5,1.02,9.38,bags_per_acre,Low
Western,Tomato,Local,Minor,5.92,58.1,146.6,17.5,123.8,1700.4,24.0,0.5,1946.2,kg_per_acre,Low
Eastern,Maize,Local,Major,5.6,68.0,104.2,6.7,79.0,1563.7,24.8,4.63,9.1,bags_per_acre,Low
Eastern,Maize,Pioneer 30G19,Minor,6.23,41.1,52.8,38.9,172.3,1300.5,29.1,0.5,13.92,bags_per_acre,Medium
Volta,Tomato,F1 Hybrid,Major,5.91,68.9,123.9,38.5,131.9,1107.9,28.8,0.5,3549.2,kg_per_acre,Medium
Northern,Maize,Hybrid OPV,Minor,6.63,43.5,127.0,60.9,92.9,976.5,30.5,2.36,8.68,bags_per_acre,Low
Volta,Maize,Pioneer 30G19,Major,5.39,50.1,103.2,49.4,159.0,968.1,28.6,0.63,15.98,bags_per_acre,Medium
Western,Tomato,Local,Major,5.53,30.9,93.1,56.1,69.7,1663.0,26.6,1.58,1792.6,kg_per_acre,Low
Ashanti,Tomato,F1 Hybrid,Minor,6.34,43.4,35.8,43.3,165.2,1163.1,26.0,0.75,3734.6,kg_per_acre,Medium
Western,Maize,Local,Major,6.38,38.1,63.3,24.5,29.2,1857.3,24.5,2.66,8.12,bags_per_acre,Low
Brong-Ahafo,Tomato,Local,Major,4.86,68.3,110.9,29.4,160.9,1043.5,27.3,5.23,1286.5,kg_per_acre,Low
Northern,Tomato,Local,Minor,6.07,49.9,145.1,27.7,136.8,913.5,29.6,0.5,1360.3,kg_per_acre,Low
Eastern,Maize,Pioneer 30G19,Minor,5.5,54.8,95.7,36.8,80.6,1322.1,28.8,1.93,14.37,bags_per_acre,Medium
Brong-Ahafo,Maize,Pioneer 30G19,Minor,6.65,37.4,169.3,39.6,166.0,955.7,30.4,0.86,14.65,bags_per_acre,Medium
Eastern,Tomato,Local,Major,5.76,53.0,101.6,54.5,72.9,1108.8,24.5,0.5,1966.3,kg_per_acre,Low
Eastern,Maize,Local,Major,7.09,56.8,95.6,33.7,56.2,1314.6,27.1,1.18,8.41,bags_per_acre,Low
Western,Maize,Hybrid OPV,Major,6.57,10.0,108.0,25.7,70.4,1827.0,25.6,0.5,6.94,bags_per_acre,Low
Volta,Maize,Pioneer 30G19,Major,6.47,69.9,84.7,35.0,43.5,1292.1,27.6,3.33,13.48,bags_per_acre,Medium
Northern,Maize,Pioneer 30G19,Major,5.78,60.7,120.7,60.7,114.3,924.1,32.0,1.23,15.43,bags_per_acre,Medium
Ashanti,Tomato,F1 Hybrid,Minor,5.55,66.9,101.5,36.5,195.6,1378.4,26.2,0.5,3512.4,kg_per_acre,Medium
Brong-Ahafo,Tomato,F1 Hybrid,Minor,7.16,66.4,69.9,38.4,20.0,1302.0,27.4,0.5,2993.4,kg_per_acre,Medium
Volta,Tomato,Pectomech,Minor,6.07,49.4,86.0,34.9,113.6,1186.1,28.9,0.81,2181.3,kg_per_acre,Low
Northern,Tomato,Pectomech,Major,6.4,46.1,93.2,12.6,275.7,993.8,27.7,0.5,1948.6,kg_per_acre,Low
Ashanti,Tomato,Local,Minor,5.33,55.2,93.6,71.1,82.7,1813.1,27.1,3.09,1666.4,kg_per_acre,Low
Brong-Ahafo,Maize,Local,Minor,6.48,42.0,130.9,41.1,144.8,1117.6,27.2,1.6,8.89,bags_per_acre,Low
Ashanti,Maize,Local,Minor,5.79,60.8,26.1,44.2,241.3,1154.6,26.8,9.93,7.6,bags_per_acre,Low
Western,Maize,Pioneer 30G19,Major,5.79,46.9,66.0,2.0,34.7,2218.2,28.2,2.89,9.0,bags_per_acre,Low
Volta,Maize,Pioneer 30G19,Major,6.98,59.3,51.9,50.6,99.6,1146.6,28.1,1.44,16.92,bags_per_acre,Medium
Volta,Maize,Pioneer 30G19,Minor,5.92,44.3,71.1,38.0,82.3,995.3,28.7,4.37,11.94,bags_per_acre,Low
Brong-Ahafo,Tomato,F1 Hybrid,Minor,6.59,69.3,5.0,32.0,20.0,1181.1,27.2,1.88,1292.9,kg_per_acre,Low
Brong-Ahafo,Maize,Pioneer 30G19,Major,5.39,51.5,156.8,79.1,165.8,1043.0,25.9,1.05,19.54,bags_per_acre,Medium
Eastern,Tomato,Pectomech,Major,5.11,46.3,79.2,14.7,100.5,1281.7,26.1,2.75,2097.8,kg_per_acre,Low
Volta,Maize,Pioneer 30G19,Major,5.64,28.8,52.1,2.0,133.2,1238.9,25.9,1.73,8.12,bags_per_acre,Low
Ashanti,Maize,Pioneer 30G19,Minor,6.75,58.0,76.1,51.6,200.8,1320.0,25.9,3.2,16.48,bags_per_acre,Medium
Volta,Tomato,Pectomech,Minor,6.99,52.5,71.0,45.5,168.5,981.8,26.4,4.42,2095.4,kg_per_acre,Low
Western,Tomato,Local,Major,5.93,49.4,160.5,31.6,67.0,1696.9,24.0,10.05,2237.9,kg_per_acre,Low
Volta,Maize,Hybrid OPV,Major,6.42,57.6,107.6,45.5,161.3,1048.7,27.4,3.46,11.82,bags_per_acre,Low
Western,Maize,Local,Major,6.73,26.4,84.3,18.1,230.9,1931.6,24.8,9.31,7.25,bags_per_acre,Low
Eastern,Tomato,Local,Minor,5.49,83.5,70.4,46.2,174.4,876.5,28.1,0.87,1547.9,kg_per_acre,Low
Ashanti,Maize,Pioneer 30G19,Minor,6.59,67.2,27.0,53.5,166.1,1123.4,26.2,2.21,14.45,bags_per_acre,Medium
Eastern,Maize,Local,Minor,6.8,32.0,61.6,7.0,190.0,1270.6,28.8,0.6,5.04,bags_per_acre,Low
Northern,Maize,Pioneer 30G19,Minor,6.22,28.4,85.8,53.4,104.9,843.1,31.9,14.7,7.78,bags_per_acre,Low
Volta,Maize,Hybrid OPV,Minor,5.7,54.3,117.8,20.1,332.8,1128.2,28.0,1.26,9.77,bags_per_acre,Low
Brong-Ahafo,Tomato,F1 Hybrid,Major,7.07,52.6,112.6,25.2,141.4,1304.1,28.2,0.5,4038.9,kg_per_acre,Medium
Brong-Ahafo,Maize,Hybrid OPV,Major,5.64,43.0,105.8,42.2,83.6,1013.2,27.6,1.75,13.04,bags_per_acre,Medium
Brong-Ahafo,Maize,Hybrid OPV,Major,6.5,25.5,119.0,23.6,62.5,1264.4,24.5,0.98,9.38,bags_per_acre,Low
Eastern,Tomato,Pectomech,Major,5.97,52.8,66.9,37.9,36.5,1377.0,25.9,3.72,2028.3,kg_per_acre,Low
Brong-Ahafo,Maize,Hybrid OPV,Major,6.16,55.7,39.0,25.9,164.1,971.7,26.8,5.23,13.2,bags_per_acre,Medium
Western,Tomato,Pectomech,Major,5.54,21.5,50.8,34.8,78.3,1709.1,26.5,14.31,1702.3,kg_per_acre,Low
Brong-Ahafo,Maize,Hybrid OPV,Major,5.28,39.9,48.0,13.1,148.9,1294.3,28.8,0.74,9.81,bags_per_acre,Low
Western,Maize,Pioneer 30G19,Major,6.87,86.1,114.8,36.8,115.1,1697.9,27.6,1.76,16.51,bags_per_acre,Medium
Ashanti,Tomato,Pectomech,Minor,5.94,64.7,85.4,27.3,159.7,1557.7,25.5,1.39,2754.7,kg_per_acre,Medium
Ashanti,Maize,Hybrid OPV,Minor,7.08,62.1,65.1,26.6,59.1,1418.1,24.1,2.02,11.26,bags_per_acre,Low
Volta,Maize,Pioneer 30G19,Major,6.81,26.5,74.8,49.3,80.7,860.3,27.0,4.73,11.8,bags_per_acre,Low
Eastern,Maize,Pioneer 30G19,Major,5.93,59.1,97.8,44.6,153.2,1592.0,27.3,4.16,16.44,bags_per_acre,Medium
Eastern,Tomato,F1 Hybrid,Minor,5.51,65.9,126.9,25.8,78.5,1281.9,27.9,1.44,3050.0,kg_per_acre,Medium
Volta,Tomato,F1 Hybrid,Minor,6.99,54.6,58.5,76.5,111.6,973.9,27.5,0.5,2931.2,kg_per_acre,Medium
Eastern,Tomato,F1 Hybrid,Minor,6.12,49.0,48.8,20.5,180.5,1446.4,27.9,0.57,3072.7,kg_per_acre,Medium
Eastern,Maize,Hybrid OPV,Minor,6.12,53.8,85.6,25.0,238.3,1774.7,25.6,1.13,9.84,bags_per_acre,Low
Volta,Maize,Pioneer 30G19,Major,5.97,29.6,49.9,49.2,109.1,1104.0,28.2,0.54,11.97,bags_per_acre,Low
Western,Tomato,F1 Hybrid,Minor,3.5,56.3,33.0,30.8,113.4,2149.2,26.4,2.72,1144.1,kg_per_acre,Low
Western,Maize,Hybrid OPV,Major,5.47,59.6,57.4,65.0,204.4,1697.4,24.9,1.18,11.21,bags_per_acre,Low
Eastern,Maize,Local,Major,5.81,57.6,37.5,29.8,111.2,1227.9,28.1,0.99,8.21,bags_per_acre,Low
Brong-Ahafo,Maize,Hybrid OPV,Major,6.33,62.1,101.8,22.1,95.4,969.6,25.9,0.72,15.11,bags_per_acre,Medium
Volta,Maize,Local,Minor,5.89,51.1,74.2,18.6,163.8,1077.0,27.7,0.7,5.94,bags_per_acre,Low
Brong-Ahafo,Maize,Hybrid OPV,Major,5.96,29.8,5.0,12.8,43.6,1253.9,26.4,1.6,3.99,bags_per_acre,Low
Northern,Maize,Pioneer 30G19,Major,6.72,24.7,132.8,20.8,119.2,983.7,29.5,1.26,9.46,bags_per_acre,Low
Northern,Maize,Hybrid OPV,Major,6.0,41.6,100.9,55.2,77.3,819.5,28.4,5.64,6.81,bags_per_acre,Low
Volta,Maize,Pioneer 30G19,Major,6.36,40.6,83.8,3.0,156.5,864.8,26.4,2.31,12.58,bags_per_acre,Medium
Volta,Maize,Local,Major,5.63,36.4,45.4,35.5,65.2,1034.2,29.2,4.82,6.32,bags_per_acre,Low
Brong-Ahafo,Tomato,Local,Minor,5.7,38.3,100.4,42.5,75.2,1257.4,25.4,0.5,1465.7,kg_per_acre,Low
Ashanti,Tomato,F1 Hybrid,Major,5.41,69.2,103.3,45.7,77.1,1223.4,28.0,2.44,3969.5,kg_per_acre,Medium
Brong-Ahafo,Tomato,F1 Hybrid,Major,6.7,65.1,89.7,11.0,31.8,1334.8,27.9,3.19,2789.5,kg_per_acre,Medium
Northern,Maize,Pioneer 30G19,Major,5.48,79.2,53.7,40.3,77.8,1428.8,29.7,4.13,8.65,bags_per_acre,Low
Volta,Tomato,Local,Major,5.36,42.9,64.8,77.8,221.6,1213.3,27.3,2.9,1768.6,kg_per_acre,Low
Eastern,Tomato,Local,Major,5.99,68.6,78.4,2.0,140.3,1330.7,27.4,1.62,1636.7,kg_per_acre,Low
Eastern,Maize,Hybrid OPV,Major,6.34,37.6,105.4,20.3,163.0,1307.3,28.2,0.5,14.67,bags_per_acre,Medium
Western,Maize,Local,Minor,5.77,46.3,74.8,49.3,141.7,1726.5,27.7,0.5,11.34,bags_per_acre,Low
Western,Tomato,F1 Hybrid,Major,6.03,64.0,134.8,66.4,126.3,2062.6,25.3,6.53,5336.3,kg_per_acre,High
Western,Tomato,F1 Hybrid,Major,5.01,45.0,122.9,35.8,70.9,1900.8,24.7,2.24,3264.9,kg_per_acre,Medium
Western,Maize,Local,Major,5.76,40.8,106.7,58.3,128.7,2081.3,27.4,3.9,9.72,bags_per_acre,Low
Volta,Tomato,Pectomech,Minor,6.41,55.8,50.0,49.0,213.2,1334.0,28.7,0.5,2512.3,kg_per_acre,Medium
Western,Tomato,Local,Major,5.22,31.7,96.0,31.6,134.8,1796.5,29.7,1.89,1291.7,kg_per_acre,Low
Volta,Maize,Pioneer 30G19,Major,5.6,66.8,35.4,73.9,131.5,935.6,26.0,1.62,12.63,bags_per_acre,Medium
Eastern,Tomato,Local,Minor,6.4,36.1,5.0,80.2,158.9,1364.1,25.8,1.59,1010.8,kg_per_acre,Low
Eastern,Maize,Hybrid OPV,Minor,5.41,33.9,64.7,45.4,110.7,1284.9,26.2,0.71,9.76,bags_per_acre,Low
Ashanti,Tomato,F1 Hybrid,Minor,6.73,52.2,66.1,29.0,174.5,1294.8,25.4,1.05,3557.7,kg_per_acre,Medium
Western,Maize,Local,Major,5.0,62.9,141.6,86.8,64.0,1953.8,25.2,2.96,8.95,bags_per_acre,Low
Ashanti,Maize,Local,Major,6.05,45.1,72.6,28.8,142.2,1313.8,28.4,0.5,9.51,bags_per_acre,Low
Volta,Tomato,Pectomech,Minor,5.45,47.3,99.5,23.5,70.6,986.6,29.8,2.78,1513.6,kg_per_acre,Low
Western,Maize,Local,Minor,5.95,41.5,21.3,3.4,104.2,1842.9,27.9,4.4,4.78,bags_per_acre,Low
Western,Maize,Local,Minor,5.29,52.1,28.7,58.0,118.7,2046.1,25.0,3.66,6.32,bags_per_acre,Low
Brong-Ahafo,Tomato,F1 Hybrid,Major,7.11,51.0,55.2,35.6,170.5,1283.3,27.4,3.5,3976.2,kg_per_acre,Medium
Volta,Maize,Local,Major,5.51,41.7,73.3,37.3,99.4,965.3,28.9,4.0,8.52,bags_per_acre,Low
Brong-Ahafo,Tomato,F1 Hybrid,Major,6.75,77.3,76.8,7.7,149.7,1501.4,26.5,2.4,3232.8,kg_per_acre,Medium
Western,Maize,Pioneer 30G19,Minor,6.29,49.5,138.1,35.2,133.2,1741.6,26.8,0.83,17.31,bags_per_acre,Medium
Eastern,Tomato,Local,Minor,5.57,58.2,98.1,41.2,149.3,1503.3,26.9,11.13,1909.7,kg_per_acre,Low
Northern,Maize,Local,Major,5.65,60.7,27.1,38.0,105.4,1070.6,28.9,4.35,5.92,bags_per_acre,Low
Brong-Ahafo,Tomato,Pectomech,Minor,6.91,49.7,102.0,71.1,123.0,1170.5,29.0,4.95,2740.6,kg_per_acre,Medium
Northern,Maize,Pioneer 30G19,Minor,6.19,34.4,107.4,32.4,161.8,566.3,31.2,9.56,5.36,bags_per_acre,Low
Western,Maize,Local,Major,6.15,58.9,151.6,60.1,92.3,1980.5,24.4,0.5,12.0,bags_per_acre,Medium
Eastern,Maize,Local,Major,6.68,55.4,74.2,46.4,111.8,1357.4,26.6,4.87,9.69,bags_per_acre,Low
Northern,Maize,Local,Major,6.52,33.4,46.2,27.8,210.5,951.2,30.1,0.5,5.73,bags_per_acre,Low
Eastern,Tomato,Pectomech,Minor,6.67,24.1,60.0,14.6,70.9,929.0,27.0,0.5,1443.1,kg_per_acre,Low
Ashanti,Tomato,F1 Hybrid,Major,5.1,47.0,119.3,9.5,187.7,1487.8,25.4,0.8,2566.1,kg_per_acre,Medium
Northern,Tomato,F1 Hybrid,Minor,6.74,63.3,78.5,55.2,153.5,670.6,32.3,1.65,2295.8,kg_per_acre,Low
Brong-Ahafo,Maize,Pioneer 30G19,Major,5.92,73.4,92.9,56.6,141.3,1155.8,26.5,3.58,16.5,bags_per_acre,Medium
Eastern,Maize,Local,Major,5.97,66.1,23.9,57.2,149.8,1323.8,28.9,1.08,7.69,bags_per_acre,Low
Brong-Ahafo,Maize,Hybrid OPV,Minor,6.06,35.1,70.4,12.4,123.1,1028.3,25.9,0.5,8.08,bags_per_acre,Low
Ashanti,Tomato,Local,Minor,6.21,48.5,145.7,51.8,178.0,1226.1,26.4,2.46,2089.1,kg_per_acre,Low
Northern,Maize,Local,Major,6.39,60.3,148.9,23.0,107.9,789.1,29.3,2.01,5.73,bags_per_acre,Low
Volta,Tomato,Pectomech,Major,6.45,59.7,64.5,46.7,173.6,1168.5,27.8,8.86,2882.3,kg_per_acre,Medium
Western,Tomato,Local,Major,5.27,39.7,81.1,40.6,121.6,1895.4,28.4,2.21,1664.9,kg_per_acre,Low
Northern,Tomato,Local,Major,6.34,54.2,32.5,29.9,180.8,713.6,30.7,1.33,1060.3,kg_per_acre,Low
Ashanti,Maize,Local,Major,6.4,27.8,47.9,13.6,182.3,1707.9,26.3,3.96,6.2,bags_per_acre,Low
Ashanti,Maize,Hybrid OPV,Minor,5.9,52.7,161.3,46.8,141.9,1479.6,26.9,2.33,12.71,bags_per_acre,Medium
Western,Maize,Pioneer 30G19,Major,5.63,44.6,73.9,53.6,106.2,2197.7,26.2,0.5,15.64,bags_per_acre,Medium
Western,Maize,Pioneer 30G19,Minor,5.72,42.2,5.0,67.0,168.7,1917.3,26.0,6.83,9.46,bags_per_acre,Low
Eastern,Tomato,Local,Minor,4.91,57.1,207.0,28.7,184.4,1426.1,24.4,1.3,1213.3,kg_per_acre,Low
Ashanti,Maize,Local,Major,5.82,48.4,71.7,22.5,109.0,1325.6,25.3,5.68,9.31,bags_per_acre,Low
Northern,Tomato,F1 Hybrid,Minor,6.92,39.1,163.6,29.8,181.2,872.0,29.5,6.82,2846.2,kg_per_acre,Medium
Brong-Ahafo,Maize,Local,Major,6.66,24.0,169.4,21.9,129.5,1095.6,25.7,8.11,6.53,bags_per_acre,Low
Western,Tomato,F1 Hybrid,Minor,5.58,54.7,90.9,15.3,164.5,1789.3,24.3,1.1,4037.3,kg_per_acre,Medium
Brong-Ahafo,Maize,Hybrid OPV,Minor,6.31,32.7,65.3,34.5,63.4,1428.5,24.6,1.06,8.88,bags_per_acre,Low
Ashanti,Maize,Pioneer 30G19,Minor,6.76,60.1,48.5,31.2,81.8,1151.1,27.9,1.1,16.26,bags_per_acre,Medium
Western,Maize,Local,Major,5.65,46.3,71.3,2.0,76.8,2059.9,25.0,2.46,5.55,bags_per_acre,Low
Volta,Tomato,Pectomech,Minor,5.79,65.8,89.0,9.4,47.5,1096.7,24.2,0.5,1533.2,kg_per_acre,Low
Eastern,Maize,Local,Minor,5.21,32.5,54.3,37.4,73.5,1172.2,27.8,1.21,4.94,bags_per_acre,Low
Volta,Maize,Hybrid OPV,Major,5.96,63.8,52.9,8.4,142.6,873.1,28.3,0.64,8.88,bags_per_acre,Low
Brong-Ahafo,Maize,Pioneer 30G19,Major,6.48,65.0,46.3,59.0,141.5,1223.9,28.0,1.24,15.08,bags_per_acre,Medium
Western,Maize,Hybrid OPV,Minor,6.04,40.8,78.8,6.9,124.1,2044.7,26.8,4.06,10.45,bags_per_acre,Low
Brong-Ahafo,Tomato,Pectomech,Major,4.6,30.3,121.0,75.4,179.6,1251.8,27.2,1.55,1119.3,kg_per_acre,Low
Volta,Maize,Pioneer 30G19,Major,6.03,57.3,70.9,12.5,197.4,1263.3,27.2,3.44,11.96,bags_per_acre,Low
Eastern,Maize,Local,Minor,5.12,56.5,31.0,17.7,130.7,883.6,26.3,1.22,4.61,bags_per_acre,Low
Brong-Ahafo,Tomato,Local,Major,6.12,18.6,88.5,51.4,128.0,1154.5,28.0,1.8,1293.6,kg_per_acre,Low
Ashanti,Maize,Hybrid OPV,Major,6.19,76.8,36.9,71.9,89.8,1169.6,26.1,0.5,13.16,bags_per_acre,Medium
Eastern,Tomato,Local,Minor,5.96,55.3,52.0,57.1,220.5,1503.9,25.5,1.65,1791.5,kg_per_acre,Low
Ashanti,Maize,Hybrid OPV,Minor,6.28,53.6,26.5,50.9,183.4,1544.6,26.5,1.78,9.7,bags_per_acre,Low
Eastern,Tomato,F1 Hybrid,Minor,7.33,41.6,100.0,28.0,86.4,1480.8,25.2,4.2,2791.8,kg_per_acre,Medium
Ashanti,Tomato,Local,Major,4.96,77.9,78.5,40.7,127.5,1323.6,25.6,2.34,1400.0,kg_per_acre,Low
Volta,Maize,Pioneer 30G19,Minor,5.22,60.1,63.5,2.0,160.8,1061.1,28.5,0.5,8.78,bags_per_acre,Low
Brong-Ahafo,Tomato,Pectomech,Minor,5.31,53.0,67.3,54.3,50.4,1113.3,29.9,0.5,1720.3,kg_per_acre,Low
Brong-Ahafo,Maize,Hybrid OPV,Minor,5.46,75.3,138.0,6.4,40.2,1315.2,26.6,1.34,7.26,bags_per_acre,Low
Northern,Maize,Pioneer 30G19,Major,6.32,60.3,102.3,31.5,109.7,944.1,29.8,0.5,12.45,bags_per_acre,Medium
Western,Tomato,Local,Major,5.99,80.7,9.9,11.6,105.5,1919.2,27.1,1.36,1296.0,kg_per_acre,Low
Volta,Maize,Hybrid OPV,Major,6.47,34.8,71.4,46.9,178.1,1070.1,27.2,3.79,10.01,bags_per_acre,Low
Ashanti,Tomato,Local,Major,6.12,27.6,101.5,23.7,51.8,1306.9,25.7,4.39,1431.6,kg_per_acre,Low
Brong-Ahafo,Tomato,F1 Hybrid,Minor,6.42,17.8,93.2,31.6,199.8,1226.7,27.9,15.0,1979.8,kg_per_acre,Low
Northern,Tomato,F1 Hybrid,Minor,7.19,55.3,71.6,49.7,105.7,914.7,28.9,1.32,2719.9,kg_per_acre,Medium
Northern,Maize,Local,Major,6.23,12.3,64.9,53.6,132.6,770.7,31.6,8.63,3.09,bags_per_acre,Low
Volta,Tomato,Local,Minor,6.05,59.7,97.3,46.2,70.6,853.7,27.9,3.41,1446.0,kg_per_acre,Low
Northern,Maize,Hybrid OPV,Minor,6.29,48.5,133.2,2.0,102.6,653.5,29.1,0.5,4.4,bags_per_acre,Low
Northern,Tomato,Pectomech,Minor,6.52,46.3,109.7,83.1,20.0,955.9,32.8,6.76,1714.1,kg_per_acre,Low
Brong-Ahafo,Maize,Hybrid OPV,Minor,5.96,59.0,112.2,56.7,96.7,1049.2,26.7,0.57,11.69,bags_per_acre,Low
Northern,Tomato,Pectomech,Major,6.54,56.1,30.7,38.1,133.9,773.4,28.7,2.77,2198.5,kg_per_acre,Low
Brong-Ahafo,Tomato,F1 Hybrid,Minor,6.57,43.1,127.3,74.3,131.4,1197.4,28.0,8.5,3538.0,kg_per_acre,Medium
Eastern,Maize,Hybrid OPV,Major,5.52,41.7,125.2,37.4,139.3,1182.1,26.3,0.5,13.4,bags_per_acre,Medium
Ashanti,Tomato,Local,Minor,5.84,46.9,149.8,25.5,83.8,1359.5,24.8,0.67,1818.4,kg_per_acre,Low
Brong-Ahafo,Tomato,Pectomech,Minor,5.97,75.3,61.7,36.5,164.6,939.3,29.3,1.76,2635.7,kg_per_acre,Medium
Western,Tomato,Pectomech,Major,5.55,82.9,73.9,42.3,160.6,1559.9,25.1,0.99,3135.6,kg_per_acre,Medium
Ashanti,Maize,Local,Major,6.24,38.1,112.2,16.6,107.0,1346.9,28.0,1.81,10.46,bags_per_acre,Low
Brong-Ahafo,Tomato,F1 Hybrid,Major,6.29,66.9,125.6,42.1,163.0,1403.5,27.0,1.21,3926.3,kg_per_acre,Medium
Western,Maize,Hybrid OPV,Major,6.29,64.3,128.2,59.4,251.1,1721.7,26.0,3.76,16.43,bags_per_acre,Medium
Eastern,Tomato,Local,Minor,5.9,67.4,121.7,31.8,45.6,1441.1,27.2,4.73,1652.2,kg_per_acre,Low
Northern,Tomato,Local,Minor,6.04,44.1,100.3,28.5,257.1,889.5,30.4,0.74,1242.4,kg_per_acre,Low
Brong-Ahafo,Tomato,Pectomech,Major,6.27,48.4,5.0,35.4,146.6,1118.0,25.5,2.64,1856.7,kg_per_acre,Low
Northern,Maize,Pioneer 30G19,Major,6.56,55.7,66.1,66.7,179.4,836.4,29.3,0.5,12.35,bags_per_acre,Medium
Northern,Maize,Hybrid OPV,Minor,6.57,55.7,40.3,36.6,202.7,648.1,30.7,3.13,5.87,bags_per_acre,Low
Ashanti,Tomato,Pectomech,Major,6.2,60.3,107.8,18.5,138.2,1465.5,26.5,2.59,2474.5,kg_per_acre,Low
Eastern,Maize,Pioneer 30G19,Major,5.91,52.9,87.7,37.6,20.0,1151.4,25.5,1.92,15.55,bags_per_acre,Medium
Brong-Ahafo,Maize,Local,Major,5.98,53.9,75.9,35.6,92.4,1377.4,29.3,0.5,9.63,bags_per_acre,Low
Ashanti,Tomato,Local,Minor,5.25,34.6,89.1,20.4,113.9,1318.3,28.0,5.21,1078.6,kg_per_acre,Low
Northern,Maize,Pioneer 30G19,Major,6.43,39.1,86.7,54.7,105.7,1025.1,30.6,1.39,11.9,bags_per_acre,Low
Eastern,Maize,Local,Major,6.46,81.8,65.1,55.6,200.9,1217.2,25.7,6.83,8.0,bags_per_acre,Low
Western,Maize,Local,Major,5.53,26.1,94.3,33.1,102.5,1854.3,27.8,7.82,8.27,bags_per_acre,Low
Eastern,Tomato,F1 Hybrid,Minor,5.18,67.4,89.4,65.2,163.7,1170.8,26.6,3.55,2888.6,kg_per_acre,Medium
Western,Tomato,F1 Hybrid,Major,6.03,68.8,84.7,39.1,136.3,1800.4,24.2,5.24,5345.4,kg_per_acre,High
Brong-Ahafo,Tomato,Local,Major,6.27,59.6,74.0,61.0,108.0,886.5,26.6,4.87,1934.0,kg_per_acre,Low
Western,Maize,Hybrid OPV,Major,6.82,17.1,71.2,26.9,120.4,2020.3,25.1,1.72,7.5,bags_per_acre,Low
Eastern,Maize,Pioneer 30G19,Major,5.97,46.3,160.1,54.0,204.1,1304.1,28.1,1.66,19.22,bags_per_acre,Medium
Eastern,Tomato,F1 Hybrid,Minor,6.82,50.1,131.0,31.2,152.8,1320.4,27.3,2.33,3603.9,kg_per_acre,Medium
Brong-Ahafo,Maize,Local,Minor,6.21,31.0,155.6,24.9,159.3,967.3,26.9,0.55,7.88,bags_per_acre,Low
Volta,Tomato,Local,Major,5.88,43.7,63.6,27.5,185.3,955.1,28.8,1.58,1672.0,kg_per_acre,Low
Western,Maize,Hybrid OPV,Major,5.77,46.1,117.4,56.4,170.2,1853.0,25.9,3.87,15.16,bags_per_acre,Medium
Brong-Ahafo,Maize,Pioneer 30G19,Minor,5.51,42.2,143.7,42.2,98.3,1395.3,27.2,1.27,15.52,bags_per_acre,Medium
Brong-Ahafo,Maize,Hybrid OPV,Major,6.54,72.5,64.3,57.2,145.1,1346.2,27.5,0.62,14.53,bags_per_acre,Medium
Eastern,Maize,Pioneer 30G19,Major,6.32,57.3,58.3,56.5,82.1,1406.3,28.8,2.37,15.48,bags_per_acre,Medium
Northern,Tomato,Pectomech,Major,7.35,67.2,129.8,70.5,106.9,830.2,30.0,3.56,2364.7,kg_per_acre,Low
Western,Maize,Local,Major,6.79,57.9,136.7,20.5,94.6,1197.4,27.6,0.93,12.94,bags_per_acre,Medium
Brong-Ahafo,Maize,Local,Major,6.18,59.9,76.6,40.4,46.9,1090.0,26.2,4.1,8.95,bags_per_acre,Low
Eastern,Tomato,F1 Hybrid,Minor,6.6,52.1,107.2,2.0,66.5,1236.0,27.1,0.5,2129.1,kg_per_acre,Low
Volta,Tomato,Local,Major,6.32,49.3,160.9,21.6,72.8,1146.0,27.5,0.5,1724.2,kg_per_acre,Low
Volta,Maize,Hybrid OPV,Minor,6.0,72.6,81.9,12.0,105.5,905.0,24.5,6.91,8.8,bags_per_acre,Low
Volta,Tomato,Pectomech,Major,6.37,44.3,28.2,37.6,159.6,1123.5,27.6,1.57,2247.3,kg_per_acre,Low
Volta,Maize,Local,Major,5.29,67.3,18.9,4.1,120.2,1139.0,28.4,4.38,4.12,bags_per_acre,Low
Western,Tomato,Pectomech,Minor,5.22,52.4,72.8,51.2,173.3,1901.5,26.9,2.23,2388.8,kg_per_acre,Low
Western,Tomato,Pectomech,Minor,4.74,95.0,159.8,49.5,88.6,1775.0,25.0,0.5,1371.0,kg_per_acre,Low
Eastern,Maize,Hybrid OPV,Minor,5.26,66.5,78.1,10.6,251.3,1121.0,28.2,0.5,8.39,bags_per_acre,Low
Volta,Maize,Hybrid OPV,Major,6.69,76.9,140.5,63.9,110.3,1022.5,27.6,2.52,12.42,bags_per_acre,Medium
Western,Tomato,Local,Major,5.83,32.1,112.3,47.6,167.5,2008.2,26.7,5.6,1882.0,kg_per_acre,Low
Volta,Maize,Local,Major,5.41,32.4,120.9,49.2,96.6,918.0,29.3,4.4,6.84,bags_per_acre,Low
Volta,Tomato,F1 Hybrid,Major,6.17,79.8,111.2,99.3,148.3,1136.5,24.6,0.5,3966.9,kg_per_acre,Medium
Volta,Maize,Local,Major,5.66,58.2,122.3,61.1,190.3,1356.8,29.0,5.92,10.31,bags_per_acre,Low
Western,Maize,Pioneer 30G19,Major,4.67,69.7,132.1,36.9,117.5,1888.0,29.2,7.45,9.97,bags_per_acre,Low
Western,Tomato,Pectomech,Minor,5.84,53.5,105.1,25.2,60.4,2185.8,26.7,3.01,2354.8,kg_per_acre,Low
Volta,Maize,Hybrid OPV,Major,6.71,37.1,44.0,45.4,56.2,1055.0,29.0,0.5,10.6,bags_per_acre,Low
Eastern,Tomato,Local,Major,5.77,37.8,62.0,21.1,148.0,1158.4,28.1,6.46,1745.7,kg_per_acre,Low
Ashanti,Maize,Local,Minor,5.75,48.5,42.5,27.9,73.0,1636.4,26.6,4.32,7.35,bags_per_acre,Low
Northern,Tomato,F1 Hybrid,Major,5.88,41.4,104.2,2.0,220.3,906.1,27.6,2.89,2051.2,kg_per_acre,Low
Volta,Tomato,Local,Major,6.3,53.0,143.1,41.9,91.2,1115.3,27.2,4.25,1914.4,kg_per_acre,Low
Volta,Maize,Hybrid OPV,Major,5.92,19.8,130.9,13.3,103.5,1220.6,29.0,0.54,6.45,bags_per_acre,Low
Western,Maize,Pioneer 30G19,Major,5.58,59.6,110.9,61.7,125.5,1867.4,25.1,1.26,19.93,bags_per_acre,Medium
Ashanti,Tomato,F1 Hybrid,Major,6.16,24.9,5.0,51.9,129.7,1612.1,24.4,1.96,2154.6,kg_per_acre,Low
Brong-Ahafo,Maize,Hybrid OPV,Major,7.4,43.8,54.0,23.5,55.8,1294.6,24.8,3.49,10.81,bags_per_acre,Low
Brong-Ahafo,Maize,Local,Major,5.87,61.2,37.7,38.7,160.9,1168.2,27.8,2.25,8.29,bags_per_acre,Low
Brong-Ahafo,Maize,Hybrid OPV,Minor,5.71,46.2,20.7,2.0,164.4,920.7,27.8,1.01,5.59,bags_per_acre,Low
Eastern,Tomato,F1 Hybrid,Minor,6.1,30.9,5.0,36.6,121.5,1259.2,27.8,3.78,1729.4,kg_per_acre,Low
Ashanti,Tomato,F1 Hybrid,Minor,6.06,39.4,43.3,35.2,23.8,1278.6,30.3,0.5,2540.5,kg_per_acre,Medium
Brong-Ahafo,Maize,Local,Major,5.41,53.5,152.1,40.3,139.1,1236.0,27.8,1.01,9.16,bags_per_acre,Low
Ashanti,Tomato,Pectomech,Minor,5.61,45.4,81.1,12.0,88.4,1431.1,28.3,0.5,2050.2,kg_per_acre,Low
Ashanti,Tomato,Local,Major,6.11,65.6,78.1,61.2,147.6,1434.9,24.6,0.78,2444.5,kg_per_acre,Low
Volta,Tomato,F1 Hybrid,Major,5.51,49.4,136.7,53.2,196.9,1008.4,29.0,3.27,3239.7,kg_per_acre,Medium
Volta,Tomato,Local,Major,6.14,53.7,84.4,38.9,196.0,1231.1,27.8,0.5,2211.6,kg_per_acre,Low
Western,Tomato,Local,Minor,6.48,34.3,106.7,34.7,111.7,1994.8,27.1,5.97,1565.6,kg_per_acre,Low
Volta,Tomato,Pectomech,Minor,6.81,32.8,152.6,53.6,121.4,1230.4,27.0,5.94,2221.0,kg_per_acre,Low
Ashanti,Tomato,Pectomech,Major,6.05,44.4,103.8,33.5,34.6,1461.4,25.0,5.86,2878.2,kg_per_acre,Medium
Brong-Ahafo,Tomato,Pectomech,Minor,5.9,36.6,156.9,44.4,279.4,892.4,27.5,0.5,2530.6,kg_per_acre,Medium
Volta,Tomato,Local,Major,5.86,62.4,39.6,28.3,91.6,1643.4,28.8,0.5,1394.2,kg_per_acre,Low
Ashanti,Tomato,F1 Hybrid,Minor,6.26,34.9,110.9,28.5,112.8,1509.8,25.8,0.69,2690.5,kg_per_acre,Medium
Brong-Ahafo,Maize,Local,Minor,6.93,63.0,98.2,47.0,126.6,1229.6,28.1,1.21,7.94,bags_per_acre,Low
Eastern,Maize,Pioneer 30G19,Minor,5.98,39.1,73.7,47.4,70.2,1238.1,27.3,8.57,13.1,bags_per_acre,Medium
Northern,Maize,Pioneer 30G19,Major,6.0,64.2,42.9,13.1,85.8,1131.6,29.1,1.35,7.14,bags_per_acre,Low
Western,Maize,Local,Minor,4.91,79.1,64.7,33.1,185.6,2500.0,23.9,0.72,5.1,bags_per_acre,Low
Northern,Maize,Hybrid OPV,Major,5.27,73.8,88.2,55.1,150.0,948.4,30.3,4.83,8.75,bags_per_acre,Low
Ashanti,Maize,Pioneer 30G19,Major,6.27,65.3,77.2,70.9,142.7,1489.6,27.5,0.8,20.47,bags_per_acre,Medium
Northern,Maize,Local,Major,6.57,36.4,65.5,46.9,264.7,852.3,30.2,0.89,5.94,bags_per_acre,Low
Brong-Ahafo,Maize,Pioneer 30G19,Major,5.93,52.7,67.8,38.0,214.7,1355.0,28.0,6.05,16.86,bags_per_acre,Medium
Brong-Ahafo,Tomato,Pectomech,Major,6.22,64.2,66.2,41.6,80.1,1033.1,26.7,0.66,2696.4,kg_per_acre,Medium
Ashanti,Tomato,F1 Hybrid,Minor,6.28,12.7,40.6,54.2,79.2,1436.5,24.6,3.16,1782.4,kg_per_acre,Low
Volta,Maize,Local,Major,5.39,34.1,95.4,2.0,97.6,1318.1,29.3,4.74,5.22,bags_per_acre,Low
Eastern,Maize,Pioneer 30G19,Major,5.98,49.6,45.1,6.1,32.4,1164.7,23.8,0.75,10.09,bags_per_acre,Low
Ashanti,Maize,Pioneer 30G19,Minor,6.34,79.7,113.4,27.8,162.5,1599.6,27.7,2.99,15.41,bags_per_acre,Medium
Western,Tomato,F1 Hybrid,Major,6.52,26.8,95.0,10.8,171.7,1615.7,22.1,0.78,3018.8,kg_per_acre,Medium
Western,Tomato,F1 Hybrid,Minor,5.9,39.2,84.1,26.9,84.7,2023.2,27.0,0.71,3443.5,kg_per_acre,Medium
Western,Tomato,F1 Hybrid,Minor,4.76,83.5,106.9,37.7,110.2,1350.2,27.5,4.38,1776.0,kg_per_acre,Low
Brong-Ahafo,Tomato,Local,Major,6.65,47.6,57.2,43.8,179.8,1233.7,26.0,5.06,2098.3,kg_per_acre,Low
Volta,Tomato,F1 Hybrid,Major,4.6,58.4,74.3,30.1,25.6,1176.5,25.6,4.55,1134.1,kg_per_acre,Low
Volta,Tomato,Pectomech,Minor,6.18,54.5,81.3,67.4,122.6,1351.0,28.6,5.53,2533.7,kg_per_acre,Medium
Brong-Ahafo,Tomato,F1 Hybrid,Major,6.39,68.3,67.5,32.0,65.8,1393.1,30.1,6.07,3413.9,kg_per_acre,Medium
Ashanti,Tomato,Pectomech,Major,5.83,54.6,51.5,30.9,163.6,1428.3,25.6,1.09,2951.7,kg_per_acre,Medium
Northern,Tomato,Pectomech,Major,6.99,55.6,66.0,46.4,130.8,1144.4,29.4,0.5,2653.8,kg_per_acre,Medium
Northern,Maize,Hybrid OPV,Major,7.07,33.8,117.1,13.4,175.3,902.4,31.5,2.45,8.34,bags_per_acre,Low
Western,Maize,Local,Minor,5.71,56.6,66.0,37.8,134.0,2013.1,27.3,0.5,9.14,bags_per_acre,Low
Volta,Maize,Hybrid OPV,Major,5.76,48.1,72.8,13.5,235.9,1222.3,29.6,6.94,9.74,bags_per_acre,Low
Western,Tomato,F1 Hybrid,Major,5.56,64.4,5.0,14.6,183.9,1745.1,26.1,0.5,2249.2,kg_per_acre,Low
Eastern,Maize,Pioneer 30G19,Major,5.29,68.4,65.7,71.6,112.8,1476.4,23.2,4.17,13.85,bags_per_acre,Medium
Volta,Tomato,Local,Minor,5.35,56.0,97.8,27.9,209.6,1098.5,29.6,0.92,1476.2,kg_per_acre,Low
Volta,Maize,Pioneer 30G19,Major,5.71,52.4,160.2,24.9,65.0,1022.3,28.0,0.85,16.2,bags_per_acre,Medium
Volta,Tomato,Local,Major,6.05,47.7,56.2,42.5,141.6,856.2,24.0,5.69,1757.0,kg_per_acre,Low
Western,Tomato,Local,Minor,6.36,54.8,51.8,47.8,117.0,1186.4,26.4,1.76,1944.1,kg_per_acre,Low
Volta,Tomato,Pectomech,Major,6.18,45.6,77.7,34.8,148.4,998.8,26.9,3.57,2567.3,kg_per_acre,Medium
Brong-Ahafo,Maize,Pioneer 30G19,Minor,6.17,50.8,137.9,35.3,106.8,1367.2,27.4,2.04,15.21,bags_per_acre,Medium
Northern,Maize,Pioneer 30G19,Minor,6.61,59.7,92.9,43.5,155.3,966.1,29.9,0.5,11.2,bags_per_acre,Low
Ashanti,Maize,Pioneer 30G19,Major,6.31,39.1,47.2,44.6,117.7,1528.5,27.2,8.28,16.53,bags_per_acre,Medium
Northern,Tomato,Pectomech,Major,5.92,57.9,117.0,29.8,138.4,1016.5,30.7,7.96,2434.0,kg_per_acre,Low
Brong-Ahafo,Maize,Hybrid OPV,Major,5.59,45.5,111.3,28.0,38.0,1124.4,25.6,0.75,11.88,bags_per_acre,Low
Eastern,Maize,Local,Minor,6.16,63.8,92.5,57.4,166.2,996.0,24.8,3.68,10.3,bags_per_acre,Low
Northern,Tomato,Pectomech,Minor,6.39,66.9,92.2,19.1,57.5,1021.2,30.4,2.63,1848.1,kg_per_acre,Low
Northern,Maize,Local,Major,6.05,80.4,88.2,20.9,194.3,907.7,29.0,0.59,6.08,bags_per_acre,Low
Brong-Ahafo,Tomato,Local,Minor,5.22,62.2,58.3,48.3,165.4,1294.4,27.0,0.53,1552.8,kg_per_acre,Low
Volta,Maize,Hybrid OPV,Major,6.22,30.1,75.5,37.9,146.5,1260.1,29.5,3.26,9.69,bags_per_acre,Low
Volta,Tomato,Local,Minor,6.14,68.5,161.7,30.2,165.5,1001.2,26.3,0.5,1721.8,kg_per_acre,Low
Brong-Ahafo,Tomato,Pectomech,Major,6.27,23.5,68.8,32.8,183.2,1052.4,25.0,0.76,1942.4,kg_per_acre,Low
Volta,Maize,Pioneer 30G19,Major,5.75,51.1,53.6,19.9,146.9,1225.4,28.3,2.63,16.82,bags_per_acre,Medium
Ashanti,Tomato,F1 Hybrid,Minor,6.63,45.3,62.3,2.0,135.7,1767.6,26.9,1.65,2466.6,kg_per_acre,Low
Volta,Tomato,Pectomech,Major,5.23,52.9,81.3,24.0,91.6,1098.9,27.5,1.14,1769.9,kg_per_acre,Low
Volta,Maize,Local,Major,5.55,73.6,104.3,7.7,58.9,1044.0,28.9,0.5,6.94,bags_per_acre,Low
Northern,Maize,Pioneer 30G19,Major,5.81,41.8,130.0,32.5,63.5,691.4,29.6,1.92,9.78,bags_per_acre,Low
Ashanti,Tomato,Local,Major,6.53,61.1,182.1,5.4,199.3,1606.4,25.0,5.3,2026.5,kg_per_acre,Low
Western,Tomato,F1 Hybrid,Major,6.21,48.1,72.6,34.3,132.2,1996.9,26.7,2.95,4336.5,kg_per_acre,Medium
Brong-Ahafo,Tomato,Local,Major,6.9,56.9,124.9,31.7,277.4,1103.3,29.8,2.09,2171.4,kg_per_acre,Low
Northern,Maize,Local,Minor,8.02,59.3,80.5,38.1,148.4,1105.3,27.7,1.32,5.61,bags_per_acre,Low
Northern,Maize,Local,Minor,6.8,26.4,79.3,2.0,56.5,777.2,31.1,5.18,2.66,bags_per_acre,Low
Eastern,Maize,Local,Major,5.74,45.2,215.3,13.4,127.0,1303.8,26.9,6.06,8.07,bags_per_acre,Low
Eastern,Tomato,Pectomech,Minor,5.07,46.3,52.1,30.3,145.4,1241.6,26.3,2.75,1693.4,kg_per_acre,Low
Northern,Maize,Hybrid OPV,Major,6.72,60.1,115.7,35.1,20.0,983.4,26.5,1.91,7.79,bags_per_acre,Low
Ashanti,Maize,Local,Major,5.68,59.2,75.2,18.3,92.1,1489.1,27.1,1.77,9.73,bags_per_acre,Low
Volta,Maize,Pioneer 30G19,Major,5.77,53.7,19.8,41.3,124.6,1230.4,27.3,1.22,12.62,bags_per_acre,Medium
Western,Maize,Hybrid OPV,Minor,5.95,42.5,107.3,20.7,20.0,1509.3,25.8,0.5,9.8,bags_per_acre,Low
Brong-Ahafo,Maize,Pioneer 30G19,Minor,5.99,62.7,62.4,6.8,58.6,966.1,28.7,0.5,9.41,bags_per_acre,Low
Ashanti,Maize,Local,Minor,6.27,63.4,66.9,2.0,100.0,1470.5,24.3,0.5,6.61,bags_per_acre,Low
Northern,Tomato,Pectomech,Minor,6.5,10.0,51.6,63.6,158.6,500.8,27.2,1.39,656.9,kg_per_acre,Low
Brong-Ahafo,Maize,Hybrid OPV,Major,5.59,55.9,121.0,51.8,161.6,1120.4,28.3,0.5,14.84,bags_per_acre,Medium
Western,Tomato,Local,Major,6.86,79.4,38.7,27.5,99.0,1881.5,26.3,0.59,1816.8,kg_per_acre,Low
Volta,Tomato,Pectomech,Major,6.24,46.2,58.6,51.2,144.2,1262.6,27.2,1.21,2636.5,kg_per_acre,Medium
Ashanti,Tomato,F1 Hybrid,Major,5.77,65.4,126.1,68.8,219.3,1565.1,23.9,0.81,5484.1,kg_per_acre,High
Ashanti,Tomato,Pectomech,Major,5.29,53.4,69.1,45.1,123.0,1251.3,25.4,0.81,2908.4,kg_per_acre,Medium
Northern,Tomato,F1 Hybrid,Major,7.34,59.1,145.6,69.2,124.5,1020.0,28.6,1.28,3147.5,kg_per_acre,Medium
Brong-Ahafo,Maize,Hybrid OPV,Minor,6.81,65.6,94.1,29.6,75.3,1163.9,25.2,1.34,11.25,bags_per_acre,Low
Ashanti,Tomato,F1 Hybrid,Minor,5.55,35.0,104.0,18.1,135.6,1313.1,23.8,0.5,2131.8,kg_per_acre,Low
Ashanti,Tomato,F1 Hybrid,Minor,6.07,53.5,107.4,51.9,151.6,1481.6,24.1,4.67,4064.0,kg_per_acre,Medium
Northern,Maize,Hybrid OPV,Minor,6.15,55.8,75.6,10.8,159.3,899.2,29.6,2.92,7.0,bags_per_acre,Low
Eastern,Tomato,F1 Hybrid,Major,5.63,75.0,75.7,22.6,190.5,1302.7,27.0,1.08,3702.6,kg_per_acre,Medium
Eastern,Maize,Hybrid OPV,Major,5.3,78.8,157.8,35.7,92.3,1192.1,27.2,0.67,12.59,bags_per_acre,Medium
Brong-Ahafo,Tomato,F1 Hybrid,Major,5.55,42.8,171.8,15.5,189.6,1195.5,25.5,6.46,4011.2,kg_per_acre,Medium
Brong-Ahafo,Tomato,Pectomech,Minor,5.89,45.8,145.5,20.4,125.3,1334.4,26.0,5.87,2434.2,kg_per_acre,Low
Ashanti,Tomato,Pectomech,Major,6.97,31.0,136.9,27.7,97.0,1200.2,30.1,6.04,2371.3,kg_per_acre,Low
Ashanti,Tomato,F1 Hybrid,Major,6.77,53.3,159.7,76.1,34.7,1439.9,26.6,1.94,3906.4,kg_per_acre,Medium
Northern,Tomato,F1 Hybrid,Major,6.37,63.5,44.5,23.3,119.9,936.2,30.8,0.5,2754.9,kg_per_acre,Medium
Western,Maize,Local,Major,6.21,63.1,54.9,48.2,108.8,1344.3,27.6,1.0,10.49,bags_per_acre,Low
Volta,Maize,Local,Major,5.98,68.0,53.4,55.6,188.1,1148.6,27.6,2.77,8.72,bags_per_acre,Low
Volta,Maize,Local,Minor,5.57,21.1,162.9,17.8,90.3,1275.9,30.6,0.81,4.29,bags_per_acre,Low
Brong-Ahafo,Maize,Pioneer 30G19,Major,6.44,51.4,143.9,42.5,48.7,843.3,26.1,1.71,15.42,bags_per_acre,Medium
Eastern,Maize,Pioneer 30G19,Minor,6.95,60.8,51.9,15.7,165.1,1449.5,29.7,0.5,13.8,bags_per_acre,Medium
Volta,Maize,Local,Major,6.51,24.2,94.6,25.4,212.3,1119.2,24.4,8.41,6.69,bags_per_acre,Low
Brong-Ahafo,Maize,Pioneer 30G19,Minor,5.87,45.7,37.5,39.8,147.9,1388.7,28.4,0.5,13.03,bags_per_acre,Medium
Ashanti,Maize,Hybrid OPV,Major,6.12,28.7,103.2,51.7,20.3,1467.3,28.3,12.85,8.97,bags_per_acre,Low
Northern,Tomato,Pectomech,Major,6.87,82.0,51.4,16.2,64.2,918.7,29.1,0.5,1500.1,kg_per_acre,Low
Volta,Tomato,Pectomech,Minor,6.08,44.3,91.0,18.0,64.7,906.8,26.2,3.64,1976.5,kg_per_acre,Low
Ashanti,Tomato,F1 Hybrid,Major,5.45,56.5,87.8,44.7,39.3,1401.8,29.6,3.48,3178.1,kg_per_acre,Medium
Eastern,Tomato,Pectomech,Major,6.97,50.7,101.6,43.7,181.2,1314.5,31.1,1.2,3044.1,kg_per_acre,Medium
Volta,Tomato,Pectomech,Minor,6.59,58.1,164.1,74.3,147.3,1094.2,28.0,0.57,2528.1,kg_per_acre,Medium
Eastern,Tomato,F1 Hybrid,Minor,5.3,41.6,88.3,11.9,139.3,1266.9,26.3,0.5,2512.5,kg_per_acre,Medium
Eastern,Tomato,F1 Hybrid,Minor,6.14,65.0,60.6,74.1,202.7,1434.0,26.4,0.54,3680.3,kg_per_acre,Medium
Brong-Ahafo,Maize,Local,Major,6.23,65.4,116.1,22.7,91.7,1063.1,27.3,0.97,8.75,bags_per_acre,Low
Northern,Maize,Hybrid OPV,Minor,7.84,46.7,74.9,38.2,225.2,664.8,29.9,0.5,6.03,bags_per_acre,Low
Volta,Maize,Hybrid OPV,Major,5.63,36.3,83.0,28.0,129.9,959.7,29.3,0.5,11.58,bags_per_acre,Low
Ashanti,Tomato,F1 Hybrid,Major,6.49,59.8,45.9,28.4,87.1,1639.5,24.7,0.5,3862.9,kg_per_acre,Medium
Northern,Tomato,Pectomech,Major,6.07,31.9,95.6,20.8,95.6,921.5,27.2,1.02,1398.1,kg_per_acre,Low
Brong-Ahafo,Tomato,Local,Major,5.79,86.2,162.8,44.4,192.6,843.9,26.0,3.93,1871.3,kg_per_acre,Low
Volta,Tomato,Pectomech,Minor,5.4,47.3,93.7,25.3,120.0,885.0,26.3,0.5,1933.0,kg_per_acre,Low
Western,Maize,Hybrid OPV,Minor,5.0,48.7,219.6,52.9,163.2,1974.9,24.6,3.19,10.66,bags_per_acre,Low
Northern,Tomato,Local,Major,6.2,40.6,21.0,58.5,156.7,1007.7,29.9,0.5,1239.7,kg_per_acre,Low
Eastern,Tomato,F1 Hybrid,Minor,5.71,47.1,101.3,73.4,204.9,1245.6,28.0,0.5,3196.0,kg_per_acre,Medium
Eastern,Maize,Pioneer 30G19,Minor,5.87,57.2,114.6,57.8,110.5,1186.7,28.2,2.17,14.0,bags_per_acre,Medium
Brong-Ahafo,Tomato,F1 Hybrid,Major,7.36,64.6,141.9,33.5,144.6,1240.4,27.1,1.2,4326.5,kg_per_acre,Medium
Northern,Tomato,Pectomech,Major,6.28,47.4,74.1,34.2,144.3,895.9,31.2,0.5,2414.9,kg_per_acre,Low
Western,Tomato,Local,Minor,6.91,25.4,155.1,38.7,218.0,1713.1,25.0,2.51,1435.1,kg_per_acre,Low
Eastern,Tomato,Local,Minor,5.57,45.4,77.5,22.6,91.9,1151.9,29.0,3.49,1534.4,kg_per_acre,Low
Ashanti,Tomato,Pectomech,Major,5.41,44.5,158.1,33.5,20.0,1135.6,25.9,4.91,2386.5,kg_per_acre,Low
Western,Maize,Local,Major,4.69,30.8,125.8,2.0,119.1,2056.8,26.6,2.95,3.82,bags_per_acre,Low
Brong-Ahafo,Maize,Hybrid OPV,Minor,6.0,36.6,47.0,49.6,214.4,870.3,26.7,0.5,10.79,bags_per_acre,Low
Ashanti,Tomato,Local,Minor,5.52,53.2,100.3,10.2,148.4,1372.1,23.6,0.5,1372.1,kg_per_acre,Low
Volta,Maize,Pioneer 30G19,Minor,6.68,54.1,54.7,26.8,159.7,1054.3,27.1,1.56,11.81,bags_per_acre,Low
Ashanti,Tomato,F1 Hybrid,Major,5.95,43.0,107.3,44.4,91.1,1271.8,26.3,1.03,3860.3,kg_per_acre,Medium
Northern,Maize,Pioneer 30G19,Major,6.29,37.6,60.7,34.8,87.6,976.1,30.5,10.11,12.48,bags_per_acre,Medium
Northern,Tomato,F1 Hybrid,Major,6.77,58.3,127.2,2.0,124.6,741.7,30.8,0.5,2369.9,kg_per_acre,Low
Ashanti,Maize,Hybrid OPV,Major,6.24,40.4,86.4,35.6,91.3,1268.9,26.6,0.5,13.62,bags_per_acre,Medium
Volta,Tomato,Local,Minor,6.87,43.2,104.6,17.5,34.0,1215.1,27.1,1.94,1103.4,kg_per_acre,Low
Western,Tomato,F1 Hybrid,Major,5.32,77.2,72.6,8.7,142.0,1695.4,24.5,0.5,2722.9,kg_per_acre,Medium
Northern,Tomato,F1 Hybrid,Major,6.61,51.0,104.2,30.4,75.1,929.9,30.5,1.36,2895.1,kg_per_acre,Medium
Northern,Maize,Local,Minor,5.02,23.4,74.0,77.4,131.4,737.3,30.7,3.45,3.08,bags_per_acre,Low
Brong-Ahafo,Tomato,F1 Hybrid,Minor,6.21,42.7,75.2,30.4,174.5,1176.3,28.4,5.14,3466.5,kg_per_acre,Medium
Ashanti,Maize,Pioneer 30G19,Minor,5.89,51.3,28.8,45.3,161.5,1388.8,28.2,0.52,13.39,bags_per_acre,Medium
Western,Maize,Hybrid OPV,Minor,5.46,57.0,73.8,2.0,202.6,1837.3,26.5,2.95,8.49,bags_per_acre,Low
Volta,Tomato,Pectomech,Major,6.86,60.6,75.2,14.7,85.3,1086.2,26.5,0.68,2030.8,kg_per_acre,Low
Brong-Ahafo,Tomato,Pectomech,Major,6.87,46.2,123.8,45.7,82.6,1106.1,29.1,0.5,2710.6,kg_per_acre,Medium
Brong-Ahafo,Tomato,Local,Major,6.02,75.3,127.0,58.0,175.1,1351.4,26.2,0.5,2243.9,kg_per_acre,Low
Eastern,Maize,Pioneer 30G19,Major,6.08,42.7,159.7,18.9,71.1,1369.3,24.2,2.05,15.99,bags_per_acre,Medium
Brong-Ahafo,Maize,Local,Major,6.63,36.2,76.4,30.5,155.1,1073.1,28.6,1.02,10.11,bags_per_acre,Low
Western,Tomato,Pectomech,Major,7.02,54.2,110.4,39.0,159.2,1773.7,25.7,1.54,3934.7,kg_per_acre,Medium
Northern,Maize,Local,Minor,6.88,69.5,51.4,31.7,263.4,888.9,31.2,2.04,6.26,bags_per_acre,Low
Ashanti,Tomato,F1 Hybrid,Major,6.35,60.7,58.0,2.0,108.4,1580.3,28.6,4.09,2886.4,kg_per_acre,Medium
Brong-Ahafo,Tomato,F1 Hybrid,Major,7.38,36.9,133.3,20.6,82.1,1080.8,27.1,0.58,2968.4,kg_per_acre,Medium
Volta,Maize,Pioneer 30G19,Major,5.3,38.3,52.4,24.9,215.9,1075.6,28.2,1.35,12.59,bags_per_acre,Medium
Northern,Tomato,Local,Major,6.47,38.2,27.6,72.1,192.2,705.0,29.7,0.5,1188.9,kg_per_acre,Low
Northern,Tomato,Local,Major,7.19,56.4,59.6,35.2,106.5,787.5,29.4,0.5,1426.5,kg_per_acre,Low
Volta,Maize,Pioneer 30G19,Minor,6.64,67.6,121.6,43.9,153.7,1120.7,28.6,6.95,15.51,bags_per_acre,Medium
Western,Tomato,F1 Hybrid,Major,5.31,51.5,13.6,48.8,140.7,1757.9,26.9,4.1,3024.6,kg_per_acre,Medium
Ashanti,Maize,Hybrid OPV,Minor,5.22,82.0,85.8,70.6,40.2,1296.9,27.7,0.59,8.83,bags_per_acre,Low
Northern,Maize,Hybrid OPV,Major,6.02,41.2,125.6,37.1,122.5,868.4,28.9,1.23,9.12,bags_per_acre,Low
Western,Tomato,Pectomech,Minor,4.78,41.0,82.2,48.3,140.4,2153.8,24.2,7.11,1546.3,kg_per_acre,Low
Western,Tomato,F1 Hybrid,Major,5.57,63.1,83.1,43.3,95.6,1850.6,27.0,1.88,4000.0,kg_per_acre,Medium
Volta,Maize,Hybrid OPV,Minor,5.83,88.4,39.0,19.1,99.4,1029.9,29.3,2.57,6.41,bags_per_acre,Low
Western,Maize,Local,Minor,5.82,61.0,111.2,32.7,54.4,2012.8,27.9,1.59,7.9,bags_per_acre,Low
Western,Maize,Local,Minor,6.68,42.7,16.4,61.6,102.3,1666.3,23.2,1.81,8.18,bags_per_acre,Low
Ashanti,Maize,Pioneer 30G19,Major,5.94,34.4,89.5,42.8,144.0,1588.3,24.3,0.57,15.73,bags_per_acre,Medium
Brong-Ahafo,Maize,Pioneer 30G19,Minor,6.64,38.4,65.5,6.0,48.6,1052.9,27.2,1.19,9.1,bags_per_acre,Low
Northern,Tomato,Pectomech,Major,5.73,35.2,57.1,10.0,194.3,906.8,30.6,5.38,1550.2,kg_per_acre,Low
Western,Tomato,F1 Hybrid,Major,5.56,50.3,141.4,3.2,74.9,2068.3,28.0,2.3,2633.7,kg_per_acre,Medium
Brong-Ahafo,Tomato,Local,Major,6.77,35.5,80.8,43.5,213.2,1014.6,28.4,0.5,1758.0,kg_per_acre,Low
Volta,Tomato,F1 Hybrid,Minor,5.65,50.7,68.9,44.6,145.4,964.1,26.9,1.1,2941.1,kg_per_acre,Medium
Volta,Tomato,Local,Major,5.79,49.2,52.0,39.5,173.1,1197.6,26.0,3.86,1771.1,kg_per_acre,Low
Volta,Tomato,F1 Hybrid,Minor,6.41,64.8,39.3,71.5,131.2,1080.7,28.4,4.03,3312.3,kg_per_acre,Medium
Northern,Tomato,Pectomech,Major,5.35,44.4,118.5,26.5,29.8,775.8,27.5,0.65,1561.0,kg_per_acre,Low
Western,Maize,Local,Major,6.66,48.6,108.1,54.8,88.5,1600.7,24.7,0.8,11.48,bags_per_acre,Low
Eastern,Tomato,Pectomech,Major,5.77,62.0,112.2,60.1,186.9,1210.1,26.9,1.48,3247.7,kg_per_acre,Medium
Ashanti,Maize,Pioneer 30G19,Minor,5.85,54.3,105.2,71.2,125.5,1250.8,24.6,7.28,17.65,bags_per_acre,Medium
Brong-Ahafo,Tomato,F1 Hybrid,Minor,6.45,54.5,5.0,20.9,146.3,1182.5,28.0,0.5,2303.1,kg_per_acre,Low
Volta,Tomato,Local,Minor,6.6,60.3,128.5,65.8,66.6,1039.2,27.0,6.61,1753.7,kg_per_acre,Low
Western,Maize,Pioneer 30G19,Major,5.07,40.9,79.7,33.9,96.4,1911.3,26.0,3.72,13.32,bags_per_acre,Medium
Brong-Ahafo,Tomato,Local,Minor,6.91,41.5,146.6,17.8,69.1,898.5,28.1,0.5,1463.5,kg_per_acre,Low
Northern,Maize,Hybrid OPV,Minor,6.72,59.8,146.0,22.4,48.1,928.0,27.4,2.14,9.11,bags_per_acre,Low
Eastern,Tomato,Pectomech,Major,6.24,43.7,65.3,2.0,106.4,1004.9,30.0,2.54,1779.2,kg_per_acre,Low
Ashanti,Maize,Pioneer 30G19,Major,6.27,32.9,185.6,71.9,205.0,1549.2,26.5,0.98,18.94,bags_per_acre,Medium
Eastern,Tomato,Pectomech,Minor,5.22,69.4,93.0,2.0,134.7,1033.1,26.0,5.1,1510.8,kg_per_acre,Low
Ashanti,Maize,Local,Major,6.29,56.9,97.8,27.9,148.6,1346.8,26.8,3.1,12.11,bags_per_acre,Medium
Western,Tomato,Local,Minor,6.58,58.3,95.5,39.6,208.5,1904.8,28.1,1.16,2182.2,kg_per_acre,Low
Western,Tomato,Pectomech,Major,5.45,57.0,57.6,14.5,20.0,2068.8,25.2,0.5,1762.5,kg_per_acre,Low
Eastern,Maize,Hybrid OPV,Minor,6.5,71.1,111.7,24.4,121.4,1090.9,27.3,1.58,10.66,bags_per_acre,Low
Eastern,Tomato,Local,Minor,5.86,79.3,139.0,2.0,160.4,1252.1,27.8,1.42,1391.2,kg_per_acre,Low
Ashanti,Tomato,Pectomech,Minor,6.72,44.3,92.2,28.8,193.0,889.2,26.5,3.17,2782.6,kg_per_acre,Medium
Eastern,Tomato,Local,Minor,6.37,47.2,70.1,42.9,218.7,1445.1,27.8,0.65,2317.2,kg_per_acre,Low
Western,Tomato,Pectomech,Minor,6.16,64.8,70.2,40.7,182.9,2056.4,25.7,0.5,2993.2,kg_per_acre,Medium
Western,Tomato,F1 Hybrid,Minor,5.69,41.2,75.1,14.1,173.3,2270.3,24.8,2.38,2655.0,kg_per_acre,Medium
Eastern,Tomato,Local,Major,5.82,69.8,143.4,11.8,91.4,1407.9,28.3,1.97,1711.9,kg_per_acre,Low
Volta,Maize,Local,Minor,6.32,51.3,73.0,43.2,123.5,1379.8,28.7,1.98,7.42,bags_per_acre,Low
Ashanti,Tomato,Local,Major,6.95,55.7,94.5,38.0,195.0,1608.9,26.3,0.5,2384.1,kg_per_acre,Low
Western,Maize,Hybrid OPV,Major,5.46,29.6,140.2,25.0,60.3,1763.0,25.9,0.5,9.0,bags_per_acre,Low
Northern,Tomato,Local,Major,7.03,38.0,146.1,43.5,84.6,1020.7,29.2,0.5,1220.8,kg_per_acre,Low
Brong-Ahafo,Tomato,Pectomech,Major,5.63,54.2,113.7,47.6,126.8,1161.5,27.9,0.67,2922.1,kg_per_acre,Medium
Ashanti,Tomato,Local,Minor,5.81,58.6,97.4,43.5,142.2,1630.2,25.1,3.62,1896.0,kg_per_acre,Low
Ashanti,Tomato,Pectomech,Major,5.24,48.5,33.3,48.1,27.4,1585.2,27.1,1.62,1801.9,kg_per_acre,Low
Western,Maize,Hybrid OPV,Minor,6.87,29.8,95.6,36.3,174.7,1614.4,23.2,3.75,11.33,bags_per_acre,Low
Ashanti,Tomato,F1 Hybrid,Major,5.47,63.4,144.8,48.9,145.6,1222.2,25.2,1.63,4534.0,kg_per_acre,Medium
Volta,Tomato,Local,Major,5.83,58.3,81.1,25.2,208.1,1334.6,27.2,0.6,1560.9,kg_per_acre,Low
Western,Maize,Local,Minor,6.72,55.1,50.9,69.8,175.2,1599.5,26.3,11.95,10.07,bags_per_acre,Low
Eastern,Tomato,Local,Major,6.46,51.1,139.6,21.7,191.0,1539.3,26.5,0.96,2130.8,kg_per_acre,Low
Brong-Ahafo,Maize,Hybrid OPV,Major,5.21,67.0,73.6,55.3,165.4,1131.0,27.1,1.24,12.07,bags_per_acre,Medium
Western,Tomato,Local,Major,5.63,42.4,151.7,6.6,136.3,1776.1,27.0,1.58,1774.7,kg_per_acre,Low
Northern,Tomato,Pectomech,Minor,5.81,45.7,128.4,55.6,104.3,842.8,28.5,0.82,1884.3,kg_per_acre,Low
Volta,Tomato,Pectomech,Minor,5.32,35.1,140.1,44.8,62.1,826.3,26.9,2.36,1313.0,kg_per_acre,Low
Brong-Ahafo,Tomato,Pectomech,Major,6.75,52.6,48.5,64.5,95.8,1445.7,29.1,1.99,2894.0,kg_per_acre,Medium
Volta,Tomato,Pectomech,Minor,6.1,52.3,31.5,33.6,147.7,1306.7,26.7,0.74,2386.4,kg_per_acre,Low
Western,Tomato,F1 Hybrid,Major,5.73,76.0,116.9,41.1,108.0,1671.7,27.9,0.5,4694.5,kg_per_acre,Medium
Ashanti,Maize,Pioneer 30G19,Major,5.75,65.8,158.3,52.5,130.5,1334.2,27.5,0.5,19.0,bags_per_acre,Medium
Western,Tomato,F1 Hybrid,Major,5.41,53.0,29.2,21.6,148.7,1963.6,26.6,4.59,2554.3,kg_per_acre,Medium
Western,Tomato,Pectomech,Major,6.21,51.4,99.4,58.3,164.4,1762.8,27.8,1.48,3073.1,kg_per_acre,Medium
Eastern,Maize,Pioneer 30G19,Major,5.99,56.8,87.6,45.8,35.9,1334.8,24.8,1.22,14.3,bags_per_acre,Medium
Western,Maize,Pioneer 30G19,Minor,5.95,69.9,59.1,25.0,101.8,1623.7,25.3,0.5,16.73,bags_per_acre,Medium
Volta,Tomato,F1 Hybrid,Minor,5.97,68.9,55.2,3.8,170.2,948.3,25.3,5.14,2096.7,kg_per_acre,Low
Ashanti,Tomato,Local,Minor,6.53,55.0,155.3,47.4,88.4,1357.2,23.1,5.04,1861.5,kg_per_acre,Low
Eastern,Tomato,Pectomech,Major,6.34,58.2,81.4,20.4,177.3,1349.4,29.1,0.5,3101.3,kg_per_acre,Medium
Volta,Tomato,Local,Major,6.11,66.1,108.0,21.6,137.4,1077.8,28.8,5.02,1832.6,kg_per_acre,Low
Eastern,Tomato,F1 Hybrid,Major,6.55,43.1,17.6,64.7,204.6,1434.5,26.6,1.39,3386.5,kg_per_acre,Medium
Brong-Ahafo,Maize,Local,Minor,7.08,74.6,37.5,2.0,125.1,1401.9,27.2,2.62,4.98,bags_per_acre,Low
Northern,Maize,Hybrid OPV,Minor,6.55,46.2,54.6,38.0,98.5,1061.9,29.3,0.97,7.15,bags_per_acre,Low
Northern,Maize,Pioneer 30G19,Major,7.04,61.0,54.6,40.0,187.8,783.9,30.2,0.72,10.85,bags_per_acre,Low
Ashanti,Tomato,Pectomech,Major,6.18,54.9,110.2,63.9,161.2,1211.1,28.5,1.68,3949.5,kg_per_acre,Medium
Volta,Maize,Pioneer 30G19,Major,6.06,51.5,88.7,61.0,69.1,1375.3,26.0,3.68,14.92,bags_per_acre,Medium
Volta,Maize,Hybrid OPV,Minor,6.42,63.2,104.4,56.0,20.0,1104.1,28.3,5.51,8.62,bags_per_acre,Low
Northern,Maize,Hybrid OPV,Major,6.09,39.9,108.2,21.5,94.1,880.4,29.7,1.01,9.41,bags_per_acre,Low
Eastern,Tomato,Pectomech,Major,5.44,88.8,5.0,20.5,103.1,1454.4,24.8,0.72,1254.3,kg_per_acre,Low
Western,Maize,Pioneer 30G19,Minor,5.54,77.8,59.3,22.9,105.4,1532.7,22.5,0.97,13.36,bags_per_acre,Medium
Ashanti,Maize,Hybrid OPV,Minor,5.85,50.9,29.3,27.9,179.0,1503.5,27.3,0.5,10.12,bags_per_acre,Low
Brong-Ahafo,Maize,Pioneer 30G19,Major,6.67,63.4,114.2,29.4,54.1,1265.9,28.0,6.16,13.62,bags_per_acre,Medium
Eastern,Tomato,F1 Hybrid,Minor,5.12,33.3,95.4,32.4,140.5,1292.3,30.7,4.27,2073.2,kg_per_acre,Low
Ashanti,Maize,Pioneer 30G19,Minor,6.05,22.2,81.2,42.1,211.3,1306.7,25.3,6.64,10.9,bags_per_acre,Low
Brong-Ahafo,Tomato,Pectomech,Minor,5.96,51.2,115.4,41.9,275.6,1272.6,26.5,0.67,2666.7,kg_per_acre,Medium
Ashanti,Tomato,F1 Hybrid,Minor,6.17,37.9,98.7,14.5,190.5,1591.0,27.3,1.73,3111.3,kg_per_acre,Medium
Ashanti,Tomato,F1 Hybrid,Major,5.77,29.3,102.4,3.4,118.3,1612.2,27.4,0.5,1863.6,kg_per_acre,Low
Northern,Tomato,Local,Major,6.44,42.3,121.2,19.3,108.7,992.2,29.1,0.5,1390.4,kg_per_acre,Low
Ashanti,Maize,Pioneer 30G19,Minor,5.56,58.1,52.5,47.9,145.2,1282.9,28.1,0.5,15.01,bags_per_acre,Medium
Volta,Maize,Pioneer 30G19,Major,6.3,55.4,102.6,2.0,172.9,1090.8,28.7,0.5,13.04,bags_per_acre,Medium
Ashanti,Maize,Pioneer 30G19,Major,5.72,90.4,67.4,38.7,214.8,1761.1,29.6,2.82,14.72,bags_per_acre,Medium
Ashanti,Maize,Hybrid OPV,Major,6.25,60.7,47.2,17.2,91.3,1357.0,26.6,0.91,12.0,bags_per_acre,Medium
Volta,Tomato,Pectomech,Minor,6.8,43.9,135.7,28.2,133.8,1147.0,27.3,0.5,2138.3,kg_per_acre,Low
Eastern,Tomato,Local,Minor,6.45,56.6,99.7,2.0,125.2,1061.6,22.9,1.38,1257.3,kg_per_acre,Low
Brong-Ahafo,Maize,Local,Minor,6.64,54.5,128.8,24.1,173.1,1324.6,26.7,5.85,8.93,bags_per_acre,Low
Eastern,Tomato,Local,Minor,5.85,69.8,15.3,35.1,195.7,963.2,27.1,0.5,1553.6,kg_per_acre,Low
Eastern,Maize,Pioneer 30G19,Major,5.68,50.0,126.2,53.8,125.2,1290.9,27.3,2.86,20.19,bags_per_acre,Medium
Northern,Maize,Hybrid OPV,Major,7.09,41.0,80.1,57.1,105.3,923.9,28.6,0.5,9.11,bags_per_acre,Low
Ashanti,Maize,Local,Minor,6.12,40.3,178.9,10.2,158.8,1267.7,26.0,0.5,9.09,bags_per_acre,Low
Brong-Ahafo,Tomato,Pectomech,Minor,6.33,76.5,36.5,31.8,186.6,1083.2,28.7,0.5,2262.7,kg_per_acre,Low
Northern,Maize,Local,Major,6.39,54.7,55.4,53.4,168.7,930.3,27.9,0.5,6.45,bags_per_acre,Low
Volta,Tomato,Pectomech,Major,6.29,54.0,46.2,82.4,102.3,1167.3,26.8,0.89,2096.6,kg_per_acre,Low
Eastern,Tomato,Pectomech,Major,6.14,23.6,82.3,54.7,119.8,1301.2,26.7,0.54,2321.0,kg_per_acre,Low
Eastern,Tomato,F1 Hybrid,Minor,5.4,46.0,45.1,10.9,126.7,1678.6,28.0,0.72,2367.8,kg_per_acre,Low
Northern,Maize,Pioneer 30G19,Major,7.26,37.7,29.0,37.7,148.4,951.0,31.7,0.75,7.78,bags_per_acre,Low
Eastern,Tomato,F1 Hybrid,Minor,4.76,41.1,91.4,8.8,251.2,1178.1,25.7,4.21,1366.4,kg_per_acre,Low
Western,Maize,Pioneer 30G19,Major,6.1,46.9,97.8,45.7,98.2,1783.0,25.7,0.5,20.53,bags_per_acre,Medium
Brong-Ahafo,Tomato,F1 Hybrid,Minor,6.65,56.4,19.5,40.6,136.2,1364.8,28.1,0.72,2799.9,kg_per_acre,Medium
Volta,Maize,Pioneer 30G19,Major,5.32,72.6,45.9,84.0,103.1,1430.7,25.7,4.56,13.74,bags_per_acre,Medium
Western,Maize,Hybrid OPV,Major,5.82,79.2,49.8,51.7,65.6,1527.1,25.8,1.83,12.19,bags_per_acre,Medium
Brong-Ahafo,Tomato,Pectomech,Major,6.08,31.7,98.2,11.3,103.2,1229.2,26.9,0.64,1884.4,kg_per_acre,Low
Western,Tomato,F1 Hybrid,Major,5.77,61.8,92.8,32.3,194.7,1511.3,26.6,3.7,4118.2,kg_per_acre,Medium
Northern,Tomato,Pectomech,Major,7.77,59.8,127.0,62.1,94.2,1075.0,28.7,0.5,2038.9,kg_per_acre,Low
Brong-Ahafo,Tomato,Local,Major,5.56,50.1,56.7,46.9,121.9,1473.6,28.9,3.08,1761.8,kg_per_acre,Low
Volta,Tomato,Pectomech,Minor,6.73,88.6,157.7,11.1,107.5,1096.5,27.7,1.56,1729.1,kg_per_acre,Low
Ashanti,Maize,Pioneer 30G19,Minor,6.11,49.2,28.4,74.7,160.2,1874.2,25.3,1.09,13.79,bags_per_acre,Medium
Volta,Maize,Hybrid OPV,Minor,5.02,39.2,5.0,27.5,115.0,1026.5,29.6,1.84,4.88,bags_per_acre,Low
Volta,Maize,Pioneer 30G19,Minor,6.23,87.5,102.5,18.8,49.7,1057.2,27.6,0.5,7.99,bags_per_acre,Low
Western,Tomato,Pectomech,Minor,6.32,63.5,82.5,51.8,84.6,1691.6,22.8,2.14,2757.8,kg_per_acre,Medium
Volta,Tomato,Pectomech,Major,7.08,55.3,54.9,26.2,64.7,1218.9,26.9,1.62,1615.4,kg_per_acre,Low
Volta,Tomato,Pectomech,Major,6.57,73.0,36.5,37.7,127.8,935.1,28.2,2.59,2209.3,kg_per_acre,Low
Volta,Tomato,F1 Hybrid,Major,5.69,73.5,101.8,20.5,137.3,1090.5,24.9,2.83,2844.0,kg_per_acre,Medium
Eastern,Maize,Hybrid OPV,Major,6.04,33.9,63.6,2.0,163.3,1183.1,25.3,0.73,7.25,bags_per_acre,Low
Eastern,Maize,Local,Major,6.55,44.9,86.7,59.9,158.8,1061.5,25.6,4.12,9.55,bags_per_acre,Low
Ashanti,Tomato,Pectomech,Major,5.66,41.8,75.6,45.8,146.3,1467.5,28.5,0.5,3059.0,kg_per_acre,Medium
Ashanti,Maize,Hybrid OPV,Minor,5.28,60.7,29.0,19.0,203.8,1240.9,27.4,1.62,7.32,bags_per_acre,Low
Northern,Tomato,Local,Major,7.45,37.5,48.4,16.8,149.0,907.5,30.6,6.14,1074.7,kg_per_acre,Low
Brong-Ahafo,Maize,Pioneer 30G19,Major,5.77,36.1,93.4,45.1,22.1,1124.2,26.7,7.25,13.79,bags_per_acre,Medium
Ashanti,Tomato,Pectomech,Minor,6.3,43.2,84.7,36.4,47.5,1259.8,28.5,9.39,2545.5,kg_per_acre,Medium
Western,Maize,Hybrid OPV,Major,6.32,31.8,120.0,42.8,195.1,1647.8,27.3,1.88,14.0,bags_per_acre,Medium
Volta,Maize,Hybrid OPV,Major,6.25,22.1,55.5,37.2,195.7,1321.7,27.4,0.88,7.88,bags_per_acre,Low
Northern,Tomato,F1 Hybrid,Minor,6.46,55.6,106.1,38.6,117.2,892.0,28.7,0.5,2897.0,kg_per_acre,Medium
Western,Maize,Pioneer 30G19,Minor,5.25,78.0,64.6,34.2,160.6,1669.9,23.0,1.21,12.67,bags_per_acre,Medium
Volta,Maize,Local,Minor,6.08,43.1,120.8,48.5,79.2,1099.6,28.8,0.65,8.11,bags_per_acre,Low
Volta,Maize,Local,Minor,6.13,33.5,70.7,2.0,130.2,880.5,28.5,2.25,4.62,bags_per_acre,Low
Eastern,Tomato,F1 Hybrid,Major,6.41,42.5,102.3,6.7,94.6,1147.5,27.9,1.87,2647.0,kg_per_acre,Medium
Eastern,Maize,Pioneer 30G19,Minor,5.97,35.3,90.7,37.6,171.8,1118.3,23.8,0.83,14.3,bags_per_acre,Medium
Volta,Tomato,F1 Hybrid,Major,6.35,38.2,87.6,35.7,145.0,1144.8,31.7,3.12,2924.2,kg_per_acre,Medium
Brong-Ahafo,Tomato,Local,Minor,5.02,56.8,27.3,38.0,135.1,1106.6,25.7,0.98,974.9,kg_per_acre,Low
Northern,Maize,Pioneer 30G19,Major,5.71,71.4,81.1,2.0,91.6,770.7,29.3,0.97,6.89,bags_per_acre,Low
Ashanti,Maize,Pioneer 30G19,Major,6.2,73.2,103.0,27.6,58.6,1684.1,24.7,1.06,17.16,bags_per_acre,Medium
Western,Maize,Local,Major,5.4,73.5,128.1,2.0,70.3,1720.0,24.8,2.73,7.41,bags_per_acre,Low
Eastern,Maize,Pioneer 30G19,Major,5.84,54.2,110.8,36.5,81.5,1642.0,28.1,2.23,17.3,bags_per_acre,Medium
Western,Maize,Local,Major,5.99,30.9,72.3,37.2,223.8,1556.2,27.3,0.97,10.66,bags_per_acre,Low
Brong-Ahafo,Tomato,Pectomech,Major,5.61,55.5,85.3,26.0,82.5,1243.7,26.1,0.5,2088.6,kg_per_acre,Low
Western,Tomato,F1 Hybrid,Major,6.65,47.4,67.0,52.4,158.0,1758.8,27.9,3.69,4740.3,kg_per_acre,Medium
Ashanti,Tomato,F1 Hybrid,Minor,5.48,49.8,120.1,11.3,140.0,1618.7,27.2,2.29,2679.1,kg_per_acre,Medium
Northern,Maize,Pioneer 30G19,Minor,6.32,58.9,24.0,15.4,137.2,911.9,30.1,10.82,7.53,bags_per_acre,Low
Eastern,Maize,Hybrid OPV,Major,5.88,47.0,63.8,45.0,66.8,1370.9,27.7,1.02,12.86,bags_per_acre,Medium
Eastern,Maize,Pioneer 30G19,Minor,4.78,63.5,33.0,2.0,202.9,1128.8,25.8,0.5,6.16,bags_per_acre,Low
Ashanti,Tomato,Local,Major,5.96,43.3,70.8,48.9,101.5,1384.1,29.8,2.12,1889.7,kg_per_acre,Low
Ashanti,Maize,Pioneer 30G19,Major,5.28,17.6,68.0,10.6,102.1,1373.4,25.8,4.32,8.65,bags_per_acre,Low
Brong-Ahafo,Maize,Pioneer 30G19,Major,5.41,60.3,58.0,34.6,128.1,1115.7,25.7,2.91,14.98,bags_per_acre,Medium
Western,Maize,Hybrid OPV,Major,5.73,54.2,59.5,39.2,214.2,1628.8,27.6,0.83,16.55,bags_per_acre,Medium
Western,Maize,Pioneer 30G19,Major,5.49,60.1,116.4,13.5,167.8,1766.7,25.8,6.27,16.05,bags_per_acre,Medium
Eastern,Tomato,Pectomech,Minor,7.07,76.1,93.3,78.6,164.8,1226.8,28.3,0.81,2952.8,kg_per_acre,Medium
Ashanti,Tomato,F1 Hybrid,Minor,6.37,73.0,152.3,45.4,71.8,1513.4,25.2,0.5,3755.2,kg_per_acre,Medium
Brong-Ahafo,Maize,Pioneer 30G19,Minor,5.58,44.1,67.6,24.4,209.0,1191.5,28.6,2.53,14.19,bags_per_acre,Medium
Ashanti,Maize,Local,Minor,6.42,42.7,177.5,2.0,99.0,1385.1,26.2,0.59,6.66,bags_per_acre,Low
Ashanti,Tomato,F1 Hybrid,Minor,6.4,43.0,92.3,21.6,168.8,1614.3,27.2,8.68,3796.5,kg_per_acre,Medium
Northern,Maize,Hybrid OPV,Major,7.12,56.0,35.0,43.1,144.7,823.2,28.3,0.5,7.54,bags_per_acre,Low
Eastern,Tomato,F1 Hybrid,Major,5.68,66.2,117.0,30.3,72.4,1476.5,26.8,0.5,3162.9,kg_per_acre,Medium
Western,Tomato,Pectomech,Minor,6.35,44.8,72.7,78.7,116.4,1961.7,25.8,1.52,2655.8,kg_per_acre,Medium
Volta,Maize,Hybrid OPV,Major,6.49,49.7,112.3,31.4,159.0,1092.9,28.9,0.5,13.29,bags_per_acre,Medium
Brong-Ahafo,Maize,Local,Minor,4.9,32.3,77.8,46.4,156.9,1275.5,26.6,0.5,5.34,bags_per_acre,Low
Brong-Ahafo,Maize,Pioneer 30G19,Minor,6.11,37.9,106.6,34.4,81.4,1471.1,27.3,0.5,14.26,bags_per_acre,Medium
Volta,Maize,Pioneer 30G19,Major,6.18,41.5,68.6,50.1,58.4,1127.9,28.5,3.52,15.02,bags_per_acre,Medium
Brong-Ahafo,Tomato,F1 Hybrid,Major,6.31,46.0,48.5,19.3,196.5,1239.2,28.1,0.5,3130.1,kg_per_acre,Medium
Volta,Maize,Local,Minor,6.73,64.1,112.0,2.0,125.1,1013.5,28.2,5.73,6.17,bags_per_acre,Low
Ashanti,Maize,Pioneer 30G19,Major,6.44,37.7,56.4,34.8,168.2,1209.1,21.3,2.24,15.73,bags_per_acre,Medium
Volta,Tomato,Local,Major,6.11,50.4,29.4,41.8,175.4,1148.9,29.0,2.72,1591.0,kg_per_acre,Low
Volta,Maize,Hybrid OPV,Major,6.72,75.3,53.5,16.7,152.6,916.0,27.1,2.65,10.59,bags_per_acre,Low
Ashanti,Maize,Pioneer 30G19,Minor,6.03,34.9,104.3,46.2,189.6,1589.7,24.4,4.14,14.42,bags_per_acre,Medium
Brong-Ahafo,Tomato,Pectomech,Minor,6.93,41.3,103.1,30.5,59.1,1028.7,25.8,0.5,2352.1,kg_per_acre,Low
Northern,Maize,Local,Major,5.56,63.5,70.9,2.0,128.7,796.2,32.0,2.59,4.08,bags_per_acre,Low
Northern,Tomato,Local,Major,6.56,59.7,140.1,25.9,41.4,922.0,28.8,4.91,1250.7,kg_per_acre,Low
Eastern,Tomato,F1 Hybrid,Minor,6.94,78.5,55.4,29.0,167.7,1177.4,27.8,2.29,3306.6,kg_per_acre,Medium
Northern,Tomato,Local,Major,6.84,27.6,133.5,18.0,114.7,1084.5,31.1,3.03,925.9,kg_per_acre,Low
Western,Tomato,F1 Hybrid,Major,5.87,49.4,86.7,45.3,65.2,1809.3,24.1,2.36,4416.8,kg_per_acre,Medium
Eastern,Tomato,Local,Major,6.02,36.0,52.0,54.8,87.0,1398.6,28.7,2.7,1555.7,kg_per_acre,Low
Western,Tomato,F1 Hybrid,Minor,5.4,68.0,96.4,12.7,116.1,1771.2,22.6,1.35,2997.4,kg_per_acre,Medium
Brong-Ahafo,Maize,Hybrid OPV,Major,5.78,74.8,77.4,65.6,94.7,875.7,27.8,0.5,12.76,bags_per_acre,Medium
Ashanti,Maize,Pioneer 30G19,Minor,5.68,67.4,76.6,26.9,77.5,1476.2,29.6,0.5,13.86,bags_per_acre,Medium
Volta,Tomato,Local,Major,5.86,57.2,23.8,45.5,20.0,1148.7,28.2,3.39,1194.4,kg_per_acre,Low
Western,Tomato,F1 Hybrid,Minor,5.95,65.3,32.0,16.5,196.7,1917.2,24.9,2.13,3536.1,kg_per_acre,Medium
Eastern,Tomato,F1 Hybrid,Major,6.86,58.7,177.7,41.1,99.1,1169.5,26.4,1.7,4007.7,kg_per_acre,Medium
Northern,Maize,Pioneer 30G19,Major,6.18,43.1,104.2,80.8,121.8,950.8,30.8,0.5,12.36,bags_per_acre,Medium
Volta,Tomato,Pectomech,Major,6.24,49.3,124.5,23.6,144.9,1079.6,26.9,0.61,2695.4,kg_per_acre,Medium
Eastern,Maize,Pioneer 30G19,Major,5.92,50.1,102.4,43.7,141.7,1043.9,24.5,0.77,16.88,bags_per_acre,Medium
Eastern,Maize,Hybrid OPV,Major,6.7,26.5,109.0,9.5,102.0,1335.1,27.3,0.5,8.5,bags_per_acre,Low
Volta,Maize,Local,Major,5.96,40.1,128.0,6.7,123.5,1256.6,26.9,5.63,8.01,bags_per_acre,Low
Brong-Ahafo,Tomato,Pectomech,Major,6.3,55.6,101.3,15.8,167.1,1314.6,25.3,3.22,2368.4,kg_per_acre,Low
Eastern,Maize,Pioneer 30G19,Minor,5.88,71.4,74.8,47.1,90.1,1165.1,24.2,0.5,14.83,bags_per_acre,Medium
Ashanti,Tomato,F1 Hybrid,Major,5.37,62.0,116.9,42.7,75.3,1444.9,24.7,3.01,3458.5,kg_per_acre,Medium
Volta,Tomato,F1 Hybrid,Minor,7.01,58.5,111.2,13.5,108.8,986.4,26.2,2.75,2879.0,kg_per_acre,Medium
Ashanti,Maize,Local,Major,5.74,73.1,182.0,27.7,105.5,1661.6,28.9,0.68,9.97,bags_per_acre,Low
Eastern,Tomato,Local,Major,5.84,55.9,152.5,24.1,104.2,1016.8,26.6,3.96,2040.6,kg_per_acre,Low
Brong-Ahafo,Maize,Hybrid OPV,Minor,7.21,59.4,51.3,40.0,171.4,1105.9,28.8,1.81,11.24,bags_per_acre,Low
Western,Tomato,F1 Hybrid,Minor,6.14,45.9,41.0,17.1,225.4,1884.5,26.0,4.46,3291.6,kg_per_acre,Medium
Northern,Maize,Pioneer 30G19,Major,7.18,37.0,114.6,37.7,202.5,971.4,29.5,3.17,13.81,bags_per_acre,Medium
Volta,Tomato,F1 Hybrid,Major,5.31,43.5,73.9,33.3,58.4,1066.3,27.3,0.5,2282.0,kg_per_acre,Low
Eastern,Maize,Pioneer 30G19,Major,6.16,50.7,97.5,18.7,136.7,1320.2,25.1,3.28,17.02,bags_per_acre,Medium
Ashanti,Tomato,F1 Hybrid,Minor,5.71,42.8,86.3,30.2,191.4,1433.6,25.4,7.65,4034.4,kg_per_acre,Medium
Western,Tomato,Pectomech,Major,5.1,42.8,33.4,19.4,108.0,1910.9,25.9,0.59,1748.2,kg_per_acre,Low
Northern,Maize,Pioneer 30G19,Major,7.45,56.9,85.1,18.6,241.2,973.7,28.1,1.02,9.71,bags_per_acre,Low
Eastern,Tomato,Local,Major,4.84,54.1,142.5,8.2,138.2,1467.5,28.5,2.0,1081.4,kg_per_acre,Low
Western,Maize,Local,Major,5.34,73.5,54.1,2.0,158.2,1411.3,24.5,1.31,6.51,bags_per_acre,Low
Northern,Tomato,F1 Hybrid,Minor,6.48,73.6,191.0,17.6,137.7,688.9,29.5,1.02,2275.9,kg_per_acre,Low
Western,Maize,Pioneer 30G19,Minor,5.21,54.5,142.6,16.0,188.4,1704.7,28.4,0.5,14.01,bags_per_acre,Medium
Eastern,Maize,Pioneer 30G19,Major,6.07,39.2,98.2,50.9,97.8,1320.2,26.7,3.19,19.65,bags_per_acre,Medium
Brong-Ahafo,Tomato,Local,Minor,6.32,35.9,90.6,24.9,126.5,1063.7,27.4,0.5,1476.8,kg_per_acre,Low
Ashanti,Tomato,Local,Major,6.3,68.7,132.1,39.5,114.6,1071.3,24.5,1.39,2673.1,kg_per_acre,Medium
Ashanti,Maize,Hybrid OPV,Minor,6.01,60.6,86.6,10.1,77.1,1549.6,28.6,0.5,11.2,bags_per_acre,Low
Volta,Maize,Hybrid OPV,Major,5.58,17.7,99.1,72.7,91.9,1070.1,29.3,2.89,7.51,bags_per_acre,Low
Volta,Maize,Local,Major,6.05,41.9,86.3,30.7,84.5,1161.8,27.4,1.61,8.52,bags_per_acre,Low
Eastern,Tomato,Local,Major,4.86,67.4,24.1,59.5,194.6,1243.3,27.6,0.5,1105.4,kg_per_acre,Low
Northern,Maize,Pioneer 30G19,Minor,6.54,40.5,128.8,24.8,88.0,1031.7,27.9,3.94,9.45,bags_per_acre,Low
Western,Tomato,Local,Major,5.24,65.9,78.9,20.0,117.3,1789.8,25.1,2.17,1877.7,kg_per_acre,Low
Northern,Tomato,Local,Major,5.89,73.9,157.9,26.0,131.2,1090.9,30.7,0.66,1638.8,kg_per_acre,Low
Western,Tomato,Local,Minor,5.49,54.2,124.8,6.2,239.9,2059.4,23.2,0.7,1567.2,kg_per_acre,Low
Northern,Tomato,Local,Minor,6.13,50.6,90.2,39.9,132.0,840.2,30.0,3.02,1511.3,kg_per_acre,Low
Northern,Maize,Pioneer 30G19,Minor,7.12,61.8,189.4,58.8,141.2,994.8,29.2,2.66,10.82,bags_per_acre,Low
Ashanti,Maize,Local,Minor,5.5,40.5,124.9,22.4,121.5,1526.1,26.1,1.62,9.2,bags_per_acre,Low
Northern,Maize,Local,Major,6.27,42.5,67.6,9.0,173.2,1035.4,28.9,0.79,5.39,bags_per_acre,Low
Volta,Maize,Local,Minor,5.6,69.8,95.0,14.2,164.5,1017.3,31.6,3.27,7.86,bags_per_acre,Low
Brong-Ahafo,Tomato,F1 Hybrid,Minor,5.75,36.7,142.6,80.5,230.2,1188.5,28.8,0.5,3118.0,kg_per_acre,Medium
Ashanti,Tomato,Local,Major,5.72,52.3,121.5,37.6,132.4,1489.0,27.5,2.8,2176.0,kg_per_acre,Low
Western,Tomato,F1 Hybrid,Major,6.63,52.7,48.9,31.6,162.7,1818.6,26.4,2.6,4842.5,kg_per_acre,Medium
Eastern,Maize,Pioneer 30G19,Minor,5.77,59.9,74.6,20.9,191.0,1353.1,28.0,0.7,14.05,bags_per_acre,Medium
Ashanti,Tomato,F1 Hybrid,Major,6.61,44.7,147.2,22.7,147.9,1319.7,27.6,2.09,3845.3,kg_per_acre,Medium
Western,Tomato,Local,Major,5.87,56.7,86.3,35.2,97.7,1634.7,24.3,1.36,2081.5,kg_per_acre,Low
Northern,Tomato,Local,Minor,5.28,46.9,101.7,31.8,100.9,656.3,28.5,0.51,879.1,kg_per_acre,Low
Northern,Tomato,Pectomech,Minor,6.89,57.8,109.1,35.7,151.1,883.3,28.5,1.69,1974.0,kg_per_acre,Low
Northern,Tomato,Pectomech,Minor,7.38,71.9,40.8,41.5,126.0,870.4,28.5,4.22,1784.5,kg_per_acre,Low
Western,Maize,Pioneer 30G19,Major,5.73,61.1,129.8,2.7,144.0,1602.6,25.0,0.68,17.36,bags_per_acre,Medium
Western,Tomato,F1 Hybrid,Minor,5.76,32.7,50.0,49.8,60.7,1711.1,24.2,0.5,2671.0,kg_per_acre,Medium
Eastern,Tomato,Local,Minor,5.31,46.1,79.4,51.9,186.0,1098.9,28.4,4.44,1657.1,kg_per_acre,Low
Eastern,Tomato,Pectomech,Minor,6.54,49.1,108.5,39.9,131.0,1161.3,25.5,0.99,2853.6,kg_per_acre,Medium
Western,Maize,Pioneer 30G19,Minor,5.6,60.0,116.5,37.8,84.1,2182.1,24.2,0.81,16.61,bags_per_acre,Medium
Volta,Tomato,Local,Major,5.82,70.2,97.3,23.5,156.3,1250.5,26.3,6.04,1785.1,kg_per_acre,Low
Eastern,Tomato,Local,Minor,6.49,65.7,28.2,30.9,41.5,1363.6,27.1,0.86,1339.7,kg_per_acre,Low
Brong-Ahafo,Tomato,Local,Minor,5.69,56.1,107.3,14.3,101.3,1373.9,25.4,0.93,1499.4,kg_per_acre,Low
Eastern,Tomato,Local,Minor,5.58,47.8,55.9,40.0,235.1,1558.0,27.3,10.6,1783.3,kg_per_acre,Low
Western,Maize,Hybrid OPV,Major,6.74,22.7,37.4,61.2,114.8,1652.2,23.9,2.2,8.55,bags_per_acre,Low
Eastern,Maize,Local,Minor,6.39,54.5,136.6,11.1,87.9,1497.6,26.9,1.1,6.93,bags_per_acre,Low
Western,Tomato,F1 Hybrid,Minor,5.99,62.5,62.7,25.8,137.3,1612.2,24.2,2.32,3573.5,kg_per_acre,Medium
Ashanti,Tomato,Pectomech,Major,5.88,91.6,83.6,7.5,145.5,1368.9,27.1,1.9,2044.5,kg_per_acre,Low
Brong-Ahafo,Tomato,Pectomech,Minor,6.13,61.1,47.9,36.6,254.3,1330.4,27.1,11.85,2580.9,kg_per_acre,Medium
Volta,Maize,Pioneer 30G19,Major,5.9,52.4,176.6,37.1,105.6,1146.2,25.8,2.13,16.06,bags_per_acre,Medium
Northern,Maize,Pioneer 30G19,Minor,5.88,43.5,65.3,51.9,81.3,654.2,26.5,1.75,6.36,bags_per_acre,Low
Volta,Tomato,F1 Hybrid,Major,6.37,28.6,70.5,51.4,143.8,1228.0,30.6,1.28,2432.6,kg_per_acre,Low
Eastern,Tomato,Pectomech,Minor,6.4,45.9,109.4,40.4,252.8,1385.4,27.1,2.11,3069.9,kg_per_acre,Medium
Eastern,Tomato,Pectomech,Major,6.49,50.1,63.6,10.8,150.9,1569.0,26.3,0.7,2526.3,kg_per_acre,Medium
Northern,Maize,Local,Minor,5.77,65.0,111.0,31.6,111.8,870.3,29.5,2.57,5.78,bags_per_acre,Low
Eastern,Maize,Pioneer 30G19,Minor,5.57,45.6,90.8,34.6,114.2,1141.1,28.2,1.62,13.93,bags_per_acre,Medium
Brong-Ahafo,Maize,Hybrid OPV,Major,6.02,57.1,49.4,49.5,128.2,1077.7,28.0,0.68,11.92,bags_per_acre,Low
Ashanti,Tomato,Pectomech,Major,6.12,48.3,138.0,37.8,21.8,1198.9,26.2,4.65,2690.0,kg_per_acre,Medium
Western,Maize,Hybrid OPV,Major,5.94,41.2,66.5,39.6,67.7,1877.0,24.5,1.56,13.83,bags_per_acre,Medium
Brong-Ahafo,Tomato,F1 Hybrid,Minor,6.43,51.0,25.9,42.8,160.8,983.0,26.8,4.43,3012.4,kg_per_acre,Medium
Brong-Ahafo,Tomato,F1 Hybrid,Minor,6.68,39.0,129.9,26.9,196.6,1034.8,27.0,1.05,3076.1,kg_per_acre,Medium
Volta,Tomato,F1 Hybrid,Major,6.24,67.0,155.2,11.9,103.0,1326.0,30.8,5.23,3068.2,kg_per_acre,Medium
Brong-Ahafo,Tomato,F1 Hybrid,Minor,5.18,40.5,99.7,41.5,48.0,1385.4,28.4,2.26,2251.6,kg_per_acre,Low
Volta,Tomato,Pectomech,Minor,6.16,40.8,14.1,59.7,203.5,1045.5,28.8,5.67,1793.9,kg_per_acre,Low
Ashanti,Tomato,Pectomech,Minor,5.31,67.6,60.1,35.9,126.3,1441.4,23.2,2.87,2125.6,kg_per_acre,Low
Western,Maize,Hybrid OPV,Major,5.17,46.7,40.7,54.0,222.9,2167.4,27.6,0.77,9.91,bags_per_acre,Low
Brong-Ahafo,Maize,Pioneer 30G19,Major,5.82,67.4,123.8,41.3,93.1,1175.8,24.0,2.79,19.08,bags_per_acre,Medium
Northern,Tomato,F1 Hybrid,Major,5.69,66.3,66.3,34.9,112.3,716.2,29.4,2.21,2847.4,kg_per_acre,Medium
Eastern,Maize,Pioneer 30G19,Major,6.56,57.1,116.0,62.6,171.1,1455.7,26.3,12.69,21.2,bags_per_acre,Medium
Brong-Ahafo,Tomato,Pectomech,Minor,5.61,45.4,18.3,44.4,149.9,1122.2,26.2,0.8,1819.3,kg_per_acre,Low
Ashanti,Maize,Local,Minor,5.82,54.8,36.1,15.6,196.0,1281.8,24.9,0.5,7.63,bags_per_acre,Low
Northern,Tomato,Local,Major,6.15,77.8,165.1,19.6,93.1,906.6,29.2,2.36,1661.5,kg_per_acre,Low
Northern,Tomato,Local,Major,6.45,60.1,5.0,46.6,62.5,835.8,25.3,0.79,1072.0,kg_per_acre,Low
Ashanti,Tomato,Local,Major,6.04,67.8,51.2,33.4,178.9,1465.0,27.1,0.5,2349.7,kg_per_acre,Low
Eastern,Maize,Hybrid OPV,Minor,6.4,34.1,68.7,68.8,152.6,1433.8,25.2,1.31,10.94,bags_per_acre,Low
Volta,Maize,Pioneer 30G19,Minor,6.09,34.8,163.0,16.8,101.2,986.9,27.9,1.51,13.49,bags_per_acre,Medium
Eastern,Tomato,F1 Hybrid,Major,6.53,62.0,67.1,30.5,113.3,1346.0,29.1,4.25,3553.5,kg_per_acre,Medium
Brong-Ahafo,Tomato,F1 Hybrid,Major,6.0,61.2,112.0,31.0,61.2,1248.9,28.0,0.58,3831.5,kg_per_acre,Medium
Western,Maize,Pioneer 30G19,Major,5.21,30.9,94.3,28.6,164.5,1782.4,26.1,1.65,11.69,bags_per_acre,Low
Volta,Maize,Pioneer 30G19,Major,6.2,68.1,121.4,75.1,144.3,1325.2,27.9,3.57,17.87,bags_per_acre,Medium
Brong-Ahafo,Tomato,Local,Minor,6.43,51.8,83.8,58.8,94.0,1293.8,26.0,1.07,1826.8,kg_per_acre,Low
Eastern,Maize,Local,Major,5.71,44.0,104.7,13.5,213.7,1596.5,28.6,6.12,9.22,bags_per_acre,Low
Western,Maize,Local,Major,5.66,38.6,121.9,2.0,165.5,1558.2,27.7,0.5,9.01,bags_per_acre,Low
Ashanti,Tomato,Local,Minor,5.43,64.3,87.4,36.5,134.0,1373.0,28.3,1.21,1700.4,kg_per_acre,Low
Ashanti,Maize,Local,Major,5.53,56.8,140.0,44.8,73.3,1391.0,27.1,1.41,10.08,bags_per_acre,Low
Eastern,Maize,Local,Major,5.87,35.7,109.3,17.9,216.7,1384.1,26.5,0.5,8.94,bags_per_acre,Low
Eastern,Maize,Local,Minor,5.88,40.4,89.0,51.7,84.8,1326.7,24.2,4.22,7.95,bags_per_acre,Low
Brong-Ahafo,Maize,Hybrid OPV,Minor,5.14,47.1,10.5,17.6,46.4,1261.5,27.2,0.54,4.78,bags_per_acre,Low
Volta,Maize,Hybrid OPV,Minor,5.39,31.4,168.6,57.2,244.1,1042.6,28.0,0.5,9.78,bags_per_acre,Low
Brong-Ahafo,Tomato,Pectomech,Minor,7.17,53.7,85.9,28.0,55.2,1185.5,27.7,0.5,2112.7,kg_per_acre,Low
Northern,Maize,Hybrid OPV,Major,6.38,56.7,111.8,17.0,96.2,668.6,31.1,3.69,6.29,bags_per_acre,Low
Brong-Ahafo,Tomato,Pectomech,Major,7.44,54.4,68.0,88.4,152.7,1358.4,28.1,0.53,2995.1,kg_per_acre,Medium
Northern,Tomato,Local,Major,6.54,68.1,25.9,21.6,127.3,769.6,29.6,2.75,1273.8,kg_per_acre,Low
Brong-Ahafo,Tomato,Local,Major,5.44,53.5,61.4,6.1,75.3,1527.3,29.0,0.69,969.3,kg_per_acre,Low
Western,Maize,Local,Minor,6.56,61.7,106.2,32.7,147.5,1863.4,25.0,0.84,9.33,bags_per_acre,Low
Eastern,Maize,Local,Major,5.57,50.5,76.0,49.7,197.2,1575.6,28.1,0.5,11.57,bags_per_acre,Low
Ashanti,Tomato,Local,Minor,5.23,42.5,113.9,22.3,117.0,1534.0,27.1,4.68,1392.0,kg_per_acre,Low
Northern,Maize,Hybrid OPV,Major,6.33,51.9,72.0,15.6,156.1,815.6,29.7,0.6,7.74,bags_per_acre,Low
Volta,Tomato,Local,Major,6.02,75.0,31.7,37.4,173.9,1456.5,27.1,0.5,1595.6,kg_per_acre,Low
Volta,Tomato,F1 Hybrid,Minor,7.12,61.7,86.2,11.0,141.3,973.0,28.5,1.19,2769.0,kg_per_acre,Medium
Volta,Maize,Hybrid OPV,Major,5.09,56.7,58.2,56.9,130.8,991.6,30.5,1.72,10.01,bags_per_acre,Low
Brong-Ahafo,Maize,Local,Major,5.62,59.4,95.3,28.5,129.9,932.8,27.8,0.5,11.29,bags_per_acre,Low
Northern,Tomato,Pectomech,Major,6.55,56.7,92.2,58.2,124.6,1203.9,30.5,11.05,2670.0,kg_per_acre,Medium
Northern,Maize,Hybrid OPV,Major,6.51,89.1,123.0,30.1,85.1,763.5,30.0,2.26,5.95,bags_per_acre,Low
Eastern,Tomato,Local,Minor,6.26,45.9,121.2,45.4,165.2,1585.2,27.4,2.93,1871.6,kg_per_acre,Low
Eastern,Tomato,Pectomech,Major,5.61,65.7,70.2,27.7,114.1,1188.2,29.0,5.33,2801.1,kg_per_acre,Medium
Brong-Ahafo,Tomato,F1 Hybrid,Minor,6.01,51.6,88.2,8.9,99.2,1330.7,24.0,0.5,2738.8,kg_per_acre,Medium
Volta,Tomato,Pectomech,Major,5.55,47.7,97.3,40.0,188.1,1302.6,28.3,6.55,2618.1,kg_per_acre,Medium
Ashanti,Tomato,Pectomech,Major,6.25,60.2,112.7,23.9,104.5,1538.5,26.7,2.14,2722.5,kg_per_acre,Medium
Western,Tomato,F1 Hybrid,Major,6.43,53.8,27.2,40.2,140.3,2053.4,26.6,1.11,3478.0,kg_per_acre,Medium
Brong-Ahafo,Maize,Pioneer 30G19,Major,6.37,57.8,57.8,37.9,78.3,1031.5,24.8,0.5,16.41,bags_per_acre,Medium
Brong-Ahafo,Tomato,F1 Hybrid,Major,5.7,45.7,81.3,30.3,232.0,1260.5,27.9,5.36,3899.7,kg_per_acre,Medium
Northern,Tomato,F1 Hybrid,Major,6.07,52.1,124.2,30.4,174.1,759.1,29.3,2.03,3060.6,kg_per_acre,Medium
Ashanti,Maize,Local,Major,5.04,57.4,112.9,54.4,170.8,1665.8,27.6,5.03,8.77,bags_per_acre,Low
Western,Tomato,Pectomech,Major,5.29,47.9,47.9,25.5,64.4,1396.7,27.3,6.28,1943.4,kg_per_acre,Low
Eastern,Tomato,F1 Hybrid,Major,5.87,45.1,51.6,27.2,171.1,1360.6,28.4,2.02,3553.9,kg_per_acre,Medium
Western,Tomato,F1 Hybrid,Major,6.08,77.9,50.1,15.3,85.1,1995.9,26.2,0.61,2828.1,kg_per_acre,Medium
Northern,Tomato,Local,Minor,6.97,36.7,66.2,2.0,232.0,980.5,30.5,3.2,848.0,kg_per_acre,Low
Northern,Tomato,Local,Major,6.76,43.0,22.3,42.2,236.1,892.5,27.3,3.5,1414.4,kg_per_acre,Low
Brong-Ahafo,Tomato,F1 Hybrid,Major,6.23,27.3,107.2,18.9,63.1,1066.5,28.0,4.57,2552.3,kg_per_acre,Medium
Brong-Ahafo,Tomato,Local,Minor,6.62,50.0,69.1,20.1,47.1,1358.7,26.9,0.71,1223.8,kg_per_acre,Low
Ashanti,Maize,Local,Minor,6.76,56.7,77.5,3.0,54.7,1496.4,28.1,1.11,7.03,bags_per_acre,Low
Eastern,Maize,Pioneer 30G19,Major,6.31,58.3,59.9,70.7,143.5,1642.4,27.2,2.08,16.17,bags_per_acre,Medium
Ashanti,Maize,Local,Major,5.87,16.0,107.0,37.9,211.3,1510.0,29.9,0.5,6.59,bags_per_acre,Low
Brong-Ahafo,Tomato,Pectomech,Minor,4.8,36.8,146.1,28.1,169.4,1268.4,26.9,1.09,1048.6,kg_per_acre,Low
Western,Maize,Local,Major,6.16,53.6,90.5,19.6,135.5,1345.1,26.1,1.5,12.3,bags_per_acre,Medium
Northern,Maize,Local,Minor,5.9,45.9,98.4,22.4,161.7,1000.9,30.3,3.32,6.49,bags_per_acre,Low
Eastern,Maize,Local,Major,5.44,48.8,107.6,25.8,81.8,1147.4,27.2,0.5,9.16,bags_per_acre,Low
Northern,Tomato,Pectomech,Minor,6.83,63.7,133.2,28.4,134.0,1015.0,31.3,6.42,1941.9,kg_per_acre,Low
Western,Maize,Local,Minor,7.09,45.0,96.4,58.1,96.5,1578.3,26.2,0.5,8.72,bags_per_acre,Low
Eastern,Maize,Pioneer 30G19,Major,5.35,74.4,126.8,35.2,124.3,1150.1,24.7,12.88,14.33,bags_per_acre,Medium
Northern,Tomato,F1 Hybrid,Major,5.76,55.8,103.6,15.2,98.4,642.9,31.6,1.59,1881.0,kg_per_acre,Low
Brong-Ahafo,Tomato,Local,Major,6.29,56.9,53.5,40.2,95.7,1155.7,28.7,0.84,2019.8,kg_per_acre,Low
Brong-Ahafo,Tomato,Pectomech,Major,6.78,41.6,137.8,52.6,160.6,1298.1,26.3,10.28,3482.3,kg_per_acre,Medium
Western,Maize,Hybrid OPV,Minor,4.94,43.3,13.7,24.0,190.5,1758.5,24.0,2.93,6.33,bags_per_acre,Low
Ashanti,Tomato,Pectomech,Minor,5.7,50.8,107.0,43.4,32.3,1591.5,26.9,4.37,2550.9,kg_per_acre,Medium
Northern,Maize,Local,Major,6.6,54.3,124.9,36.0,156.4,1000.2,28.7,0.79,7.66,bags_per_acre,Low
Western,Tomato,F1 Hybrid,Minor,6.87,45.5,149.8,60.6,74.9,2027.3,24.8,0.92,3418.3,kg_per_acre,Medium
Northern,Tomato,F1 Hybrid,Major,7.74,39.2,138.0,46.2,182.8,794.1,32.4,1.52,2541.0,kg_per_acre,Medium
Western,Tomato,F1 Hybrid,Major,4.36,41.8,70.8,2.0,66.3,1364.2,25.7,2.44,998.0,kg_per_acre,Low
Ashanti,Maize,Local,Major,5.92,71.6,86.4,2.0,102.6,1578.7,27.3,4.37,7.01,bags_per_acre,Low
Northern,Maize,Pioneer 30G19,Major,7.23,62.4,136.1,24.1,198.0,798.6,29.6,8.73,10.47,bags_per_acre,Low
Northern,Tomato,F1 Hybrid,Minor,5.98,77.1,25.5,42.2,168.0,1015.0,29.0,1.37,2148.7,kg_per_acre,Low
Eastern,Tomato,Local,Major,5.73,29.3,7.6,13.0,132.5,1197.6,25.3,2.6,915.0,kg_per_acre,Low
Ashanti,Maize,Local,Major,6.43,17.2,80.8,47.6,199.9,1252.7,24.2,1.51,6.46,bags_per_acre,Low
Western,Tomato,F1 Hybrid,Major,6.24,44.3,84.3,2.0,213.0,1455.7,26.4,6.18,3549.1,kg_per_acre,Medium
Volta,Maize,Local,Major,6.89,32.2,72.5,83.7,92.1,1351.1,29.3,0.5,8.48,bags_per_acre,Low
Eastern,Tomato,Pectomech,Major,6.4,34.4,28.7,36.0,87.8,1305.4,27.4,0.65,1627.5,kg_per_acre,Low
Brong-Ahafo,Maize,Pioneer 30G19,Minor,6.0,57.2,74.4,47.7,142.8,1100.2,26.1,0.96,16.14,bags_per_acre,Medium
Volta,Tomato,F1 Hybrid,Minor,6.12,66.5,163.9,40.4,120.4,1089.6,26.7,1.02,3181.5,kg_per_acre,Medium
Volta,Tomato,Local,Major,6.32,89.1,85.5,33.0,96.8,1113.3,28.1,3.85,1561.0,kg_per_acre,Low
Volta,Maize,Hybrid OPV,Major,5.74,43.8,153.4,50.6,104.6,1083.6,28.2,0.79,13.49,bags_per_acre,Medium
Brong-Ahafo,Maize,Local,Minor,6.8,66.6,106.5,36.1,166.2,1250.3,28.8,0.86,10.33,bags_per_acre,Low
Ashanti,Maize,Local,Minor,5.64,88.5,19.2,14.3,139.3,1416.1,27.2,4.61,5.27,bags_per_acre,Low
Ashanti,Tomato,Local,Major,5.59,75.0,110.0,7.0,150.2,1022.0,27.4,2.25,1834.8,kg_per_acre,Low
Western,Maize,Local,Minor,5.78,73.8,78.0,45.2,178.3,1756.7,26.3,4.9,10.1,bags_per_acre,Low
Western,Tomato,Pectomech,Minor,5.0,47.2,95.8,2.0,84.2,1650.4,24.6,0.5,1320.6,kg_per_acre,Low
Northern,Tomato,Local,Major,7.9,77.9,95.6,2.0,127.0,845.8,27.6,0.74,973.7,kg_per_acre,Low
Eastern,Tomato,F1 Hybrid,Minor,4.42,12.1,31.0,27.5,117.5,1389.4,25.2,1.42,512.5,kg_per_acre,Low
Volta,Tomato,Local,Major,5.31,35.2,118.7,28.9,93.5,882.1,25.2,0.5,1136.7,kg_per_acre,Low
Northern,Maize,Pioneer 30G19,Minor,6.63,46.4,121.2,6.5,71.0,1065.2,29.8,5.08,9.3,bags_per_acre,Low
Eastern,Tomato,F1 Hybrid,Major,7.24,61.4,133.3,47.1,206.6,1397.5,23.7,4.33,4038.3,kg_per_acre,Medium
Volta,Tomato,Pectomech,Minor,5.78,70.4,55.6,24.4,208.9,1081.4,28.8,1.97,2118.9,kg_per_acre,Low
Brong-Ahafo,Tomato,Local,Minor,5.71,58.5,75.6,32.6,108.4,1164.0,28.9,2.01,1628.6,kg_per_acre,Low
Brong-Ahafo,Tomato,F1 Hybrid,Minor,6.09,81.8,66.4,39.7,143.5,1020.5,26.8,6.34,3260.4,kg_per_acre,Medium
Volta,Tomato,F1 Hybrid,Minor,6.69,61.1,28.1,45.6,158.7,1165.6,27.6,1.62,2639.9,kg_per_acre,Medium
Northern,Maize,Pioneer 30G19,Minor,7.45,45.3,144.6,35.1,76.4,1180.2,31.5,1.98,9.69,bags_per_acre,Low
Western,Tomato,F1 Hybrid,Minor,6.49,52.9,125.7,30.0,85.9,1591.6,23.6,0.66,3826.7,kg_per_acre,Medium
Eastern,Tomato,F1 Hybrid,Major,5.48,50.2,57.4,30.1,90.5,1479.4,27.0,6.2,2866.9,kg_per_acre,Medium
Northern,Tomato,Pectomech,Major,7.4,47.4,30.9,54.3,45.2,773.5,26.9,3.23,1717.7,kg_per_acre,Low
Eastern,Maize,Pioneer 30G19,Major,5.96,40.5,134.9,40.4,73.1,1404.3,26.3,3.36,17.19,bags_per_acre,Medium
Brong-Ahafo,Maize,Hybrid OPV,Major,6.14,32.0,52.7,43.1,101.2,1110.7,26.1,1.26,9.81,bags_per_acre,Low
Volta,Tomato,F1 Hybrid,Minor,6.93,78.8,94.8,31.0,131.3,1238.4,28.5,2.57,3096.2,kg_per_acre,Medium
Northern,Maize,Pioneer 30G19,Major,6.0,36.3,112.4,37.9,189.8,994.0,27.4,1.51,11.25,bags_per_acre,Low
Brong-Ahafo,Tomato,Pectomech,Major,6.52,32.0,87.6,20.0,56.8,1498.4,29.1,0.99,1759.4,kg_per_acre,Low
Volta,Maize,Hybrid OPV,Major,6.69,64.2,78.2,27.8,176.3,1170.2,28.3,0.61,12.23,bags_per_acre,Medium
Northern,Tomato,Pectomech,Major,6.37,36.1,80.5,26.8,185.5,848.3,29.1,3.22,2167.1,kg_per_acre,Low
Northern,Maize,Pioneer 30G19,Major,6.61,52.0,29.2,33.9,98.4,901.3,30.6,2.17,10.53,bags_per_acre,Low
Volta,Maize,Local,Major,6.66,33.0,70.8,17.8,184.2,1305.5,28.0,0.5,6.73,bags_per_acre,Low
Volta,Tomato,F1 Hybrid,Minor,6.31,58.4,97.0,40.5,147.7,1002.8,26.4,8.33,3332.6,kg_per_acre,Medium
Volta,Tomato,Pectomech,Major,5.94,42.3,106.8,33.5,63.7,1381.7,26.9,0.77,2519.9,kg_per_acre,Medium
Northern,Maize,Hybrid OPV,Minor,5.71,37.7,144.8,45.1,248.2,796.8,31.8,2.12,7.24,bags_per_acre,Low
Volta,Maize,Hybrid OPV,Major,6.69,58.8,52.1,70.5,113.8,958.0,26.6,1.7,10.49,bags_per_acre,Low
Brong-Ahafo,Maize,Pioneer 30G19,Major,7.42,49.4,81.8,49.4,158.7,1426.8,26.9,0.96,17.72,bags_per_acre,Medium
Western,Tomato,Local,Minor,6.15,64.5,47.9,41.9,128.0,1551.4,27.1,3.2,1928.1,kg_per_acre,Low
Eastern,Tomato,Pectomech,Minor,5.35,28.1,120.7,59.1,20.0,1612.5,26.9,2.46,1393.1,kg_per_acre,Low
Northern,Maize,Pioneer 30G19,Minor,5.83,40.2,134.6,23.2,46.3,974.6,28.7,3.29,10.87,bags_per_acre,Low
Ashanti,Tomato,Local,Minor,6.31,76.6,105.3,41.2,46.5,926.5,27.1,2.99,1744.4,kg_per_acre,Low
Western,Maize,Pioneer 30G19,Major,5.83,62.8,75.4,82.8,139.9,1740.0,24.5,0.91,21.99,bags_per_acre,Medium
Western,Tomato,F1 Hybrid,Minor,6.21,42.4,67.2,46.8,82.8,1715.3,26.6,3.63,4412.5,kg_per_acre,Medium
Western,Maize,Local,Major,5.4,44.3,71.7,41.8,155.1,1130.2,27.3,4.16,11.89,bags_per_acre,Low
Ashanti,Tomato,Local,Major,6.45,31.5,98.0,33.4,134.3,1317.0,27.3,0.5,1607.4,kg_per_acre,Low
Ashanti,Tomato,F1 Hybrid,Minor,5.4,46.1,102.7,28.3,124.9,1304.7,24.2,1.75,3148.0,kg_per_acre,Medium
Ashanti,Maize,Local,Minor,6.6,22.9,39.9,42.0,52.4,1188.6,25.7,1.82,5.39,bags_per_acre,Low
Ashanti,Tomato,Local,Major,7.22,43.9,18.1,64.8,84.2,1334.9,24.8,3.31,1617.0,kg_per_acre,Low
Volta,Maize,Pioneer 30G19,Major,5.63,80.1,150.7,48.2,134.9,997.7,27.8,2.25,17.24,bags_per_acre,Medium
Brong-Ahafo,Maize,Pioneer 30G19,Major,6.32,49.5,42.2,48.8,117.8,936.3,26.4,4.13,16.69,bags_per_acre,Medium
Brong-Ahafo,Tomato,Pectomech,Major,5.21,46.9,81.0,33.6,132.0,1222.1,23.6,1.94,2164.6,kg_per_acre,Low
Ashanti,Maize,Pioneer 30G19,Minor,6.73,48.6,92.7,6.5,100.1,1420.0,24.8,0.5,13.45,bags_per_acre,Medium
Western,Maize,Hybrid OPV,Major,6.21,19.7,107.9,22.2,220.9,1937.1,26.2,2.79,9.23,bags_per_acre,Low
Eastern,Maize,Pioneer 30G19,Major,5.59,62.7,182.5,32.6,195.9,1452.7,26.5,3.07,19.94,bags_per_acre,Medium
Ashanti,Tomato,F1 Hybrid,Minor,5.3,57.1,138.2,22.5,40.8,1478.1,27.4,3.98,2855.3,kg_per_acre,Medium
Eastern,Maize,Pioneer 30G19,Major,5.02,55.4,97.0,47.1,275.0,1208.8,25.9,5.0,14.61,bags_per_acre,Medium
Eastern,Tomato,Pectomech,Major,6.11,58.5,86.2,10.1,123.7,1238.4,25.6,0.5,2612.7,kg_per_acre,Medium
Western,Tomato,Pectomech,Major,5.87,66.6,61.0,32.1,185.0,2032.1,26.1,1.42,3914.4,kg_per_acre,Medium
Ashanti,Tomato,F1 Hybrid,Major,5.15,45.1,65.5,56.0,74.2,1263.0,25.9,1.1,2775.2,kg_per_acre,Medium
Ashanti,Tomato,F1 Hybrid,Major,6.5,39.3,30.0,33.2,125.2,1498.7,27.9,1.86,3226.2,kg_per_acre,Medium
Volta,Maize,Pioneer 30G19,Minor,6.2,18.5,190.4,34.6,112.8,1019.0,28.4,0.81,9.38,bags_per_acre,Low
Brong-Ahafo,Tomato,F1 Hybrid,Major,6.06,37.3,120.5,59.7,128.2,1452.8,26.4,1.49,3287.0,kg_per_acre,Medium
Ashanti,Tomato,F1 Hybrid,Minor,5.55,58.0,38.3,40.8,80.0,1271.3,27.2,0.84,2797.0,kg_per_acre,Medium
Western,Maize,Hybrid OPV,Minor,5.68,95.0,89.5,12.6,126.8,1788.8,26.0,2.69,8.47,bags_per_acre,Low
Eastern,Tomato,F1 Hybrid,Major,6.24,75.7,51.9,50.2,124.9,1539.0,25.7,0.57,4002.1,kg_per_acre,Medium
Ashanti,Maize,Local,Minor,6.02,30.3,78.0,34.0,274.1,1199.8,28.7,0.73,8.43,bags_per_acre,Low
Eastern,Tomato,Pectomech,Minor,6.05,86.3,139.3,25.0,64.6,1183.1,26.0,0.6,1794.3,kg_per_acre,Low
Ashanti,Tomato,Pectomech,Major,6.0,70.4,129.3,7.0,162.3,1363.0,26.6,2.23,2548.9,kg_per_acre,Medium
Eastern,Tomato,Pectomech,Major,5.75,41.3,108.2,24.1,100.6,1344.2,28.3,2.99,2597.3,kg_per_acre,Medium
Eastern,Tomato,Local,Major,5.89,53.9,92.2,64.1,85.9,946.3,26.9,0.64,2251.4,kg_per_acre,Low
Volta,Tomato,Local,Major,6.81,22.9,67.3,35.5,81.6,972.5,28.5,3.61,1227.5,kg_per_acre,Low
Volta,Tomato,Local,Minor,6.53,40.1,5.0,48.6,181.0,1131.0,28.2,6.54,1077.3,kg_per_acre,Low
Eastern,Tomato,Local,Major,5.24,47.0,140.7,18.5,193.7,1412.5,27.1,6.73,1469.1,kg_per_acre,Low
Eastern,Tomato,Pectomech,Major,5.71,38.1,94.2,23.5,106.4,1107.4,28.1,4.75,2073.5,kg_per_acre,Low
Eastern,Tomato,F1 Hybrid,Minor,6.77,60.0,109.0,20.6,101.7,1292.8,24.0,10.94,3152.7,kg_per_acre,Medium
Volta,Maize,Hybrid OPV,Minor,5.7,69.3,18.9,62.7,86.1,1179.8,27.1,5.5,7.11,bags_per_acre,Low
Ashanti,Tomato,Local,Major,6.15,58.9,97.9,41.2,223.5,1592.9,26.8,2.5,2577.0,kg_per_acre,Medium
Ashanti,Tomato,Local,Major,5.93,70.1,72.3,28.2,98.8,1198.4,27.7,0.5,2432.6,kg_per_acre,Low
Western,Maize,Pioneer 30G19,Minor,4.79,47.6,85.7,2.6,114.9,1992.1,25.2,1.62,7.64,bags_per_acre,Low
Brong-Ahafo,Maize,Hybrid OPV,Major,5.77,70.2,13.4,6.4,154.9,1236.8,26.7,3.78,8.01,bags_per_acre,Low
Western,Maize,Pioneer 30G19,Major,6.46,46.2,87.5,44.7,189.6,1726.6,28.1,0.66,16.59,bags_per_acre,Medium
Ashanti,Tomato,F1 Hybrid,Major,6.09,66.1,90.5,92.4,38.2,1590.6,26.2,0.5,4301.9,kg_per_acre,Medium
Northern,Tomato,Local,Major,6.16,20.3,141.4,61.5,162.0,712.6,29.9,9.48,1044.8,kg_per_acre,Low
Western,Tomato,F1 Hybrid,Major,5.85,36.9,107.2,48.0,103.9,1505.2,27.9,4.57,4135.7,kg_per_acre,Medium
Brong-Ahafo,Maize,Local,Major,6.94,40.3,158.6,36.9,185.3,1690.8,27.5,1.53,10.36,bags_per_acre,Low
Brong-Ahafo,Tomato,Local,Minor,6.0,33.0,11.0,21.6,20.0,1018.7,28.0,0.5,648.8,kg_per_acre,Low
Eastern,Tomato,Local,Minor,5.95,48.1,133.0,11.0,129.9,1448.1,28.0,9.14,1553.7,kg_per_acre,Low
Ashanti,Maize,Local,Minor,5.28,69.9,142.0,17.7,164.0,1619.1,26.8,0.5,8.88,bags_per_acre,Low
Northern,Tomato,Pectomech,Minor,5.51,46.5,70.5,19.3,86.0,646.9,27.6,0.5,1304.1,kg_per_acre,Low
Western,Maize,Local,Major,5.82,65.4,68.4,2.0,168.8,1876.7,25.3,0.5,8.22,bags_per_acre,Low
Brong-Ahafo,Tomato,Local,Minor,6.22,29.4,130.7,47.5,160.6,1069.9,26.0,0.5,1466.5,kg_per_acre,Low
Eastern,Maize,Local,Minor,6.83,48.6,89.4,54.4,114.6,1158.7,23.6,0.52,9.84,bags_per_acre,Low
Western,Tomato,Pectomech,Minor,5.88,66.5,5.0,34.9,98.5,1832.1,27.4,0.6,1995.7,kg_per_acre,Low
Northern,Tomato,F1 Hybrid,Major,6.95,64.8,71.5,48.4,96.8,761.3,31.2,3.77,2952.0,kg_per_acre,Medium
Northern,Maize,Local,Major,6.1,54.7,94.0,47.2,198.4,904.0,29.6,6.55,8.13,bags_per_acre,Low
Eastern,Maize,Local,Minor,6.2,47.0,178.2,46.3,131.4,1439.4,26.2,9.44,10.17,bags_per_acre,Low
Northern,Maize,Hybrid OPV,Minor,6.9,45.7,87.2,24.8,118.4,764.6,30.1,3.34,7.18,bags_per_acre,Low
Volta,Tomato,F1 Hybrid,Major,5.63,53.0,12.5,23.8,148.6,825.4,23.9,0.5,1893.2,kg_per_acre,Low
Ashanti,Tomato,F1 Hybrid,Major,5.47,36.1,53.2,25.2,108.8,1452.0,25.2,0.5,2821.8,kg_per_acre,Medium
Eastern,Tomato,Local,Major,5.9,58.1,124.5,56.0,41.4,1290.1,29.9,1.54,1980.3,kg_per_acre,Low
Ashanti,Maize,Local,Major,5.1,43.9,58.5,22.6,120.8,1315.0,23.5,2.17,7.96,bags_per_acre,Low
Western,Tomato,Local,Minor,6.26,73.2,90.8,2.9,112.5,1833.3,24.6,1.79,1633.3,kg_per_acre,Low
Northern,Tomato,Pectomech,Minor,7.37,75.4,84.3,39.8,134.5,674.4,29.0,2.51,1859.7,kg_per_acre,Low
Brong-Ahafo,Maize,Local,Major,6.91,49.4,51.8,4.2,62.8,1338.3,26.7,2.01,5.9,bags_per_acre,Low
Northern,Tomato,Local,Minor,6.63,51.5,86.7,10.9,103.2,922.6,28.7,0.5,1175.4,kg_per_acre,Low
Northern,Maize,Hybrid OPV,Major,6.31,57.7,55.5,2.0,194.3,874.8,30.6,2.4,6.08,bags_per_acre,Low
Brong-Ahafo,Maize,Local,Major,5.73,53.2,86.7,50.6,204.8,970.5,25.6,4.53,11.26,bags_per_acre,Low
Ashanti,Maize,Pioneer 30G19,Major,6.58,48.9,84.6,55.1,258.3,1434.6,29.4,3.21,19.42,bags_per_acre,Medium
Western,Maize,Hybrid OPV,Minor,5.41,46.5,128.6,62.1,157.1,1769.6,25.5,0.73,13.63,bags_per_acre,Medium
Northern,Maize,Local,Major,6.28,68.8,116.2,35.0,107.1,845.4,29.7,0.71,6.35,bags_per_acre,Low
Brong-Ahafo,Maize,Local,Minor,5.88,38.7,102.4,39.4,115.0,1480.9,26.2,2.35,7.4,bags_per_acre,Low
Brong-Ahafo,Maize,Pioneer 30G19,Major,6.74,71.1,76.2,22.3,87.2,1303.1,27.5,2.25,15.57,bags_per_acre,Medium
Volta,Tomato,Local,Minor,6.16,52.8,127.8,56.8,168.3,1154.7,26.2,3.38,1656.7,kg_per_acre,Low
Eastern,Maize,Hybrid OPV,Minor,6.64,58.4,60.1,46.7,74.5,1075.1,27.6,1.97,10.25,bags_per_acre,Low
Western,Maize,Hybrid OPV,Minor,6.63,78.8,80.1,2.0,84.9,1706.1,25.4,2.87,8.04,bags_per_acre,Low
Northern,Maize,Local,Major,6.23,66.3,106.9,28.6,114.5,998.5,31.0,3.31,6.11,bags_per_acre,Low
Brong-Ahafo,Tomato,Pectomech,Major,6.4,77.0,54.6,25.3,141.7,1340.9,27.5,0.62,2861.1,kg_per_acre,Medium
Ashanti,Tomato,Local,Major,6.23,49.4,36.8,33.8,124.6,1575.6,25.0,0.51,2063.1,kg_per_acre,Low
Western,Tomato,F1 Hybrid,Minor,5.53,22.0,63.9,15.6,164.0,1651.8,27.1,1.22,2237.1,kg_per_acre,Low
Western,Tomato,F1 Hybrid,Major,6.52,29.7,80.2,43.9,162.3,1801.4,26.6,2.38,3403.8,kg_per_acre,Medium
Ashanti,Tomato,F1 Hybrid,Major,5.73,48.0,47.5,34.1,156.0,1361.6,27.5,1.98,3533.4,kg_per_acre,Medium
Northern,Tomato,F1 Hybrid,Major,5.73,56.7,75.0,23.4,131.8,765.4,27.8,2.08,2115.1,kg_per_acre,Low
Volta,Tomato,Local,Major,6.32,48.2,70.7,18.7,52.2,926.1,27.3,2.57,1235.5,kg_per_acre,Low
Western,Maize,Local,Major,5.51,42.8,61.3,28.1,147.4,1675.5,25.1,0.5,10.3,bags_per_acre,Low
Northern,Tomato,Local,Major,7.54,39.6,53.0,30.3,175.2,977.7,28.2,7.85,1342.1,kg_per_acre,Low
Western,Maize,Hybrid OPV,Major,6.41,45.9,30.6,2.0,199.3,1935.7,25.9,0.52,7.65,bags_per_acre,Low
Western,Tomato,F1 Hybrid,Major,5.64,60.4,164.6,2.0,91.5,1753.9,28.0,1.8,2713.4,kg_per_acre,Medium
Northern,Maize,Local,Major,5.17,41.0,118.4,13.9,76.0,1033.1,30.2,6.34,5.2,bags_per_acre,Low
Western,Maize,Pioneer 30G19,Major,5.52,46.3,78.1,2.0,125.4,1715.6,26.7,1.82,13.25,bags_per_acre,Medium
Volta,Maize,Pioneer 30G19,Major,6.18,54.3,130.4,45.0,102.9,901.6,29.1,2.7,17.41,bags_per_acre,Medium
Ashanti,Maize,Hybrid OPV,Major,6.43,43.3,83.3,40.7,116.3,1689.3,27.2,3.75,14.39,bags_per_acre,Medium
Eastern,Tomato,Local,Minor,5.93,46.9,78.9,27.6,76.5,1492.4,27.3,0.6,1461.5,kg_per_acre,Low
Western,Maize,Pioneer 30G19,Major,5.07,73.4,152.0,52.6,88.1,1732.7,26.0,1.84,14.73,bags_per_acre,Medium
Ashanti,Tomato,Pectomech,Major,5.85,13.0,75.5,33.7,74.4,1307.3,28.8,0.95,1519.1,kg_per_acre,Low
Ashanti,Tomato,Local,Minor,6.73,58.7,128.5,30.3,171.2,1450.3,25.1,0.93,2083.1,kg_per_acre,Low
Volta,Tomato,F1 Hybrid,Major,6.44,38.1,74.5,13.6,124.1,1078.3,28.9,4.25,2816.8,kg_per_acre,Medium
Brong-Ahafo,Maize,Hybrid OPV,Minor,5.85,60.6,123.9,67.1,97.8,1069.5,29.7,2.55,12.15,bags_per_acre,Medium
Northern,Maize,Pioneer 30G19,Major,6.62,46.4,128.8,49.7,149.1,781.5,31.0,0.69,10.65,bags_per_acre,Low
Eastern,Maize,Hybrid OPV,Minor,5.27,36.9,84.2,2.0,131.0,1501.6,24.7,3.19,7.04,bags_per_acre,Low
Western,Maize,Pioneer 30G19,Major,6.44,43.7,131.5,50.3,225.0,1696.7,23.9,2.5,20.45,bags_per_acre,Medium
Brong-Ahafo,Maize,Pioneer 30G19,Major,7.01,52.9,101.5,9.8,127.4,1432.7,27.8,0.5,14.01,bags_per_acre,Medium
Eastern,Maize,Hybrid OPV,Major,5.71,64.7,101.5,2.3,133.4,1160.8,25.5,3.92,8.98,bags_per_acre,Low
Northern,Tomato,F1 Hybrid,Minor,6.97,79.0,71.4,43.1,76.7,1018.2,30.8,4.65,2994.0,kg_per_acre,Medium
Eastern,Maize,Local,Major,6.6,34.2,106.2,26.5,103.8,1142.1,30.7,2.05,8.42,bags_per_acre,Low
Northern,Maize,Local,Major,6.94,71.5,92.5,28.3,167.7,992.1,29.7,1.64,7.4,bags_per_acre,Low
Eastern,Tomato,Pectomech,Minor,6.18,48.3,101.9,59.5,171.9,1557.8,25.5,2.97,3068.5,kg_per_acre,Medium
Northern,Maize,Hybrid OPV,Minor,6.45,83.2,43.0,32.0,100.3,1031.1,26.1,3.7,5.22,bags_per_acre,Low
Eastern,Tomato,Local,Major,5.94,28.9,31.4,33.2,148.5,1419.4,27.3,4.31,1190.2,kg_per_acre,Low
Brong-Ahafo,Maize,Local,Major,6.29,34.9,42.6,67.1,188.8,1199.3,27.5,0.5,8.39,bags_per_acre,Low
Ashanti,Tomato,Local,Major,6.03,74.3,57.6,25.7,84.1,1139.2,26.9,0.5,2196.7,kg_per_acre,Low
Northern,Maize,Hybrid OPV,Major,6.39,54.4,89.7,49.7,156.8,688.9,27.5,1.38,7.29,bags_per_acre,Low
Brong-Ahafo,Maize,Hybrid OPV,Minor,6.13,37.2,90.7,34.7,128.6,1286.0,27.5,2.99,11.17,bags_per_acre,Low
Northern,Tomato,Pectomech,Major,6.26,36.0,83.9,39.1,35.4,792.9,28.6,12.39,1581.8,kg_per_acre,Low
Eastern,Tomato,F1 Hybrid,Minor,4.87,31.4,62.0,39.2,173.3,1428.1,27.8,2.16,1568.8,kg_per_acre,Low
Volta,Tomato,Pectomech,Minor,5.26,52.9,98.2,41.2,159.4,1098.8,24.9,0.5,2013.5,kg_per_acre,Low
Northern,Maize,Pioneer 30G19,Minor,5.66,43.2,92.0,20.3,177.3,807.8,29.8,0.59,9.06,bags_per_acre,Low
Brong-Ahafo,Maize,Local,Major,5.94,73.4,136.8,37.2,59.7,1003.9,27.2,0.5,9.99,bags_per_acre,Low
Northern,Tomato,Local,Minor,7.32,45.2,54.0,47.2,218.4,958.3,31.4,3.36,1534.8,kg_per_acre,Low
Ashanti,Tomato,Pectomech,Major,5.71,34.4,82.1,76.4,29.3,1210.8,28.7,0.5,2509.4,kg_per_acre,Medium
Ashanti,Maize,Local,Minor,6.01,62.6,140.6,27.6,103.7,1572.4,28.1,2.66,10.26,bags_per_acre,Low
Northern,Maize,Pioneer 30G19,Major,6.97,75.2,70.9,51.1,141.7,950.2,28.3,0.74,11.32,bags_per_acre,Low
Northern,Tomato,Local,Minor,6.32,37.2,77.3,11.4,118.0,852.2,30.6,0.66,833.0,kg_per_acre,Low
Eastern,Maize,Local,Major,5.8,32.6,48.4,30.6,149.6,1148.6,27.3,0.5,7.6,bags_per_acre,Low
Eastern,Tomato,Local,Minor,5.58,61.2,56.5,37.8,225.9,1096.9,28.4,2.25,1793.3,kg_per_acre,Low
Northern,Maize,Hybrid OPV,Major,6.37,60.4,84.2,71.5,134.4,1227.7,30.0,0.87,9.71,bags_per_acre,Low
Volta,Maize,Pioneer 30G19,Major,6.29,36.9,54.7,43.8,203.8,1096.5,28.6,0.71,15.36,bags_per_acre,Medium
Northern,Maize,Local,Major,6.07,43.3,59.6,17.7,168.1,734.7,29.1,2.45,4.55,bags_per_acre,Low
Eastern,Maize,Local,Major,5.67,31.2,103.5,25.4,194.6,1166.2,27.7,2.6,8.25,bags_per_acre,Low
Western,Tomato,Local,Minor,6.05,37.2,112.8,20.5,199.7,1586.4,25.6,3.05,1749.7,kg_per_acre,Low
Brong-Ahafo,Maize,Pioneer 30G19,Major,6.18,70.1,75.9,59.2,130.9,1284.7,29.6,5.31,17.79,bags_per_acre,Medium
Volta,Maize,Local,Major,5.81,23.1,71.0,25.7,214.0,1030.1,28.2,0.99,6.8,bags_per_acre,Low
Ashanti,Tomato,Local,Major,5.98,38.4,52.5,21.6,146.1,1366.3,23.1,3.57,1428.7,kg_per_acre,Low
Volta,Maize,Pioneer 30G19,Minor,7.01,65.6,107.6,48.5,120.8,873.3,27.9,6.96,15.12,bags_per_acre,Medium
Western,Tomato,Local,Major,6.5,47.9,38.9,42.5,140.9,2391.4,24.4,1.35,1934.9,kg_per_acre,Low
Ashanti,Maize,Pioneer 30G19,Major,4.88,55.5,43.8,41.4,150.6,1384.4,27.7,0.98,10.64,bags_per_acre,Low
Northern,Maize,Local,Minor,5.9,33.9,36.7,2.6,142.8,850.2,30.8,6.54,2.97,bags_per_acre,Low
Volta,Maize,Local,Major,6.56,26.9,128.3,16.7,152.1,1366.8,26.6,1.21,6.28,bags_per_acre,Low
Ashanti,Maize,Local,Major,6.54,43.3,109.2,89.6,150.8,1367.5,25.3,2.4,11.46,bags_per_acre,Low
Ashanti,Maize,Local,Minor,5.61,56.4,130.2,30.0,148.7,1658.3,27.3,1.29,9.71,bags_per_acre,Low
Northern,Tomato,Local,Major,6.18,68.9,95.6,41.9,193.5,882.7,32.6,0.5,1717.0,kg_per_acre,Low
Northern,Maize,Hybrid OPV,Major,6.66,58.7,93.1,42.4,87.9,739.2,27.8,2.79,6.98,bags_per_acre,Low
Eastern,Tomato,F1 Hybrid,Major,5.07,39.8,88.4,2.0,211.5,1602.9,28.4,5.44,1954.0,kg_per_acre,Low
Volta,Maize,Pioneer 30G19,Major,6.21,50.7,107.3,23.5,192.1,1173.4,28.0,2.31,15.2,bags_per_acre,Medium
Volta,Maize,Hybrid OPV,Major,6.49,20.1,49.7,7.9,118.9,1475.4,28.5,4.07,6.35,bags_per_acre,Low
Northern,Tomato,Pectomech,Minor,7.33,47.3,51.4,69.9,158.6,900.6,30.5,0.5,1981.2,kg_per_acre,Low
Volta,Maize,Hybrid OPV,Major,6.71,86.8,75.8,52.5,232.0,875.5,30.5,0.5,10.26,bags_per_acre,Low
Northern,Tomato,Pectomech,Minor,7.7,47.1,63.5,31.8,112.6,1119.5,28.0,4.65,1805.6,kg_per_acre,Low
Volta,Tomato,F1 Hybrid,Major,5.81,58.4,57.5,21.8,96.0,1067.5,30.5,2.57,2647.6,kg_per_acre,Medium
Volta,Tomato,F1 Hybrid,Major,5.37,35.8,177.0,2.0,154.0,983.5,27.3,0.5,2023.9,kg_per_acre,Low
Eastern,Maize,Pioneer 30G19,Major,5.66,59.6,148.7,40.0,157.3,1467.1,28.2,3.39,17.75,bags_per_acre,Medium
Northern,Tomato,Local,Minor,7.28,47.1,133.4,27.3,81.5,759.2,27.9,0.65,1263.8,kg_per_acre,Low
Ashanti,Tomato,F1 Hybrid,Major,6.34,25.5,81.0,33.3,212.9,1275.4,28.5,4.09,2686.0,kg_per_acre,Medium
Western,Maize,Hybrid OPV,Major,5.61,56.7,107.6,51.7,200.6,1817.2,23.8,0.84,15.1,bags_per_acre,Medium
Ashanti,Maize,Local,Minor,5.57,62.5,67.0,37.4,270.8,1382.7,28.2,0.5,8.79,bags_per_acre,Low
Northern,Tomato,Local,Major,6.59,73.0,121.8,2.0,72.0,947.3,26.8,1.08,1028.7,kg_per_acre,Low
Volta,Tomato,F1 Hybrid,Major,6.08,53.2,24.6,6.7,88.2,992.0,28.9,3.64,1920.0,kg_per_acre,Low
Eastern,Maize,Pioneer 30G19,Major,5.9,44.3,40.6,36.3,87.1,1399.6,26.9,2.22,11.86,bags_per_acre,Low
Eastern,Tomato,Local,Minor,6.11,63.4,64.1,77.9,20.0,1157.0,24.9,0.5,1756.4,kg_per_acre,Low
Ashanti,Tomato,Local,Major,5.67,48.6,54.9,2.0,147.2,1720.8,24.1,3.41,1361.2,kg_per_acre,Low
Volta,Maize,Pioneer 30G19,Major,5.83,19.8,145.0,40.0,104.5,895.0,26.0,0.5,10.9,bags_per_acre,Low
Northern,Maize,Local,Major,6.33,50.2,69.4,53.0,90.4,822.2,28.4,4.08,6.69,bags_per_acre,Low
Volta,Maize,Pioneer 30G19,Minor,5.86,12.1,5.0,41.5,60.0,1108.3,25.6,2.53,4.12,bags_per_acre,Low
Northern,Maize,Local,Major,7.04,39.6,121.7,17.5,94.6,1006.2,30.8,1.11,6.8,bags_per_acre,Low
Eastern,Tomato,F1 Hybrid,Major,5.86,53.3,92.2,21.4,75.4,1131.8,27.5,0.98,3647.4,kg_per_acre,Medium
Brong-Ahafo,Tomato,Pectomech,Major,5.88,38.8,112.1,15.0,189.6,1411.7,25.9,6.05,2358.2,kg_per_acre,Low
Brong-Ahafo,Maize,Pioneer 30G19,Minor,5.51,54.7,71.3,57.7,177.0,1114.1,28.4,2.48,15.52,bags_per_acre,Medium
Volta,Tomato,Pectomech,Major,5.59,51.8,91.4,34.0,112.9,1049.5,28.4,2.32,2606.9,kg_per_acre,Medium
Volta,Tomato,Pectomech,Major,6.91,85.9,83.5,14.4,98.2,1251.1,27.3,4.96,1512.1,kg_per_acre,Low
Volta,Maize,Hybrid OPV,Major,5.91,57.3,123.9,36.4,154.4,991.1,27.8,3.98,12.58,bags_per_acre,Medium
Volta,Maize,Pioneer 30G19,Major,7.2,57.2,80.7,54.5,176.3,709.6,27.8,0.86,12.37,bags_per_acre,Medium
Volta,Tomato,Local,Major,5.73,39.2,82.1,25.2,141.0,1034.9,25.4,0.5,1409.4,kg_per_acre,Low
Ashanti,Tomato,F1 Hybrid,Minor,5.92,58.5,123.9,37.9,112.4,1404.5,26.0,2.95,3338.1,kg_per_acre,Medium
Western,Tomato,F1 Hybrid,Major,6.15,10.0,48.8,66.5,92.2,1687.5,27.7,3.53,2000.6,kg_per_acre,Low
Northern,Tomato,Pectomech,Major,6.71,63.3,43.4,25.2,151.8,1069.7,28.3,4.38,1730.9,kg_per_acre,Low
Volta,Maize,Hybrid OPV,Major,6.15,17.4,123.7,40.2,56.0,1350.5,25.1,14.91,7.42,bags_per_acre,Low
Northern,Tomato,F1 Hybrid,Major,6.82,52.0,18.3,35.6,163.3,766.3,33.0,3.52,2580.4,kg_per_acre,Medium
Ashanti,Maize,Pioneer 30G19,Minor,5.48,44.1,114.7,57.6,293.1,1382.6,25.1,14.02,18.07,bags_per_acre,Medium
Brong-Ahafo,Tomato,Local,Major,7.11,67.7,96.7,39.7,131.5,1226.0,27.0,3.87,1934.7,kg_per_acre,Low
Volta,Tomato,Pectomech,Major,5.82,31.1,122.1,29.9,20.0,1139.3,28.2,5.22,1826.7,kg_per_acre,Low
Western,Maize,Pioneer 30G19,Minor,5.79,37.3,60.8,49.1,80.2,1621.5,26.9,0.5,15.47,bags_per_acre,Medium
Western,Tomato,Pectomech,Major,4.98,38.1,122.4,39.6,135.6,1867.4,25.9,0.58,2243.9,kg_per_acre,Low
Eastern,Tomato,Pectomech,Major,5.45,45.4,151.9,19.6,124.8,1529.6,26.0,1.36,2265.9,kg_per_acre,Low
Northern,Tomato,Pectomech,Major,5.61,37.9,94.1,20.8,20.0,1050.4,27.0,2.72,1423.9,kg_per_acre,Low
Volta,Tomato,Local,Minor,6.2,37.1,24.8,12.9,156.8,1068.1,26.9,1.62,1017.3,kg_per_acre,Low
Northern,Maize,Local,Major,6.33,15.3,127.1,20.9,182.8,1134.4,28.6,0.5,3.75,bags_per_acre,Low
Volta,Maize,Pioneer 30G19,Major,6.21,59.7,67.1,16.2,265.1,1053.3,27.5,3.04,15.29,bags_per_acre,Medium
Volta,Maize,Local,Minor,5.69,63.2,115.6,39.3,225.9,1095.9,27.4,2.26,8.56,bags_per_acre,Low
Ashanti,Maize,Pioneer 30G19,Major,6.46,40.0,149.7,29.6,128.8,1265.5,22.9,1.07,21.11,bags_per_acre,Medium
Eastern,Maize,Local,Major,5.84,28.4,60.2,75.4,47.0,1257.3,26.9,1.9,6.93,bags_per_acre,Low
Volta,Maize,Hybrid OPV,Minor,6.2,64.3,84.8,23.7,136.6,1068.2,26.2,1.3,8.57,bags_per_acre,Low
Northern,Tomato,Local,Major,6.4,57.9,50.4,35.6,123.3,796.7,28.2,2.07,1623.3,kg_per_acre,Low
Brong-Ahafo,Tomato,Pectomech,Minor,6.71,38.3,44.3,42.6,85.2,1097.3,28.7,0.74,2113.9,kg_per_acre,Low
Western,Maize,Pioneer 30G19,Minor,6.62,57.4,137.5,15.7,107.2,1640.7,26.3,0.63,16.11,bags_per_acre,Medium
Western,Tomato,Local,Major,6.43,39.4,66.0,46.9,130.2,1928.6,26.2,3.2,2252.1,kg_per_acre,Low
Northern,Maize,Local,Minor,4.7,51.6,121.7,54.9,91.6,857.9,28.6,0.87,3.55,bags_per_acre,Low
Brong-Ahafo,Tomato,Pectomech,Major,5.73,44.3,72.2,18.1,34.2,1382.4,28.7,0.5,1785.3,kg_per_acre,Low
Volta,Tomato,Local,Major,5.76,59.1,154.1,61.8,125.9,963.1,27.5,3.75,1713.4,kg_per_acre,Low
Eastern,Maize,Pioneer 30G19,Major,6.43,58.2,58.9,27.1,136.9,1232.5,24.6,4.45,16.09,bags_per_acre,Medium
Northern,Maize,Hybrid OPV,Major,7.21,54.7,64.5,2.0,32.1,866.7,31.6,2.17,4.13,bags_per_acre,Low
Eastern,Maize,Pioneer 30G19,Major,5.9,52.3,52.5,2.0,242.7,1135.3,27.2,2.01,11.41,bags_per_acre,Low
Volta,Tomato,F1 Hybrid,Minor,6.79,76.2,130.0,40.3,137.5,1268.4,27.6,0.6,3676.6,kg_per_acre,Medium
Western,Maize,Hybrid OPV,Major,6.32,88.4,109.2,29.4,121.1,1955.7,25.4,3.34,12.04,bags_per_acre,Medium
Northern,Tomato,Pectomech,Major,7.01,58.7,66.2,35.8,70.9,899.7,33.9,8.91,2406.6,kg_per_acre,Low
Eastern,Maize,Local,Major,5.15,65.0,97.5,59.5,147.7,1298.9,27.3,2.87,7.59,bags_per_acre,Low
Western,Tomato,Pectomech,Minor,7.17,41.0,52.4,16.1,197.2,1644.3,24.5,4.78,2427.2,kg_per_acre,Low
Brong-Ahafo,Tomato,F1 Hybrid,Major,6.75,52.0,20.5,27.8,119.0,1318.9,24.1,2.72,2965.1,kg_per_acre,Medium
Northern,Maize,Hybrid OPV,Minor,7.13,51.2,136.5,22.6,168.9,799.6,28.1,0.8,7.23,bags_per_acre,Low
Western,Tomato,Local,Major,6.27,36.0,58.7,37.4,109.8,1556.1,26.6,1.34,1858.2,kg_per_acre,Low
Ashanti,Tomato,F1 Hybrid,Major,6.36,53.7,130.3,45.4,131.4,1345.4,26.4,0.5,3385.6,kg_per_acre,Medium
Volta,Maize,Local,Major,5.43,62.1,5.0,11.6,207.7,1065.6,28.1,3.92,4.35,bags_per_acre,Low
Volta,Tomato,Pectomech,Major,6.71,46.4,41.4,2.0,108.2,1162.7,26.8,3.88,1401.9,kg_per_acre,Low
Northern,Tomato,Pectomech,Minor,7.21,73.8,17.5,6.4,190.3,1021.8,30.3,7.79,1192.2,kg_per_acre,Low
Ashanti,Maize,Local,Major,5.63,52.5,103.9,58.3,144.6,1515.5,27.5,1.41,13.77,bags_per_acre,Medium
Western,Maize,Hybrid OPV,Major,5.58,33.6,137.1,23.3,70.3,1806.6,24.8,0.76,13.22,bags_per_acre,Medium
Volta,Maize,Hybrid OPV,Minor,6.79,36.9,143.7,58.4,63.4,1197.8,27.7,1.38,9.98,bags_per_acre,Low
Brong-Ahafo,Tomato,Pectomech,Major,6.44,25.2,60.1,2.0,194.0,1196.0,23.9,0.71,1397.7,kg_per_acre,Low
Ashanti,Maize,Pioneer 30G19,Minor,5.87,33.3,155.3,6.4,105.8,1423.5,28.7,1.75,10.84,bags_per_acre,Low
Volta,Maize,Hybrid OPV,Major,6.66,61.5,137.6,40.8,84.1,994.6,28.1,2.78,13.41,bags_per_acre,Medium
Northern,Maize,Local,Major,6.41,13.5,72.4,70.8,130.7,857.0,29.5,0.5,3.72,bags_per_acre,Low
Northern,Maize,Local,Major,5.29,43.8,150.4,40.3,64.1,1042.4,31.3,0.5,6.21,bags_per_acre,Low
Western,Maize,Hybrid OPV,Major,5.72,63.6,91.3,41.1,151.9,1854.0,26.9,1.95,14.95,bags_per_acre,Medium
Volta,Maize,Pioneer 30G19,Minor,5.57,74.1,105.9,47.5,111.9,897.2,29.2,1.52,13.9,bags_per_acre,Medium
Western,Tomato,Local,Major,6.86,36.8,58.1,5.5,134.7,1809.6,28.1,3.59,1595.1,kg_per_acre,Low
Brong-Ahafo,Maize,Hybrid OPV,Minor,6.75,46.1,46.5,37.1,165.7,1347.3,29.5,0.5,13.29,bags_per_acre,Medium
Northern,Maize,Local,Major,6.61,66.1,114.8,89.9,90.7,935.3,31.8,1.73,8.48,bags_per_acre,Low
Brong-Ahafo,Maize,Local,Minor,5.95,46.9,93.8,39.0,129.8,1472.9,25.7,2.05,9.05,bags_per_acre,Low
Ashanti,Maize,Local,Major,6.58,44.8,63.4,62.2,20.0,1682.6,26.0,1.58,8.29,bags_per_acre,Low
Northern,Tomato,Pectomech,Major,6.81,56.9,110.4,47.2,193.7,1005.5,29.4,0.5,2624.9,kg_per_acre,Medium
Eastern,Maize,Local,Major,5.86,32.5,99.6,18.6,189.5,1203.1,24.3,10.32,9.06,bags_per_acre,Low
Brong-Ahafo,Tomato,F1 Hybrid,Major,6.8,30.0,139.7,52.0,121.4,1346.7,26.4,1.41,2918.6,kg_per_acre,Medium
Ashanti,Maize,Hybrid OPV,Minor,6.74,65.2,72.7,28.2,34.8,1660.0,27.8,1.07,10.11,bags_per_acre,Low
Northern,Tomato,Local,Minor,5.88,71.2,90.4,20.1,127.5,891.1,30.3,0.87,1117.4,kg_per_acre,Low
Volta,Maize,Local,Major,6.3,55.6,139.6,2.0,149.4,1152.1,26.5,2.55,8.04,bags_per_acre,Low
Eastern,Maize,Local,Minor,6.15,74.4,70.5,48.9,84.7,1356.1,28.4,4.37,7.11,bags_per_acre,Low
Northern,Tomato,F1 Hybrid,Major,6.55,49.8,110.8,32.2,199.6,855.0,28.0,2.26,2985.9,kg_per_acre,Medium
Volta,Tomato,Local,Major,6.21,58.3,38.3,56.5,121.5,1080.5,27.2,0.5,1404.1,kg_per_acre,Low
Northern,Tomato,Pectomech,Minor,6.7,62.9,96.8,60.5,24.1,985.1,29.2,2.75,1594.0,kg_per_acre,Low
Western,Maize,Pioneer 30G19,Major,6.21,35.7,83.9,65.9,85.0,2284.9,25.8,4.61,16.47,bags_per_acre,Medium
Brong-Ahafo,Maize,Local,Major,6.2,35.8,13.0,49.5,161.8,1274.7,29.2,1.66,6.44,bags_per_acre,Low
Ashanti,Maize,Pioneer 30G19,Minor,6.14,42.7,81.7,25.1,97.6,1552.9,27.0,2.48,14.12,bags_per_acre,Medium
Ashanti,Tomato,F1 Hybrid,Minor,5.41,47.5,76.5,31.6,169.9,1424.6,28.3,1.48,3133.3,kg_per_acre,Medium
Volta,Tomato,F1 Hybrid,Major,6.14,53.0,131.5,57.6,98.4,1204.3,26.4,0.54,3660.3,kg_per_acre,Medium
Eastern,Tomato,Local,Major,6.02,41.4,59.2,54.3,75.2,1405.8,27.3,1.46,1873.3,kg_per_acre,Low
Ashanti,Tomato,Pectomech,Major,6.37,75.2,60.6,2.0,112.1,1231.3,25.5,0.5,2147.8,kg_per_acre,Low
Brong-Ahafo,Tomato,Pectomech,Minor,6.45,34.9,139.4,47.7,215.7,1091.3,27.3,0.61,2370.6,kg_per_acre,Low
Brong-Ahafo,Tomato,F1 Hybrid,Major,6.21,34.3,93.3,34.9,201.6,1280.8,28.7,2.39,3221.3,kg_per_acre,Medium
Volta,Tomato,F1 Hybrid,Major,6.81,29.3,81.0,22.8,124.2,1318.6,28.0,6.6,2615.3,kg_per_acre,Medium
Brong-Ahafo,Tomato,F1 Hybrid,Minor,5.86,46.9,148.0,12.6,90.0,1077.0,29.6,3.66,3288.5,kg_per_acre,Medium
Brong-Ahafo,Tomato,F1 Hybrid,Major,6.53,39.1,65.8,2.0,113.8,1025.9,27.3,0.5,2147.8,kg_per_acre,Low
Ashanti,Maize,Local,Major,5.81,51.3,91.0,2.0,129.2,1275.8,25.8,2.66,8.98,bags_per_acre,Low
Western,Maize,Local,Major,5.72,54.2,104.5,41.4,118.0,1884.5,25.4,2.01,11.65,bags_per_acre,Low
Western,Maize,Local,Minor,6.61,29.3,36.8,2.0,91.5,1835.6,26.0,0.5,4.2,bags_per_acre,Low
Volta,Tomato,Local,Major,5.58,58.7,49.1,67.1,174.8,1089.0,29.7,1.13,1522.1,kg_per_acre,Low
Brong-Ahafo,Maize,Hybrid OPV,Minor,6.5,42.8,93.9,46.0,67.9,1402.2,29.3,6.57,10.82,bags_per_acre,Low
Brong-Ahafo,Maize,Pioneer 30G19,Major,6.44,27.9,32.2,35.4,128.8,1255.0,30.0,0.54,11.19,bags_per_acre,Low
Western,Maize,Pioneer 30G19,Minor,5.55,61.3,127.9,28.9,62.0,2080.4,25.7,4.19,16.58,bags_per_acre,Medium
Western,Maize,Hybrid OPV,Minor,5.41,38.4,70.2,21.7,136.0,1461.5,26.8,0.54,11.42,bags_per_acre,Low
Eastern,Maize,Pioneer 30G19,Minor,5.61,49.8,77.5,24.0,152.9,1246.9,27.8,3.67,15.66,bags_per_acre,Medium
Northern,Tomato,F1 Hybrid,Major,8.19,68.2,136.0,5.8,91.1,910.5,28.0,1.28,2154.1,kg_per_acre,Low
Ashanti,Maize,Hybrid OPV,Major,6.21,80.2,59.0,10.1,32.2,1669.3,27.5,0.5,7.92,bags_per_acre,Low
Western,Maize,Pioneer 30G19,Major,5.26,25.0,5.0,58.9,44.5,2144.6,26.9,3.43,5.67,bags_per_acre,Low
Brong-Ahafo,Maize,Hybrid OPV,Minor,5.48,45.2,51.0,37.6,79.0,1092.8,25.8,0.5,9.5,bags_per_acre,Low
Volta,Maize,Local,Minor,5.95,51.2,109.2,6.0,150.3,992.8,26.0,4.19,7.27,bags_per_acre,Low
Western,Maize,Hybrid OPV,Minor,5.79,62.2,113.6,30.6,133.5,1718.2,23.6,1.4,13.98,bags_per_acre,Medium
Brong-Ahafo,Tomato,Pectomech,Minor,5.89,76.9,133.2,19.5,98.2,1541.6,25.7,0.6,2159.6,kg_per_acre,Low
Brong-Ahafo,Tomato,Pectomech,Major,5.9,44.7,97.9,25.0,199.7,1177.6,28.8,0.91,2716.2,kg_per_acre,Medium
Eastern,Maize,Hybrid OPV,Major,5.14,48.2,52.0,13.3,43.7,1020.7,26.1,0.5,7.55,bags_per_acre,Low
Eastern,Maize,Pioneer 30G19,Major,5.62,43.5,101.7,15.5,192.0,1477.8,27.8,5.31,15.67,bags_per_acre,Medium
Northern,Tomato,F1 Hybrid,Minor,7.3,46.4,105.4,13.2,23.3,907.8,30.1,1.62,1977.1,kg_per_acre,Low
Western,Tomato,Local,Major,5.0,38.7,24.3,8.9,156.4,1744.8,26.1,5.78,1044.5,kg_per_acre,Low
Eastern,Tomato,Pectomech,Major,6.04,34.1,57.2,53.5,233.2,1129.9,25.8,2.81,2449.9,kg_per_acre,Low
Brong-Ahafo,Maize,Local,Major,5.11,34.8,101.3,36.8,147.9,1201.1,26.7,0.95,6.99,bags_per_acre,Low
Western,Tomato,Local,Major,5.9,62.5,115.5,25.5,100.7,1940.8,26.9,0.5,2196.5,kg_per_acre,Low
Eastern,Maize,Pioneer 30G19,Major,5.6,60.3,42.9,2.3,143.3,1407.6,26.0,1.66,9.61,bags_per_acre,Low
Brong-Ahafo,Tomato,Local,Minor,5.12,35.3,135.6,44.7,76.6,1089.9,29.0,5.78,1170.2,kg_per_acre,Low
Volta,Tomato,F1 Hybrid,Minor,6.23,56.4,83.6,30.0,227.0,1174.0,26.9,0.93,3156.6,kg_per_acre,Medium
Eastern,Tomato,Local,Minor,6.16,53.3,87.8,68.5,85.7,1139.6,28.2,1.88,1980.6,kg_per_acre,Low
Volta,Maize,Hybrid OPV,Major,5.91,59.1,65.8,52.3,82.9,1237.2,29.8,1.06,12.73,bags_per_acre,Medium
Volta,Tomato,Local,Minor,6.88,63.5,87.3,47.3,151.9,967.6,27.3,0.5,1937.5,kg_per_acre,Low
Volta,Maize,Hybrid OPV,Minor,5.5,42.0,61.9,45.5,106.8,860.1,29.1,1.03,7.87,bags_per_acre,Low
Brong-Ahafo,Maize,Hybrid OPV,Major,6.42,39.1,75.7,4.5,119.3,1151.2,27.6,0.5,9.53,bags_per_acre,Low
Volta,Tomato,F1 Hybrid,Major,6.06,66.0,121.8,61.7,116.4,1122.2,27.4,0.5,3588.0,kg_per_acre,Medium
Western,Maize,Local,Major,6.18,50.2,71.8,39.9,156.1,1955.7,27.6,1.29,10.77,bags_per_acre,Low
Eastern,Maize,Hybrid OPV,Major,6.57,48.0,62.7,41.7,234.3,1282.1,26.9,7.06,11.34,bags_per_acre,Low
Brong-Ahafo,Maize,Hybrid OPV,Major,6.91,41.3,127.2,71.2,196.8,1216.9,26.7,0.5,13.08,bags_per_acre,Medium
Western,Maize,Hybrid OPV,Major,4.87,71.9,153.0,17.7,133.8,1956.7,25.5,0.59,9.51,bags_per_acre,Low
Northern,Maize,Hybrid OPV,Major,6.08,50.6,97.6,55.7,81.3,863.2,29.6,0.83,9.52,bags_per_acre,Low
Volta,Tomato,Pectomech,Major,5.98,45.6,53.5,2.0,172.5,1205.0,28.5,6.74,1353.3,kg_per_acre,Low
Volta,Maize,Local,Minor,5.76,55.0,33.5,41.1,167.2,1010.0,30.7,1.51,6.98,bags_per_acre,Low
Western,Maize,Local,Major,6.19,53.4,97.0,15.7,126.1,2048.9,23.4,2.04,8.94,bags_per_acre,Low
Ashanti,Maize,Local,Major,5.75,49.5,75.1,11.5,173.8,1588.7,27.0,0.64,8.78,bags_per_acre,Low
Eastern,Maize,Hybrid OPV,Major,6.92,44.4,108.1,41.7,20.0,1184.1,28.0,0.5,10.48,bags_per_acre,Low
Brong-Ahafo,Tomato,F1 Hybrid,Minor,5.95,31.7,92.8,18.6,72.0,1084.8,30.9,0.5,2266.6,kg_per_acre,Low
Volta,Tomato,F1 Hybrid,Minor,6.14,17.1,81.3,39.2,20.0,1195.1,26.7,0.5,1443.7,kg_per_acre,Low
Western,Tomato,F1 Hybrid,Minor,5.51,56.0,98.4,34.1,106.2,1886.3,24.4,2.63,3236.5,kg_per_acre,Medium
Brong-Ahafo,Tomato,Pectomech,Major,6.87,52.9,14.8,2.0,138.9,1338.0,24.8,2.34,1416.1,kg_per_acre,Low
Northern,Maize,Pioneer 30G19,Major,6.32,63.3,140.0,22.5,151.5,934.5,29.0,5.01,10.69,bags_per_acre,Low
Eastern,Tomato,Local,Major,5.43,54.7,133.9,24.6,167.2,1294.3,28.7,2.22,1621.0,kg_per_acre,Low
Brong-Ahafo,Maize,Local,Minor,6.03,63.8,123.8,29.3,202.4,734.6,25.4,2.67,7.28,bags_per_acre,Low
Ashanti,Maize,Hybrid OPV,Major,6.15,31.7,108.7,34.3,41.2,1609.7,25.4,4.75,10.09,bags_per_acre,Low
Eastern,Maize,Local,Minor,6.41,46.7,20.8,30.7,154.9,1026.9,25.6,0.66,5.77,bags_per_acre,Low
Western,Tomato,Local,Major,5.68,49.3,32.3,53.9,182.4,1973.6,24.9,1.84,1961.0,kg_per_acre,Low
Ashanti,Tomato,Local,Minor,5.24,78.2,92.1,46.5,56.1,1491.0,28.2,0.51,1586.5,kg_per_acre,Low
Ashanti,Maize,Hybrid OPV,Major,6.17,66.6,70.8,31.3,69.2,1184.7,27.7,5.46,14.7,bags_per_acre,Medium
Western,Tomato,Local,Major,5.71,70.9,28.3,47.4,42.6,1887.8,25.8,1.01,1822.5,kg_per_acre,Low
Western,Tomato,F1 Hybrid,Minor,5.85,69.7,72.6,28.8,56.9,1636.7,26.6,2.14,3551.7,kg_per_acre,Medium
Western,Maize,Hybrid OPV,Major,5.57,51.3,99.4,2.0,85.6,1713.9,28.1,3.81,9.49,bags_per_acre,Low
Western,Tomato,Local,Major,5.81,49.8,80.4,17.6,42.8,1938.8,26.6,7.33,1641.5,kg_per_acre,Low
Ashanti,Tomato,Local,Major,5.96,26.7,97.6,34.3,138.1,1306.0,31.1,2.06,1728.6,kg_per_acre,Low
Ashanti,Maize,Pioneer 30G19,Minor,6.12,65.6,28.4,5.3,159.1,1033.0,26.8,1.95,9.13,bags_per_acre,Low
Ashanti,Maize,Pioneer 30G19,Minor,6.17,54.9,118.4,26.3,158.2,1353.3,27.6,0.5,17.84,bags_per_acre,Medium
Northern,Maize,Local,Minor,7.0,67.0,77.9,32.1,106.5,1014.9,29.6,6.03,5.38,bags_per_acre,Low
Ashanti,Tomato,Local,Major,5.36,33.3,78.2,40.4,153.8,1308.5,25.8,2.44,1521.1,kg_per_acre,Low
Ashanti,Tomato,F1 Hybrid,Minor,6.04,41.3,17.2,20.9,53.4,1706.7,26.3,0.77,2020.5,kg_per_acre,Low
Volta,Maize,Hybrid OPV,Major,5.47,47.9,153.1,24.9,70.1,1201.0,28.1,2.54,9.28,bags_per_acre,Low
Brong-Ahafo,Maize,Hybrid OPV,Major,6.51,32.0,66.1,35.6,97.1,1164.3,29.6,1.59,9.82,bags_per_acre,Low
Brong-Ahafo,Tomato,Pectomech,Major,5.91,57.2,67.6,9.0,61.2,942.1,26.3,1.74,2155.8,kg_per_acre,Low
Volta,Maize,Pioneer 30G19,Major,5.92,32.2,51.8,9.7,59.5,1109.4,27.2,1.64,9.44,bags_per_acre,Low
Brong-Ahafo,Maize,Local,Major,6.07,80.6,109.6,53.5,72.3,1309.5,26.2,1.92,9.91,bags_per_acre,Low
Eastern,Tomato,Pectomech,Minor,5.83,41.6,73.9,31.2,227.7,1072.8,26.1,2.55,2286.0,kg_per_acre,Low
Northern,Tomato,Pectomech,Minor,6.22,59.5,79.3,22.2,44.3,775.0,28.9,2.87,1504.9,kg_per_acre,Low
Brong-Ahafo,Tomato,F1 Hybrid,Minor,6.41,38.1,75.4,9.4,140.2,966.0,27.6,0.71,1747.6,kg_per_acre,Low
Northern,Tomato,F1 Hybrid,Major,6.85,26.1,77.4,32.1,136.5,895.6,29.7,0.5,1957.1,kg_per_acre,Low
Brong-Ahafo,Maize,Hybrid OPV,Minor,5.75,69.4,139.0,54.0,158.8,1214.8,26.5,0.5,12.51,bags_per_acre,Medium
Northern,Maize,Local,Major,6.96,49.6,88.2,55.9,53.3,742.6,30.0,4.09,4.73,bags_per_acre,Low
Northern,Maize,Pioneer 30G19,Minor,7.03,68.3,101.3,31.8,87.5,845.2,28.7,5.4,10.64,bags_per_acre,Low
Brong-Ahafo,Maize,Pioneer 30G19,Major,5.13,87.4,180.8,38.8,60.1,1354.1,27.0,2.55,11.63,bags_per_acre,Low
Western,Maize,Local,Major,5.2,59.8,124.5,38.4,193.4,1532.2,26.5,1.03,9.8,bags_per_acre,Low
Eastern,Maize,Hybrid OPV,Major,6.54,57.6,114.9,29.9,146.2,1219.3,24.1,0.5,14.83,bags_per_acre,Medium
Volta,Tomato,Pectomech,Major,6.89,42.5,99.6,27.4,160.5,845.6,27.3,1.29,2440.2,kg_per_acre,Low
Volta,Tomato,Pectomech,Minor,6.8,58.9,60.0,17.7,237.7,1023.6,28.9,2.73,2183.7,kg_per_acre,Low
Volta,Tomato,Local,Major,6.11,68.3,65.6,7.5,146.1,1091.4,29.3,0.74,1409.6,kg_per_acre,Low
Ashanti,Tomato,Pectomech,Major,5.71,64.7,83.0,13.6,60.4,1675.3,26.7,5.82,2212.0,kg_per_acre,Low
Northern,Tomato,Pectomech,Major,6.67,85.2,74.5,66.4,88.6,930.2,30.7,5.67,2097.8,kg_per_acre,Low
Ashanti,Tomato,Pectomech,Minor,5.77,35.8,65.5,38.9,160.0,1009.1,26.5,4.23,2297.0,kg_per_acre,Low
Northern,Tomato,Local,Minor,5.7,76.4,124.7,63.6,151.6,606.9,31.8,2.19,1056.9,kg_per_acre,Low
Volta,Maize,Pioneer 30G19,Minor,5.15,67.8,86.9,93.7,107.7,1113.7,28.6,1.98,11.23,bags_per_acre,Low
Eastern,Tomato,F1 Hybrid,Minor,5.96,31.6,38.1,9.0,229.6,1553.8,25.6,2.78,1705.8,kg_per_acre,Low
Western,Tomato,F1 Hybrid,Minor,4.48,48.7,99.9,12.5,70.1,1923.5,26.6,0.71,1090.8,kg_per_acre,Low
Volta,Tomato,Local,Major,5.25,39.2,57.4,10.5,111.9,922.2,27.6,2.88,1010.6,kg_per_acre,Low
Volta,Maize,Pioneer 30G19,Major,5.61,57.6,130.7,2.0,134.1,941.9,25.8,0.85,14.16,bags_per_acre,Medium
Brong-Ahafo,Tomato,Pectomech,Minor,6.35,54.3,47.2,54.3,160.8,882.2,27.6,0.98,2377.4,kg_per_acre,Low
Brong-Ahafo,Maize,Local,Major,7.08,61.6,68.3,43.5,59.6,1164.6,25.8,5.86,9.57,bags_per_acre,Low
Volta,Tomato,Local,Minor,6.26,70.6,76.6,38.1,141.4,1055.9,28.8,0.5,1601.4,kg_per_acre,Low
Brong-Ahafo,Tomato,F1 Hybrid,Minor,5.5,25.1,115.7,2.0,183.8,1181.3,28.1,3.09,1599.6,kg_per_acre,Low
Eastern,Tomato,Pectomech,Major,6.24,59.9,94.0,52.7,187.4,1277.6,29.4,2.39,2998.9,kg_per_acre,Medium
Ashanti,Maize,Hybrid OPV,Minor,6.1,52.7,35.6,49.9,165.5,1789.4,26.0,3.58,10.62,bags_per_acre,Low
Brong-Ahafo,Tomato,Pectomech,Major,5.6,52.0,108.6,59.3,111.7,1046.0,27.6,0.5,3122.4,kg_per_acre,Medium
Eastern,Tomato,Local,Major,5.77,44.8,37.9,57.0,172.3,1248.8,25.5,0.93,1995.1,kg_per_acre,Low
Brong-Ahafo,Tomato,Local,Minor,5.34,33.1,105.5,69.9,223.8,1335.2,28.5,0.5,1373.5,kg_per_acre,Low
Western,Tomato,F1 Hybrid,Major,5.85,26.2,124.5,26.9,208.1,1772.6,28.0,1.01,3401.1,kg_per_acre,Medium
Western,Tomato,Local,Minor,6.08,74.0,95.1,23.2,28.8,1627.6,26.0,1.63,1589.5,kg_per_acre,Low
Northern,Maize,Pioneer 30G19,Major,6.65,60.8,84.9,19.8,166.1,716.1,31.7,6.22,9.1,bags_per_acre,Low
Ashanti,Maize,Pioneer 30G19,Major,5.76,45.5,105.8,26.6,145.9,1773.6,27.8,1.25,17.01,bags_per_acre,Medium
Volta,Tomato,Pectomech,Major,6.24,29.1,107.5,32.8,236.5,860.4,29.9,1.18,1776.8,kg_per_acre,Low
Brong-Ahafo,Tomato,Local,Minor,6.63,39.3,15.5,30.2,164.4,1353.4,25.3,5.85,1315.6,kg_per_acre,Low
Northern,Maize,Local,Minor,6.72,53.3,82.8,39.6,114.9,854.7,32.2,2.31,5.1,bags_per_acre,Low
Eastern,Maize,Hybrid OPV,Minor,5.49,30.0,95.6,17.8,102.8,1278.3,28.5,4.5,8.68,bags_per_acre,Low
Volta,Maize,Hybrid OPV,Major,5.87,59.6,60.4,22.9,221.5,1290.8,22.9,0.5,12.48,bags_per_acre,Medium
Northern,Maize,Local,Minor,6.26,52.2,84.4,33.6,145.7,971.2,29.9,1.51,6.64,bags_per_acre,Low
Brong-Ahafo,Maize,Local,Minor,5.72,36.2,140.9,56.0,186.9,1385.0,24.9,0.74,8.04,bags_per_acre,Low
Ashanti,Maize,Pioneer 30G19,Minor,6.08,37.9,145.9,33.5,98.2,1411.5,27.2,2.3,16.62,bags_per_acre,Medium
Eastern,Tomato,Pectomech,Minor,5.43,68.0,61.6,5.1,214.4,1330.8,28.2,2.09,1619.6,kg_per_acre,Low
Western,Tomato,Pectomech,Minor,5.96,32.7,143.5,50.3,185.1,1888.1,22.3,9.45,2881.3,kg_per_acre,Medium
Western,Maize,Hybrid OPV,Major,5.45,46.8,100.6,31.9,185.0,2336.2,23.2,4.11,13.29,bags_per_acre,Medium
Eastern,Tomato,Pectomech,Major,4.61,45.1,54.3,70.6,111.3,1025.6,26.8,0.5,1258.4,kg_per_acre,Low
Brong-Ahafo,Maize,Pioneer 30G19,Major,6.22,38.4,97.5,5.6,151.0,1377.2,28.2,6.55,16.54,bags_per_acre,Medium
Brong-Ahafo,Maize,Pioneer 30G19,Minor,5.67,49.6,100.3,29.2,114.0,1267.5,29.5,1.17,16.1,bags_per_acre,Medium
Brong-Ahafo,Tomato,F1 Hybrid,Minor,6.66,18.9,63.9,81.4,162.1,1308.2,29.0,3.48,2138.5,kg_per_acre,Low
Western,Maize,Local,Minor,5.28,68.0,51.8,44.1,88.1,1884.8,23.5,3.45,7.32,bags_per_acre,Low
Western,Tomato,Local,Minor,5.24,44.4,87.1,72.8,143.1,1615.0,26.1,0.5,1749.2,kg_per_acre,Low
Ashanti,Maize,Hybrid OPV,Major,5.57,54.2,35.2,19.6,178.3,1356.9,28.3,1.75,11.46,bags_per_acre,Low
Brong-Ahafo,Maize,Pioneer 30G19,Minor,7.1,48.5,62.4,21.3,99.8,1104.9,25.3,7.84,11.93,bags_per_acre,Low
Brong-Ahafo,Tomato,Local,Major,5.65,44.0,158.0,100.0,112.5,1138.2,24.7,0.96,1806.9,kg_per_acre,Low
Volta,Tomato,Pectomech,Minor,4.96,70.2,98.7,14.4,139.1,1324.2,30.4,0.79,1227.3,kg_per_acre,Low
Ashanti,Tomato,Local,Minor,6.23,59.6,97.1,16.8,73.5,1382.5,26.7,3.36,1543.0,kg_per_acre,Low
Eastern,Maize,Pioneer 30G19,Minor,5.54,65.4,81.4,28.5,112.4,1283.3,26.3,0.93,13.18,bags_per_acre,Medium
Ashanti,Tomato,Local,Major,5.75,44.5,136.0,40.9,199.7,1452.0,24.8,2.27,2075.1,kg_per_acre,Low
Brong-Ahafo,Tomato,F1 Hybrid,Minor,7.27,52.8,101.5,29.7,114.2,1033.3,27.3,2.77,3003.4,kg_per_acre,Medium
Northern,Tomato,Local,Major,6.46,69.6,148.5,30.2,174.0,950.9,29.5,0.5,1773.1,kg_per_acre,Low
Western,Maize,Hybrid OPV,Minor,5.72,26.6,78.5,58.0,116.2,1730.1,27.5,1.06,9.52,bags_per_acre,Low
Ashanti,Maize,Hybrid OPV,Minor,5.1,45.3,138.2,11.1,172.4,1520.1,25.5,1.99,9.4,bags_per_acre,Low
Brong-Ahafo,Tomato,Local,Minor,6.19,65.0,107.6,34.0,131.0,1026.7,29.4,2.11,2294.1,kg_per_acre,Low
Western,Maize,Local,Minor,6.54,58.9,100.0,51.2,115.5,1629.7,24.9,1.07,10.61,bags_per_acre,Low
Western,Tomato,Pectomech,Minor,6.89,65.4,51.7,52.3,164.5,1777.1,24.7,0.5,2930.1,kg_per_acre,Medium
Northern,Tomato,F1 Hybrid,Major,6.93,32.0,140.4,49.5,123.6,616.5,30.9,2.25,1924.6,kg_per_acre,Low
Volta,Tomato,Local,Major,6.45,44.5,111.2,24.5,129.7,1325.9,26.7,1.56,1702.0,kg_per_acre,Low
Ashanti,Maize,Pioneer 30G19,Major,5.91,65.8,84.9,65.2,50.2,1397.8,24.6,1.01,18.68,bags_per_acre,Medium
Western,Tomato,Pectomech,Minor,6.06,81.8,172.1,18.0,115.0,2071.3,26.4,4.58,2558.7,kg_per_acre,Medium
Brong-Ahafo,Maize,Pioneer 30G19,Minor,6.12,68.7,108.5,11.6,122.3,1522.8,27.4,4.61,13.85,bags_per_acre,Medium
Eastern,Tomato,Local,Major,5.23,61.9,77.5,31.6,232.1,1086.8,27.8,12.21,1732.9,kg_per_acre,Low
Volta,Maize,Hybrid OPV,Major,6.06,10.0,148.2,2.0,145.9,1230.6,28.8,2.58,5.46,bags_per_acre,Low
Ashanti,Tomato,Pectomech,Minor,6.25,60.5,97.8,33.0,154.0,944.2,27.5,2.79,2895.0,kg_per_acre,Medium
Western,Maize,Local,Major,4.42,46.6,198.1,30.4,190.7,2117.2,26.1,0.5,4.17,bags_per_acre,Low
Brong-Ahafo,Tomato,Local,Major,6.73,50.1,119.0,2.0,151.7,1477.2,26.2,0.51,1619.0,kg_per_acre,Low
Northern,Maize,Local,Major,5.29,60.2,124.3,45.9,93.8,865.8,28.4,1.57,6.06,bags_per_acre,Low
Brong-Ahafo,Maize,Local,Major,6.6,65.9,137.1,71.7,32.6,1003.2,26.0,0.5,9.68,bags_per_acre,Low
Eastern,Maize,Pioneer 30G19,Minor,5.92,71.0,129.9,38.0,196.7,1543.6,26.2,0.5,15.54,bags_per_acre,Medium
Ashanti,Tomato,F1 Hybrid,Major,5.55,51.1,124.1,77.4,161.9,948.0,26.4,0.5,4321.6,kg_per_acre,Medium
Northern,Maize,Pioneer 30G19,Major,7.75,72.1,163.1,41.9,228.2,780.2,29.0,4.52,9.48,bags_per_acre,Low
Ashanti,Maize,Pioneer 30G19,Major,6.18,35.5,105.8,23.5,149.4,1421.9,25.0,0.71,15.82,bags_per_acre,Medium
Volta,Tomato,Local,Minor,6.17,55.0,89.3,42.1,121.4,1195.8,26.6,1.69,1574.2,kg_per_acre,Low
Volta,Tomato,F1 Hybrid,Major,6.25,56.8,88.4,43.8,141.5,1051.0,26.0,1.65,3607.9,kg_per_acre,Medium
Brong-Ahafo,Maize,Pioneer 30G19,Major,5.76,75.1,108.9,53.2,148.8,1500.5,26.7,1.2,18.64,bags_per_acre,Medium
Western,Tomato,Pectomech,Major,6.03,72.1,100.6,22.0,178.6,1499.4,24.2,0.58,3599.1,kg_per_acre,Medium
Western,Tomato,Pectomech,Major,5.14,58.5,81.1,2.0,156.3,1483.3,26.0,2.74,1854.1,kg_per_acre,Low
Brong-Ahafo,Maize,Local,Major,5.56,74.1,37.0,61.9,195.2,1343.7,26.2,2.67,8.76,bags_per_acre,Low
Volta,Tomato,Local,Major,6.55,56.9,111.7,57.0,102.7,1223.0,29.5,2.43,2238.1,kg_per_acre,Low
Northern,Tomato,Pectomech,Minor,6.5,30.0,99.3,51.0,118.1,932.3,29.8,0.5,1709.3,kg_per_acre,Low
Ashanti,Maize,Local,Minor,5.08,55.0,104.5,62.4,195.3,1496.6,27.6,1.9,8.17,bags_per_acre,Low
Western,Maize,Local,Minor,5.55,60.1,46.9,22.2,108.0,1798.5,26.2,5.72,9.0,bags_per_acre,Low
Western,Maize,Hybrid OPV,Minor,5.34,52.1,124.0,47.4,183.6,1525.1,27.2,4.66,13.32,bags_per_acre,Medium
Brong-Ahafo,Maize,Pioneer 30G19,Minor,5.68,59.6,88.4,25.0,190.9,1000.0,26.6,1.39,16.62,bags_per_acre,Medium
Volta,Tomato,Local,Minor,6.16,45.3,63.6,24.5,130.5,1307.8,28.1,5.57,1431.3,kg_per_acre,Low
Eastern,Maize,Local,Major,6.07,53.2,145.7,84.5,60.5,1325.0,27.1,0.91,10.24,bags_per_acre,Low
Ashanti,Maize,Local,Major,6.08,36.6,140.6,17.7,183.3,1476.9,25.5,2.79,11.53,bags_per_acre,Low
Eastern,Maize,Hybrid OPV,Minor,5.77,47.9,19.0,52.9,141.6,1432.1,22.7,3.06,8.82,bags_per_acre,Low
Northern,Tomato,Pectomech,Major,6.19,46.6,121.9,56.5,104.4,915.6,30.5,8.3,2671.0,kg_per_acre,Medium
Northern,Maize,Pioneer 30G19,Minor,5.42,78.2,68.8,26.9,144.1,987.5,32.4,3.42,7.35,bags_per_acre,Low
Eastern,Tomato,Pectomech,Minor,6.42,79.6,120.0,44.9,118.0,1341.3,26.3,3.19,2517.3,kg_per_acre,Medium
Brong-Ahafo,Maize,Pioneer 30G19,Major,5.49,34.5,93.7,29.3,20.0,1511.5,24.2,0.5,12.2,bags_per_acre,Medium
Ashanti,Maize,Pioneer 30G19,Minor,5.6,50.3,110.2,52.3,64.0,1339.8,25.8,1.99,15.18,bags_per_acre,Medium
Eastern,Tomato,F1 Hybrid,Major,6.16,75.9,83.0,76.0,152.4,1250.6,30.5,11.54,4666.8,kg_per_acre,Medium
Eastern,Tomato,F1 Hybrid,Minor,6.22,69.9,70.1,21.4,152.8,1566.7,24.9,2.48,3458.4,kg_per_acre,Medium
Volta,Maize,Pioneer 30G19,Minor,6.16,50.9,95.6,28.4,74.9,1419.2,27.2,5.15,11.64,bags_per_acre,Low
Volta,Tomato,F1 Hybrid,Major,6.54,45.3,118.4,43.0,201.0,1124.6,32.5,0.5,4022.3,kg_per_acre,Medium
Western,Tomato,F1 Hybrid,Major,6.06,64.5,94.8,20.4,105.7,1863.9,26.1,2.93,4702.5,kg_per_acre,Medium
Eastern,Tomato,Local,Major,5.89,65.4,64.4,5.8,145.0,1236.2,29.6,3.78,1765.5,kg_per_acre,Low
Western,Tomato,Local,Minor,6.14,61.8,85.3,11.9,92.5,2053.5,25.1,2.35,1675.1,kg_per_acre,Low
Eastern,Maize,Hybrid OPV,Major,6.14,28.1,49.8,48.1,165.3,1573.6,24.6,0.5,10.06,bags_per_acre,Low
Northern,Maize,Hybrid OPV,Major,5.75,59.9,77.1,49.1,199.7,845.9,31.2,6.53,10.79,bags_per_acre,Low
Ashanti,Tomato,F1 Hybrid,Major,5.33,45.8,91.4,37.2,120.1,1471.2,27.5,2.94,3637.9,kg_per_acre,Medium
Eastern,Maize,Pioneer 30G19,Major,5.73,73.1,55.6,71.6,150.3,1165.5,27.0,0.91,14.23,bags_per_acre,Medium
Eastern,Tomato,Pectomech,Major,5.97,74.0,81.8,10.3,142.1,1400.2,28.2,0.5,2694.6,kg_per_acre,Medium
Volta,Maize,Hybrid OPV,Minor,6.84,46.6,62.3,49.4,114.6,1186.9,27.7,0.89,9.67,bags_per_acre,Low
Northern,Tomato,F1 Hybrid,Minor,7.03,65.5,128.1,42.8,205.8,953.0,32.1,0.5,2667.6,kg_per_acre,Medium
Ashanti,Tomato,Pectomech,Major,5.95,28.1,59.6,32.5,90.7,1290.2,28.9,0.5,2037.7,kg_per_acre,Low
Northern,Tomato,Pectomech,Minor,5.48,47.7,151.2,29.5,135.3,1124.4,29.3,0.69,1847.1,kg_per_acre,Low
Volta,Maize,Local,Major,6.09,64.4,59.4,63.5,146.0,921.9,27.5,5.16,8.24,bags_per_acre,Low
Eastern,Maize,Hybrid OPV,Minor,6.16,50.6,133.7,7.6,91.4,1243.9,28.0,1.51,9.93,bags_per_acre,Low
Volta,Maize,Local,Major,6.36,80.8,124.5,8.5,165.5,947.5,27.8,1.28,7.23,bags_per_acre,Low
Ashanti,Maize,Hybrid OPV,Minor,6.27,85.3,100.1,16.7,111.5,1257.9,27.2,0.58,9.08,bags_per_acre,Low
Volta,Maize,Local,Major,6.19,48.8,19.3,14.5,112.5,1212.7,27.8,1.78,5.63,bags_per_acre,Low
Northern,Tomato,F1 Hybrid,Major,6.08,52.2,61.2,36.4,109.1,923.5,30.8,2.63,3150.8,kg_per_acre,Medium
Western,Tomato,Local,Major,5.86,52.4,60.0,29.0,130.1,1497.5,25.1,2.7,2296.8,kg_per_acre,Low
Northern,Maize,Pioneer 30G19,Major,7.72,62.1,79.0,61.1,251.0,1020.9,26.9,14.62,11.89,bags_per_acre,Low
Eastern,Maize,Hybrid OPV,Minor,5.2,75.1,62.9,2.0,110.1,1108.8,25.6,0.5,6.53,bags_per_acre,Low
Ashanti,Tomato,Local,Major,6.59,73.5,80.5,35.9,80.2,1611.1,27.5,1.05,2471.2,kg_per_acre,Low
Brong-Ahafo,Tomato,Pectomech,Major,6.67,46.2,86.5,23.9,127.7,1240.9,28.3,0.72,2985.2,kg_per_acre,Medium
Eastern,Tomato,Pectomech,Minor,6.34,61.6,121.8,57.8,137.4,1235.6,27.7,2.34,2895.3,kg_per_acre,Medium
Volta,Maize,Hybrid OPV,Major,6.18,43.0,5.0,47.4,130.9,1301.6,26.2,4.3,7.51,bags_per_acre,Low
Brong-Ahafo,Tomato,Local,Minor,6.12,55.9,50.4,26.7,136.2,1207.5,29.1,2.02,1807.9,kg_per_acre,Low
Western,Tomato,Pectomech,Minor,6.35,47.3,63.7,13.4,149.7,1571.2,28.6,3.59,2271.9,kg_per_acre,Low
Brong-Ahafo,Tomato,Local,Major,6.58,32.7,148.9,6.6,180.5,957.3,28.1,0.5,1561.4,kg_per_acre,Low
Western,Maize,Hybrid OPV,Minor,7.26,58.6,93.7,44.5,269.1,1581.4,24.1,0.76,13.05,bags_per_acre,Medium
Northern,Tomato,F1 Hybrid,Major,6.58,38.8,119.8,48.6,134.7,735.2,28.9,1.38,2953.7,kg_per_acre,Medium
Western,Tomato,F1 Hybrid,Major,6.48,34.9,74.2,7.1,126.4,1898.6,23.8,3.9,3006.5,kg_per_acre,Medium
Ashanti,Tomato,Local,Major,5.74,59.4,141.8,12.9,109.9,1372.8,24.4,1.22,1947.0,kg_per_acre,Low
Western,Maize,Local,Major,5.42,55.1,104.4,16.8,199.9,1584.4,23.4,2.63,10.66,bags_per_acre,Low
Northern,Tomato,Local,Major,6.32,72.8,41.3,26.0,83.3,1044.2,28.0,4.46,1151.1,kg_per_acre,Low
Northern,Tomato,Pectomech,Minor,5.6,43.9,58.0,55.6,138.4,1093.5,28.5,1.77,2010.0,kg_per_acre,Low
Brong-Ahafo,Maize,Local,Major,6.0,29.1,81.2,39.7,108.7,933.5,25.9,6.57,8.86,bags_per_acre,Low
Western,Tomato,Pectomech,Minor,4.39,52.3,139.2,45.5,154.5,1421.1,24.7,4.21,1200.3,kg_per_acre,Low
Western,Tomato,Pectomech,Minor,4.65,37.5,125.9,2.0,195.3,1914.7,27.8,1.91,865.2,kg_per_acre,Low
Eastern,Maize,Local,Minor,5.6,46.0,161.2,29.1,122.9,1280.4,24.9,1.63,9.16,bags_per_acre,Low
Eastern,Tomato,Pectomech,Minor,5.76,76.6,76.9,87.7,133.5,1649.7,28.2,2.38,2767.3,kg_per_acre,Medium
Northern,Maize,Hybrid OPV,Major,7.48,67.2,9.4,49.7,213.7,873.9,29.7,4.28,5.86,bags_per_acre,Low
Eastern,Maize,Pioneer 30G19,Minor,6.22,52.1,91.9,33.8,68.4,1042.5,27.5,3.15,14.47,bags_per_acre,Medium
Volta,Maize,Local,Major,5.43,36.6,53.5,73.8,164.8,1212.6,29.5,1.71,7.17,bags_per_acre,Low
Volta,Maize,Pioneer 30G19,Major,5.94,42.1,100.8,35.6,102.0,1293.9,30.6,4.33,17.3,bags_per_acre,Medium
Western,Tomato,Pectomech,Minor,5.83,28.4,103.5,48.5,40.8,1505.3,23.9,2.51,1952.2,kg_per_acre,Low
Northern,Tomato,F1 Hybrid,Major,6.49,34.4,95.3,44.6,100.6,1136.7,28.2,1.55,2662.3,kg_per_acre,Medium
Brong-Ahafo,Tomato,Pectomech,Minor,5.72,51.8,66.6,27.6,112.2,1163.7,28.6,2.83,2213.3,kg_per_acre,Low
Western,Tomato,Pectomech,Minor,4.92,55.5,10.6,29.7,154.2,1685.4,24.2,0.5,1439.2,kg_per_acre,Low
Northern,Maize,Local,Major,6.56,54.8,109.6,5.4,85.6,959.2,30.6,2.09,5.43,bags_per_acre,Low
Brong-Ahafo,Tomato,F1 Hybrid,Minor,6.36,57.6,100.9,34.0,213.1,990.0,28.7,0.5,3891.5,kg_per_acre,Medium
Volta,Tomato,Local,Minor,5.51,75.6,174.7,43.5,124.4,1066.1,25.2,0.5,1521.4,kg_per_acre,Low
Eastern,Tomato,F1 Hybrid,Minor,5.7,42.6,84.8,26.5,92.7,1060.7,29.3,2.32,3118.2,kg_per_acre,Medium
Brong-Ahafo,Maize,Pioneer 30G19,Major,5.98,79.8,43.4,37.1,143.6,1028.7,28.2,0.5,13.54,bags_per_acre,Medium
Volta,Tomato,Pectomech,Major,6.39,21.1,163.3,28.4,120.6,1517.5,25.8,1.18,1499.2,kg_per_acre,Low
Brong-Ahafo,Maize,Pioneer 30G19,Minor,6.57,79.6,148.5,2.0,113.0,984.5,28.6,0.76,10.97,bags_per_acre,Low
Northern,Tomato,F1 Hybrid,Major,6.15,36.3,110.9,33.6,56.3,687.6,28.1,7.55,2403.6,kg_per_acre,Low
Brong-Ahafo,Tomato,Local,Major,6.63,64.9,50.9,79.1,108.8,1429.7,28.4,0.5,1884.5,kg_per_acre,Low
Northern,Tomato,Pectomech,Major,5.34,35.0,115.7,9.6,111.3,1172.5,29.4,2.38,1334.9,kg_per_acre,Low
Volta,Maize,Pioneer 30G19,Minor,6.08,57.9,111.5,47.9,175.7,1184.1,28.2,0.77,14.54,bags_per_acre,Medium
Volta,Tomato,F1 Hybrid,Major,5.81,35.9,68.0,45.3,100.6,1070.8,30.9,5.02,3128.1,kg_per_acre,Medium
Eastern,Maize,Local,Minor,6.48,52.1,113.1,46.0,112.6,886.6,28.9,4.73,9.29,bags_per_acre,Low
Ashanti,Maize,Pioneer 30G19,Minor,5.89,74.4,95.9,28.3,96.3,1345.6,25.9,1.78,15.48,bags_per_acre,Medium
Volta,Maize,Hybrid OPV,Major,6.38,32.2,75.6,56.0,137.3,836.7,26.0,5.23,11.34,bags_per_acre,Low
Volta,Maize,Local,Minor,6.16,35.0,148.2,21.0,143.8,972.1,24.8,0.66,6.6,bags_per_acre,Low
Western,Tomato,Pectomech,Major,5.55,43.8,61.9,14.4,166.6,2302.0,25.0,0.68,2299.7,kg_per_acre,Low
Volta,Tomato,Local,Major,6.58,46.2,84.5,13.1,36.9,1095.1,26.4,4.81,1375.7,kg_per_acre,Low
Brong-Ahafo,Tomato,F1 Hybrid,Minor,7.37,47.9,163.4,21.2,21.4,1107.3,26.1,0.5,2103.2,kg_per_acre,Low
Brong-Ahafo,Maize,Hybrid OPV,Minor,6.43,22.9,61.3,69.8,152.6,1285.7,27.5,0.67,7.67,bags_per_acre,Low
Ashanti,Tomato,Pectomech,Major,5.31,63.9,129.9,20.4,73.8,1345.5,26.5,9.3,2232.3,kg_per_acre,Low
Brong-Ahafo,Maize,Pioneer 30G19,Minor,6.12,65.9,70.8,6.1,97.6,1252.2,29.1,0.5,11.58,bags_per_acre,Low
Brong-Ahafo,Tomato,F1 Hybrid,Major,5.85,34.7,5.0,74.5,84.0,1354.2,25.8,0.54,2257.1,kg_per_acre,Low
Western,Maize,Local,Minor,5.94,37.9,74.6,30.9,218.3,1342.2,27.6,2.58,9.12,bags_per_acre,Low
Western,Tomato,F1 Hybrid,Minor,6.31,43.4,140.9,3.4,107.6,1731.5,26.0,2.22,2540.7,kg_per_acre,Medium
Eastern,Tomato,F1 Hybrid,Minor,6.09,24.0,56.7,17.5,89.2,1506.2,26.7,2.54,1796.0,kg_per_acre,Low
Volta,Maize,Pioneer 30G19,Major,5.57,43.8,168.1,40.6,247.0,1081.4,27.4,9.13,16.91,bags_per_acre,Medium
Eastern,Maize,Hybrid OPV,Major,5.9,36.5,85.5,50.8,129.2,1513.2,27.3,3.36,13.36,bags_per_acre,Medium
Western,Tomato,Local,Major,6.5,49.2,29.8,51.8,222.7,1657.8,25.1,0.5,2365.6,kg_per_acre,Low
Brong-Ahafo,Maize,Local,Minor,5.93,43.7,37.8,37.6,52.8,1345.6,28.1,1.56,7.08,bags_per_acre,Low
Eastern,Maize,Hybrid OPV,Minor,6.89,72.1,101.9,14.1,136.7,1326.2,26.2,1.47,10.08,bags_per_acre,Low
Northern,Maize,Hybrid OPV,Major,5.86,54.7,90.4,34.2,186.0,1153.0,30.1,0.5,8.69,bags_per_acre,Low
Ashanti,Maize,Pioneer 30G19,Minor,5.93,52.2,58.6,48.0,123.3,1475.5,25.2,0.91,15.21,bags_per_acre,Medium
Ashanti,Maize,Pioneer 30G19,Major,5.49,40.8,138.7,51.4,116.2,1604.1,24.9,3.12,16.58,bags_per_acre,Medium
Volta,Tomato,Pectomech,Minor,6.47,28.6,60.6,14.4,124.7,1031.2,26.6,0.62,1293.0,kg_per_acre,Low
Ashanti,Tomato,F1 Hybrid,Major,5.61,40.6,19.2,44.4,29.3,1178.9,23.4,0.5,2319.9,kg_per_acre,Low
Eastern,Maize,Local,Major,5.34,16.7,38.1,42.7,123.5,1427.9,27.7,0.62,4.22,bags_per_acre,Low
Ashanti,Tomato,F1 Hybrid,Major,5.86,58.8,71.0,27.7,130.0,1607.1,24.8,3.55,4237.3,kg_per_acre,Medium
Volta,Maize,Hybrid OPV,Minor,6.03,62.2,44.6,28.8,193.6,988.7,27.6,2.08,8.48,bags_per_acre,Low
Ashanti,Maize,Hybrid OPV,Minor,5.76,53.2,182.6,2.0,167.7,1109.7,25.8,0.5,11.43,bags_per_acre,Low
Western,Maize,Local,Minor,6.99,45.3,138.2,37.9,150.6,1998.3,27.1,0.56,9.48,bags_per_acre,Low
Eastern,Tomato,Local,Major,6.25,54.4,108.4,62.2,141.1,1439.3,23.6,5.36,2340.4,kg_per_acre,Low
Ashanti,Maize,Pioneer 30G19,Major,6.0,48.5,33.4,26.6,111.2,1255.6,26.3,1.83,15.07,bags_per_acre,Medium
Volta,Tomato,Pectomech,Major,5.85,54.1,100.7,70.8,82.0,1013.8,28.2,5.16,2630.7,kg_per_acre,Medium
Northern,Tomato,Pectomech,Minor,5.61,59.4,103.0,11.7,89.0,1062.6,28.2,6.84,1564.3,kg_per_acre,Low
Western,Tomato,Local,Major,6.15,58.5,59.9,65.7,115.0,2242.3,23.3,1.16,2211.8,kg_per_acre,Low
Eastern,Tomato,F1 Hybrid,Major,6.34,65.2,5.0,12.9,96.6,1396.6,27.6,1.32,1898.7,kg_per_acre,Low
Ashanti,Maize,Local,Major,6.1,21.4,80.1,21.4,74.9,1349.4,29.2,4.03,6.55,bags_per_acre,Low
Ashanti,Maize,Hybrid OPV,Major,5.5,51.5,11.6,76.2,64.4,1392.8,28.3,1.62,8.32,bags_per_acre,Low
Northern,Tomato,Pectomech,Minor,6.32,43.8,164.9,42.1,160.2,922.8,29.9,0.6,2439.0,kg_per_acre,Low
Volta,Tomato,Local,Major,5.72,56.1,6.9,29.5,110.0,1156.0,27.9,11.1,1076.7,kg_per_acre,Low
Northern,Tomato,F1 Hybrid,Minor,6.99,27.7,7.2,27.8,50.4,702.6,30.4,0.5,1011.6,kg_per_acre,Low
Eastern,Maize,Pioneer 30G19,Minor,5.08,10.0,117.9,64.0,95.2,999.4,28.2,0.54,5.54,bags_per_acre,Low
Northern,Tomato,Local,Minor,6.96,58.3,67.6,11.8,92.8,687.7,32.6,5.74,879.5,kg_per_acre,Low
Northern,Maize,Pioneer 30G19,Major,6.78,56.3,107.1,21.3,74.7,905.3,31.2,1.81,12.74,bags_per_acre,Medium
Western,Maize,Local,Minor,6.17,57.6,96.7,58.2,100.3,1996.9,23.4,1.57,8.86,bags_per_acre,Low
Northern,Tomato,Pectomech,Major,6.34,47.5,79.2,62.2,182.2,810.0,27.9,1.29,2404.5,kg_per_acre,Low
Brong-Ahafo,Tomato,Pectomech,Minor,6.48,63.5,100.2,14.7,118.5,1212.5,27.6,3.42,2331.2,kg_per_acre,Low
Western,Tomato,Local,Major,5.13,77.7,91.8,30.1,64.0,1898.5,26.6,0.5,1389.0,kg_per_acre,Low
Brong-Ahafo,Maize,Pioneer 30G19,Minor,7.03,10.0,110.4,49.4,193.1,1189.6,27.5,1.47,8.84,bags_per_acre,Low
Ashanti,Tomato,Pectomech,Major,5.7,56.8,116.0,46.6,107.4,1451.2,28.1,2.15,3235.0,kg_per_acre,Medium
Western,Tomato,F1 Hybrid,Major,5.21,59.8,176.3,27.4,109.3,1676.6,25.1,0.5,2783.9,kg_per_acre,Medium
Eastern,Maize,Local,Minor,7.15,52.5,55.8,11.9,198.9,1153.9,27.9,2.5,6.52,bags_per_acre,Low
Ashanti,Tomato,F1 Hybrid,Major,6.51,45.9,109.6,25.9,214.1,1465.8,25.1,2.1,4508.0,kg_per_acre,Medium
Volta,Maize,Pioneer 30G19,Major,6.34,43.6,131.0,31.1,90.9,1094.8,29.7,0.57,18.3,bags_per_acre,Medium
Volta,Maize,Hybrid OPV,Minor,6.78,41.4,137.1,30.0,216.6,1128.4,28.0,2.0,10.67,bags_per_acre,Low
Northern,Maize,Local,Minor,5.58,34.1,91.7,37.8,238.3,754.6,29.6,10.52,4.23,bags_per_acre,Low
Volta,Maize,Pioneer 30G19,Minor,6.46,50.2,79.1,29.6,130.8,1201.3,27.7,3.82,12.13,bags_per_acre,Medium
Brong-Ahafo,Tomato,Pectomech,Major,5.29,61.4,113.7,66.1,189.5,1221.4,27.0,1.77,2842.7,kg_per_acre,Medium
Brong-Ahafo,Maize,Pioneer 30G19,Minor,6.12,69.6,89.8,26.1,46.1,1288.3,26.0,4.02,14.09,bags_per_acre,Medium
Northern,Maize,Hybrid OPV,Minor,7.0,62.8,142.9,22.5,129.4,869.3,30.3,1.61,8.96,bags_per_acre,Low
Eastern,Tomato,Local,Minor,6.42,37.0,129.6,2.0,118.8,1382.8,23.8,3.82,1349.0,kg_per_acre,Low
Northern,Tomato,Pectomech,Major,5.67,22.0,111.3,41.4,154.8,936.8,29.4,3.43,1378.4,kg_per_acre,Low
Western,Tomato,F1 Hybrid,Minor,6.41,45.3,54.7,6.1,156.4,2104.3,27.7,0.5,2961.9,kg_per_acre,Medium
Northern,Tomato,F1 Hybrid,Major,6.87,62.2,131.4,11.8,159.8,1147.1,31.6,0.5,3272.4,kg_per_acre,Medium
Eastern,Tomato,Pectomech,Major,6.33,35.8,73.4,33.3,199.5,926.5,26.4,1.56,2479.0,kg_per_acre,Low
Brong-Ahafo,Maize,Pioneer 30G19,Major,5.74,30.1,71.5,44.1,116.7,1105.6,29.2,1.16,11.36,bags_per_acre,Low
Eastern,Tomato,Local,Minor,5.67,42.3,5.0,35.7,107.9,1181.3,26.9,1.36,1105.4,kg_per_acre,Low
Eastern,Maize,Hybrid OPV,Minor,6.31,56.2,97.5,44.3,186.9,1308.6,25.3,1.14,12.54,bags_per_acre,Medium
Brong-Ahafo,Maize,Local,Minor,6.58,61.1,146.8,2.0,166.7,1357.4,25.2,0.76,6.89,bags_per_acre,Low
Northern,Tomato,F1 Hybrid,Major,8.17,66.7,43.2,19.7,255.3,870.0,29.6,2.15,2030.5,kg_per_acre,Low
Western,Maize,Hybrid OPV,Major,7.06,31.2,91.2,43.6,115.9,1505.8,27.7,11.11,13.46,bags_per_acre,Medium
Brong-Ahafo,Tomato,Local,Minor,5.55,61.4,65.1,14.0,174.0,1106.1,26.7,8.43,1154.5,kg_per_acre,Low
Eastern,Tomato,F1 Hybrid,Minor,6.41,28.7,118.1,34.8,161.7,1301.9,26.0,3.8,2461.8,kg_per_acre,Low
Volta,Tomato,Local,Minor,6.78,77.3,82.7,42.4,135.6,850.1,25.5,3.01,1659.0,kg_per_acre,Low
Northern,Tomato,Local,Major,6.99,95.0,94.2,22.3,139.5,934.5,28.7,1.11,1272.0,kg_per_acre,Low
Eastern,Tomato,Local,Major,6.5,45.3,117.4,81.0,70.6,1371.7,25.2,1.5,2326.6,kg_per_acre,Low
Ashanti,Maize,Hybrid OPV,Minor,6.71,70.2,101.1,51.0,94.8,1430.3,24.7,3.34,13.14,bags_per_acre,Medium
Ashanti,Maize,Pioneer 30G19,Major,5.67,67.7,124.7,40.7,55.8,1505.4,27.6,4.01,18.69,bags_per_acre,Medium
Volta,Maize,Hybrid OPV,Minor,5.38,47.6,52.5,21.2,240.3,1165.9,29.2,0.5,9.21,bags_per_acre,Low
Western,Maize,Local,Major,5.92,40.4,58.0,25.0,226.0,2329.1,26.1,2.44,8.25,bags_per_acre,Low
Brong-Ahafo,Tomato,Local,Minor,7.56,51.5,81.4,52.3,110.5,1213.7,29.3,2.0,1641.1,kg_per_acre,Low
Northern,Tomato,Pectomech,Major,6.85,34.0,136.6,40.5,103.9,882.5,30.0,3.16,1972.4,kg_per_acre,Low
Volta,Tomato,F1 Hybrid,Minor,5.53,44.3,123.9,40.8,190.6,1179.8,30.5,5.66,3093.3,kg_per_acre,Medium
Volta,Tomato,Pectomech,Major,6.21,41.7,98.9,18.3,20.0,1558.3,28.1,1.41,1692.3,kg_per_acre,Low
Brong-Ahafo,Tomato,F1 Hybrid,Minor,5.44,20.6,150.3,45.2,163.4,1027.7,28.3,4.44,2015.0,kg_per_acre,Low
Northern,Tomato,F1 Hybrid,Major,6.6,50.6,115.0,51.5,156.6,1084.4,28.4,5.03,3234.3,kg_per_acre,Medium
Brong-Ahafo,Tomato,F1 Hybrid,Minor,5.77,62.7,5.0,35.3,162.5,1409.7,29.5,0.67,2355.1,kg_per_acre,Low
Eastern,Tomato,Pectomech,Major,6.69,69.0,91.5,26.1,34.3,1151.9,27.9,1.0,2393.9,kg_per_acre,Low
Volta,Maize,Local,Minor,6.99,32.1,79.2,16.8,170.8,1319.3,25.8,4.06,6.25,bags_per_acre,Low
Ashanti,Tomato,Pectomech,Major,5.94,43.5,67.8,73.8,89.2,1632.5,24.8,3.46,3196.1,kg_per_acre,Medium
Northern,Tomato,Local,Major,6.88,51.3,125.0,28.5,145.5,771.7,31.1,0.5,1619.1,kg_per_acre,Low
Ashanti,Tomato,F1 Hybrid,Minor,5.18,53.8,102.8,37.6,111.6,1217.8,25.3,0.5,2842.8,kg_per_acre,Medium
Volta,Tomato,Pectomech,Minor,7.25,54.7,50.4,61.2,63.8,962.6,24.7,1.94,2130.1,kg_per_acre,Low
Eastern,Maize,Hybrid OPV,Minor,6.36,47.0,80.9,8.4,243.9,1712.6,25.7,3.59,10.18,bags_per_acre,Low
Northern,Maize,Hybrid OPV,Major,7.17,42.8,117.5,18.4,239.1,787.9,28.2,8.96,8.11,bags_per_acre,Low
Brong-Ahafo,Maize,Pioneer 30G19,Major,6.11,37.4,177.1,2.0,89.4,1099.7,31.0,1.45,14.96,bags_per_acre,Medium
Eastern,Tomato,F1 Hybrid,Major,5.97,33.3,94.1,13.7,113.8,1030.3,28.1,0.5,2837.8,kg_per_acre,Medium
Northern,Tomato,F1 Hybrid,Minor,6.59,42.2,86.6,36.4,193.8,1092.8,28.6,1.31,2692.5,kg_per_acre,Medium
Volta,Tomato,F1 Hybrid,Major,6.18,52.2,39.3,9.3,151.7,971.7,26.7,1.58,2629.9,kg_per_acre,Medium
Eastern,Maize,Pioneer 30G19,Major,5.78,54.3,115.4,19.0,127.1,992.4,27.0,1.06,13.86,bags_per_acre,Medium
Brong-Ahafo,Tomato,F1 Hybrid,Minor,5.85,57.2,161.2,71.6,98.4,1240.5,25.1,1.77,3922.5,kg_per_acre,Medium
Ashanti,Tomato,F1 Hybrid,Major,6.35,48.4,48.9,59.6,76.9,1693.1,26.1,1.33,4370.3,kg_per_acre,Medium
Northern,Maize,Local,Major,6.38,64.5,60.4,20.1,130.8,1197.0,31.4,0.5,6.8,bags_per_acre,Low
Volta,Tomato,F1 Hybrid,Major,5.31,76.9,137.3,26.9,181.1,1067.5,26.9,4.68,2785.1,kg_per_acre,Medium
Volta,Maize,Hybrid OPV,Minor,5.59,54.2,9.4,2.0,249.4,1195.7,28.0,5.38,4.55,bags_per_acre,Low
Northern,Maize,Hybrid OPV,Major,6.39,49.0,82.6,3.7,139.0,1010.8,28.5,6.33,6.56,bags_per_acre,Low
Northern,Tomato,Local,Major,6.23,26.0,144.8,19.6,220.9,1055.9,28.5,0.5,1011.9,kg_per_acre,Low
Ashanti,Tomato,F1 Hybrid,Minor,6.62,77.3,112.5,17.4,239.3,1304.4,26.0,0.5,3663.4,kg_per_acre,Medium
Volta,Tomato,Pectomech,Minor,6.42,61.8,5.0,35.2,31.2,1178.9,24.7,0.54,1185.8,kg_per_acre,Low
Volta,Maize,Local,Major,6.38,65.5,96.0,20.0,107.8,1282.4,28.4,4.38,7.91,bags_per_acre,Low
Western,Maize,Hybrid OPV,Minor,5.86,14.8,23.9,30.2,102.4,1801.2,25.1,1.82,5.84,bags_per_acre,Low
Western,Tomato,Pectomech,Major,5.83,49.5,23.9,15.0,191.7,1894.3,28.7,4.85,2215.2,kg_per_acre,Low
Volta,Maize,Local,Major,6.79,49.6,70.2,36.7,125.4,998.8,27.0,2.69,8.64,bags_per_acre,Low
Ashanti,Maize,Hybrid OPV,Major,6.12,91.0,112.6,2.0,171.4,1468.6,28.4,0.5,9.18,bags_per_acre,Low
Northern,Tomato,Local,Major,6.46,54.8,45.8,52.2,141.7,973.4,30.5,0.87,1888.4,kg_per_acre,Low
Northern,Tomato,F1 Hybrid,Major,6.17,40.9,62.8,45.1,124.7,840.0,29.9,0.94,2802.4,kg_per_acre,Medium
Northern,Maize,Hybrid OPV,Major,5.94,26.4,98.5,41.7,212.7,551.1,29.7,0.74,4.81,bags_per_acre,Low
Ashanti,Tomato,F1 Hybrid,Major,6.42,55.6,103.8,60.7,85.9,1645.9,25.7,0.53,5141.8,kg_per_acre,High
Western,Maize,Hybrid OPV,Minor,5.23,79.2,118.7,43.5,120.8,1538.4,28.3,0.72,10.43,bags_per_acre,Low
Volta,Maize,Pioneer 30G19,Major,6.31,34.3,74.8,29.9,28.5,831.2,28.6,0.5,10.14,bags_per_acre,Low
Volta,Tomato,Pectomech,Minor,6.3,73.9,90.4,2.0,116.9,885.1,26.0,6.7,1762.9,kg_per_acre,Low
Western,Maize,Hybrid OPV,Minor,6.07,83.5,84.5,46.8,124.1,2227.3,23.2,1.52,10.01,bags_per_acre,Low
Ashanti,Maize,Hybrid OPV,Minor,6.46,28.4,50.4,53.8,76.0,1359.6,27.3,0.5,8.07,bags_per_acre,Low
Western,Maize,Hybrid OPV,Minor,5.42,25.6,41.2,32.9,86.7,1627.4,28.5,6.06,7.92,bags_per_acre,Low
Ashanti,Maize,Hybrid OPV,Minor,6.34,31.5,138.5,40.2,109.7,1425.8,23.8,0.92,11.57,bags_per_acre,Low
Western,Maize,Hybrid OPV,Major,5.55,10.0,112.3,33.2,134.8,1471.4,26.4,6.61,8.64,bags_per_acre,Low
Volta,Tomato,Pectomech,Major,5.97,30.2,146.1,48.7,165.8,852.8,26.9,2.1,2132.5,kg_per_acre,Low
Eastern,Maize,Local,Major,5.29,78.2,70.6,41.8,144.0,1072.1,24.3,1.31,7.82,bags_per_acre,Low
Brong-Ahafo,Tomato,Local,Major,5.29,44.2,64.0,37.3,154.9,1096.7,26.3,3.94,1512.5,kg_per_acre,Low
Volta,Tomato,F1 Hybrid,Major,6.68,74.5,104.1,9.2,135.3,888.1,31.5,0.99,3158.0,kg_per_acre,Medium
Brong-Ahafo,Tomato,Local,Major,6.37,71.4,113.0,14.8,35.2,1249.8,26.4,1.95,1419.6,kg_per_acre,Low
Eastern,Maize,Pioneer 30G19,Major,5.84,62.6,50.7,32.3,64.0,1398.2,25.9,3.01,13.94,bags_per_acre,Medium
Western,Tomato,Local,Major,6.55,69.8,57.4,11.9,157.3,1939.7,26.4,0.5,1656.5,kg_per_acre,Low
Ashanti,Maize,Local,Major,6.42,60.4,99.5,62.4,66.4,1411.7,25.4,1.72,11.73,bags_per_acre,Low
Brong-Ahafo,Tomato,Local,Minor,6.14,44.0,108.6,33.3,222.7,1397.2,28.6,2.52,1988.2,kg_per_acre,Low
Western,Tomato,Local,Minor,5.19,39.8,71.8,27.9,249.1,2032.0,27.3,0.86,1528.1,kg_per_acre,Low
Volta,Maize,Pioneer 30G19,Minor,6.38,44.9,82.1,18.4,146.8,1062.3,28.3,2.73,11.85,bags_per_acre,Low
Northern,Maize,Local,Minor,6.81,65.9,146.9,58.8,177.1,1034.3,31.3,2.14,7.46,bags_per_acre,Low
Ashanti,Maize,Local,Minor,6.15,44.0,25.1,46.3,69.5,1272.0,25.6,1.83,6.85,bags_per_acre,Low
Western,Maize,Local,Minor,5.05,55.2,60.8,2.0,68.9,1587.4,27.0,0.85,4.97,bags_per_acre,Low
Northern,Tomato,Pectomech,Minor,5.68,50.8,119.1,32.0,86.7,868.7,29.5,0.51,1567.0,kg_per_acre,Low
Ashanti,Maize,Local,Minor,5.7,66.2,101.6,22.3,73.8,1370.9,25.7,6.0,8.9,bags_per_acre,Low
Ashanti,Maize,Pioneer 30G19,Major,5.96,61.3,97.1,8.3,150.9,1509.9,27.3,2.95,17.7,bags_per_acre,Medium
Northern,Tomato,Local,Major,7.13,29.9,66.7,27.1,57.7,928.7,29.0,5.74,1072.6,kg_per_acre,Low
Ashanti,Tomato,Local,Major,6.06,61.3,64.5,36.1,92.8,1474.8,26.1,0.9,2123.4,kg_per_acre,Low
Ashanti,Maize,Hybrid OPV,Major,5.33,38.8,44.8,37.7,162.0,1559.8,27.8,0.5,11.92,bags_per_acre,Low
Brong-Ahafo,Maize,Pioneer 30G19,Major,6.35,55.6,82.5,51.6,117.4,1237.0,28.9,0.71,19.19,bags_per_acre,Medium
Western,Tomato,F1 Hybrid,Major,6.07,61.1,65.0,2.0,128.8,1796.2,24.4,4.29,3423.4,kg_per_acre,Medium
Ashanti,Maize,Hybrid OPV,Minor,5.54,36.9,98.3,36.4,90.3,1431.8,25.7,2.28,11.13,bags_per_acre,Low
Brong-Ahafo,Maize,Hybrid OPV,Major,4.81,51.2,83.0,37.1,143.9,1090.6,29.4,6.2,8.91,bags_per_acre,Low
Ashanti,Maize,Hybrid OPV,Minor,6.51,83.3,26.6,2.0,232.9,1470.1,25.2,1.73,6.18,bags_per_acre,Low
Volta,Tomato,Local,Major,6.08,52.7,66.9,38.4,239.0,1256.5,27.7,4.77,1883.3,kg_per_acre,Low
Brong-Ahafo,Maize,Local,Minor,5.88,32.1,65.8,39.4,167.0,1225.9,27.7,0.5,7.23,bags_per_acre,Low
Eastern,Maize,Hybrid OPV,Major,6.21,50.5,119.5,7.4,47.3,1430.4,24.2,0.5,9.06,bags_per_acre,Low
Northern,Maize,Hybrid OPV,Major,6.32,34.3,73.3,62.4,133.9,1170.3,30.6,0.5,7.99,bags_per_acre,Low
Northern,Maize,Local,Major,7.64,72.5,53.6,66.9,181.2,753.2,29.8,2.86,5.14,bags_per_acre,Low
Eastern,Tomato,F1 Hybrid,Major,5.41,69.1,113.2,75.5,66.5,1446.6,27.7,2.2,3465.8,kg_per_acre,Medium
Eastern,Maize,Pioneer 30G19,Major,4.87,70.9,88.0,6.7,156.5,1154.5,27.7,1.45,10.36,bags_per_acre,Low
Eastern,Maize,Pioneer 30G19,Major,6.27,79.7,58.0,41.5,20.0,1237.4,27.4,10.26,11.63,bags_per_acre,Low
Northern,Tomato,Local,Minor,6.81,27.4,115.5,25.3,251.5,857.9,29.8,3.29,1050.0,kg_per_acre,Low
Eastern,Maize,Pioneer 30G19,Minor,5.24,51.2,77.9,22.1,248.4,1210.4,26.2,1.05,14.21,bags_per_acre,Medium
Northern,Tomato,Pectomech,Major,6.42,42.1,82.8,38.5,234.4,981.3,29.6,6.06,2048.9,kg_per_acre,Low
Northern,Tomato,Local,Major,6.95,51.4,130.6,16.1,81.8,1001.7,29.5,2.84,1498.1,kg_per_acre,Low
Brong-Ahafo,Tomato,F1 Hybrid,Major,5.88,76.3,57.7,30.2,227.1,1664.5,29.7,4.47,3689.2,kg_per_acre,Medium
Northern,Maize,Hybrid OPV,Minor,6.65,63.1,61.7,21.2,102.1,682.5,30.2,4.2,5.75,bags_per_acre,Low
Western,Maize,Local,Minor,5.34,45.1,5.0,41.7,115.0,2013.4,24.2,1.19,4.77,bags_per_acre,Low
Volta,Tomato,Local,Minor,6.43,41.2,104.2,16.7,161.5,1192.7,28.7,0.61,1465.1,kg_per_acre,Low
Brong-Ahafo,Tomato,F1 Hybrid,Minor,6.45,51.6,145.7,2.1,107.2,1564.0,27.1,4.78,2468.9,kg_per_acre,Low
Ashanti,Maize,Pioneer 30G19,Minor,6.49,47.1,5.0,80.8,53.6,1103.8,28.0,2.34,11.21,bags_per_acre,Low
Volta,Tomato,Pectomech,Major,6.02,52.5,76.4,25.3,172.4,1377.1,29.0,4.8,2737.0,kg_per_acre,Medium
Brong-Ahafo,Maize,Hybrid OPV,Major,6.64,29.6,92.4,41.0,107.2,1473.0,27.3,2.27,9.86,bags_per_acre,Low
Volta,Tomato,F1 Hybrid,Major,7.05,45.5,107.0,34.6,140.2,1031.8,29.7,3.9,3542.2,kg_per_acre,Medium
Ashanti,Maize,Local,Major,5.35,62.3,69.9,40.3,146.2,1357.8,25.3,0.79,9.27,bags_per_acre,Low
Ashanti,Maize,Pioneer 30G19,Major,5.88,46.4,118.4,43.9,110.1,1608.7,24.9,0.87,19.95,bags_per_acre,Medium
Eastern,Maize,Pioneer 30G19,Major,5.85,23.8,151.4,7.6,96.0,1166.0,27.3,3.89,10.48,bags_per_acre,Low
Volta,Maize,Local,Major,6.22,61.0,130.5,22.0,66.5,1094.2,27.3,3.0,9.33,bags_per_acre,Low
Volta,Maize,Pioneer 30G19,Minor,6.0,63.3,118.8,11.4,28.5,1227.3,26.2,0.86,9.44,bags_per_acre,Low
Western,Maize,Hybrid OPV,Major,5.17,51.6,65.0,49.9,131.7,1951.8,27.4,0.5,12.13,bags_per_acre,Medium
Ashanti,Maize,Hybrid OPV,Minor,6.25,52.8,17.9,22.1,20.0,1452.8,26.9,0.61,5.9,bags_per_acre,Low
Volta,Maize,Hybrid OPV,Major,5.95,55.3,71.0,38.9,153.8,1045.6,25.2,0.63,12.57,bags_per_acre,Medium
Brong-Ahafo,Tomato,F1 Hybrid,Minor,6.36,75.7,99.5,78.3,80.6,1196.9,26.6,0.5,3252.8,kg_per_acre,Medium
Volta,Tomato,Pectomech,Major,5.58,76.2,94.8,20.8,53.5,900.0,27.2,3.49,2288.0,kg_per_acre,Low
Northern,Tomato,Local,Major,7.25,78.1,77.3,2.0,176.2,861.4,30.9,1.87,1116.0,kg_per_acre,Low
Volta,Tomato,F1 Hybrid,Minor,5.84,60.7,157.7,32.1,111.3,1061.8,30.2,2.06,3386.3,kg_per_acre,Medium
Volta,Tomato,F1 Hybrid,Major,5.84,61.7,34.8,31.5,120.3,1222.9,28.8,0.7,2789.6,kg_per_acre,Medium
Volta,Maize,Hybrid OPV,Minor,5.73,59.7,122.0,58.2,62.1,1340.7,28.1,7.1,12.61,bags_per_acre,Medium
Ashanti,Tomato,Pectomech,Minor,5.91,28.0,181.1,10.3,73.2,1320.8,28.4,2.73,1574.7,kg_per_acre,Low
Northern,Maize,Local,Major,6.07,77.0,34.6,73.8,185.1,887.4,28.9,0.5,5.49,bags_per_acre,Low
Eastern,Maize,Pioneer 30G19,Major,6.17,62.9,91.0,58.3,185.4,1360.2,26.4,2.42,16.3,bags_per_acre,Medium
Eastern,Maize,Local,Minor,6.33,56.2,127.5,74.3,122.1,1777.3,27.2,4.72,9.6,bags_per_acre,Low
Volta,Tomato,Pectomech,Minor,6.32,40.7,95.9,32.8,67.5,913.6,27.3,3.02,1790.4,kg_per_acre,Low
Northern,Tomato,Pectomech,Minor,6.85,38.9,95.6,11.0,134.5,881.8,28.3,4.72,1576.2,kg_per_acre,Low
Western,Tomato,F1 Hybrid,Major,5.09,58.6,97.0,32.0,174.5,2071.1,23.5,9.71,3062.0,kg_per_acre,Medium
Northern,Maize,Pioneer 30G19,Major,6.19,36.4,37.2,54.7,136.6,930.1,28.3,0.56,8.79,bags_per_acre,Low
Brong-Ahafo,Maize,Local,Major,6.67,65.7,92.6,23.0,172.9,1190.4,25.9,1.32,9.47,bags_per_acre,Low
Brong-Ahafo,Maize,Pioneer 30G19,Major,6.1,43.7,137.0,77.3,51.3,892.3,26.8,7.66,15.35,bags_per_acre,Medium
Western,Tomato,F1 Hybrid,Major,6.55,44.0,48.9,25.8,124.8,1714.5,25.5,0.58,4203.9,kg_per_acre,Medium
Brong-Ahafo,Tomato,F1 Hybrid,Minor,5.46,64.4,64.5,48.9,154.4,1114.2,25.9,0.5,3270.1,kg_per_acre,Medium
Volta,Maize,Pioneer 30G19,Major,5.22,36.2,155.5,39.9,141.7,1056.2,27.7,2.21,13.23,bags_per_acre,Medium
Ashanti,Tomato,F1 Hybrid,Minor,6.09,71.5,113.4,26.8,144.1,1356.7,26.5,3.67,3742.9,kg_per_acre,Medium
Volta,Maize,Local,Major,5.65,43.8,180.4,65.0,120.7,1299.1,26.9,2.14,10.7,bags_per_acre,Low
Ashanti,Maize,Pioneer 30G19,Major,5.9,52.9,115.9,37.5,25.6,1630.5,25.6,1.97,18.95,bags_per_acre,Medium
Ashanti,Tomato,F1 Hybrid,Minor,6.67,24.1,94.5,52.1,106.8,1196.4,27.1,2.63,2746.0,kg_per_acre,Medium
Western,Maize,Hybrid OPV,Major,6.05,57.4,5.0,24.5,91.6,1590.1,25.2,6.04,7.66,bags_per_acre,Low
Western,Maize,Pioneer 30G19,Major,5.94,78.8,25.1,15.9,163.6,1833.8,25.0,1.54,12.04,bags_per_acre,Medium
Ashanti,Maize,Pioneer 30G19,Minor,5.66,18.5,132.1,18.1,43.1,1402.9,26.1,1.96,9.13,bags_per_acre,Low
Western,Maize,Local,Major,6.21,66.4,41.0,78.9,172.2,1799.6,27.4,1.52,12.36,bags_per_acre,Medium
Ashanti,Tomato,Pectomech,Minor,5.7,58.8,71.6,21.1,66.5,1084.7,25.9,0.5,2206.0,kg_per_acre,Low
Eastern,Maize,Hybrid OPV,Minor,5.67,68.5,112.3,15.0,122.3,1168.2,27.2,0.5,10.25,bags_per_acre,Low
Brong-Ahafo,Tomato,Local,Major,6.03,48.4,56.8,35.4,106.4,1212.8,27.4,2.24,1724.3,kg_per_acre,Low
Eastern,Maize,Pioneer 30G19,Major,6.2,46.5,57.5,46.0,140.7,1096.7,26.1,4.6,17.2,bags_per_acre,Medium
Western,Maize,Pioneer 30G19,Minor,6.12,42.0,91.5,28.7,137.1,1276.2,23.1,0.87,18.4,bags_per_acre,Medium
Volta,Maize,Local,Major,5.54,62.2,151.5,6.9,126.7,1030.9,28.4,5.24,7.94,bags_per_acre,Low
Brong-Ahafo,Tomato,Pectomech,Major,7.48,58.1,84.4,17.9,89.1,1067.9,29.3,3.4,2281.0,kg_per_acre,Low
Brong-Ahafo,Maize,Pioneer 30G19,Major,6.38,33.9,55.8,17.5,249.3,1173.5,27.1,0.71,13.43,bags_per_acre,Medium
Ashanti,Tomato,F1 Hybrid,Minor,6.16,51.1,110.0,24.3,197.1,1242.2,29.1,4.47,3222.6,kg_per_acre,Medium
Ashanti,Maize,Local,Major,5.47,42.2,59.1,28.0,142.0,1563.9,28.1,1.73,9.51,bags_per_acre,Low
Ashanti,Maize,Hybrid OPV,Major,6.08,57.5,186.1,33.8,141.1,1589.1,28.2,0.61,16.86,bags_per_acre,Medium
Brong-Ahafo,Maize,Hybrid OPV,Major,6.04,66.4,71.0,22.0,234.6,1182.7,27.1,1.83,13.4,bags_per_acre,Medium
Brong-Ahafo,Maize,Hybrid OPV,Major,5.99,48.3,76.8,40.6,35.9,1365.9,28.1,1.53,10.55,bags_per_acre,Low
Volta,Tomato,Pectomech,Minor,5.45,37.5,96.0,25.1,72.5,1175.9,27.7,1.53,1377.1,kg_per_acre,Low
Northern,Tomato,Pectomech,Major,6.54,68.9,140.8,7.3,85.1,885.2,29.6,4.6,1802.8,kg_per_acre,Low
Northern,Tomato,F1 Hybrid,Minor,6.3,35.7,130.8,44.7,167.1,1024.4,28.2,0.61,2461.7,kg_per_acre,Low
Brong-Ahafo,Maize,Local,Major,6.93,11.8,151.9,33.6,148.7,1029.9,28.0,0.99,5.41,bags_per_acre,Low
Northern,Tomato,Local,Major,6.79,34.4,128.7,81.8,175.9,877.2,29.0,2.51,1489.3,kg_per_acre,Low
Western,Maize,Pioneer 30G19,Major,5.42,36.3,117.3,33.9,76.1,1712.8,21.2,5.78,17.54,bags_per_acre,Medium
Brong-Ahafo,Tomato,F1 Hybrid,Minor,6.37,64.1,88.8,39.5,206.1,1275.7,27.5,2.94,3427.4,kg_per_acre,Medium
Eastern,Maize,Local,Minor,5.33,71.9,91.0,56.3,126.4,1674.7,28.7,0.87,7.55,bags_per_acre,Low
Western,Maize,Hybrid OPV,Minor,4.72,68.4,5.0,27.0,171.7,1858.7,25.2,0.5,4.3,bags_per_acre,Low
Brong-Ahafo,Tomato,Local,Minor,6.95,41.3,105.1,11.7,180.4,1095.7,28.1,1.86,1576.8,kg_per_acre,Low
Volta,Tomato,Pectomech,Minor,6.64,76.0,101.1,64.8,137.8,1053.0,25.5,11.97,2330.1,kg_per_acre,Low
Ashanti,Maize,Local,Major,5.51,50.1,92.2,56.9,36.9,1675.3,26.3,4.06,8.75,bags_per_acre,Low
Eastern,Maize,Hybrid OPV,Major,5.86,45.3,81.6,60.0,175.6,1189.7,26.4,1.69,12.19,bags_per_acre,Medium
Western,Maize,Hybrid OPV,Minor,6.76,42.3,117.6,35.4,130.2,1669.9,27.0,0.5,13.8,bags_per_acre,Medium
Ashanti,Maize,Local,Minor,6.06,41.8,123.6,21.9,105.5,1059.9,25.8,2.29,7.38,bags_per_acre,Low
Western,Maize,Local,Minor,5.58,56.3,43.4,27.8,82.7,1604.1,22.6,7.38,8.85,bags_per_acre,Low
Northern,Tomato,Local,Major,6.74,74.3,77.4,46.1,159.1,848.3,30.9,0.5,1698.9,kg_per_acre,Low
Ashanti,Tomato,Local,Major,5.7,48.6,24.4,27.2,184.8,1316.0,27.5,0.5,1669.4,kg_per_acre,Low
Northern,Maize,Local,Major,6.7,51.6,158.0,37.1,177.4,963.0,30.5,5.33,7.17,bags_per_acre,Low
Ashanti,Tomato,Local,Minor,5.94,63.1,91.4,14.2,62.2,1131.9,28.7,0.5,1631.7,kg_per_acre,Low
Western,Tomato,Local,Minor,5.92,38.9,82.1,37.7,181.1,1849.5,24.9,9.08,2117.0,kg_per_acre,Low
Northern,Tomato,Pectomech,Major,6.25,64.1,49.6,48.6,131.6,1004.4,26.0,2.95,2029.1,kg_per_acre,Low
Northern,Tomato,F1 Hybrid,Major,6.56,48.0,92.8,39.2,94.8,729.4,26.4,3.66,3073.1,kg_per_acre,Medium
Volta,Tomato,Pectomech,Major,6.26,69.5,116.8,39.2,141.3,1183.4,26.8,2.29,2697.2,kg_per_acre,Medium
Western,Tomato,Local,Major,5.08,36.8,12.6,24.0,203.2,1773.5,23.8,1.17,1021.2,kg_per_acre,Low
Volta,Maize,Hybrid OPV,Minor,5.93,26.2,58.1,25.8,165.3,840.4,27.1,1.07,7.37,bags_per_acre,Low
Eastern,Maize,Local,Minor,5.16,51.9,124.8,2.0,126.5,1093.3,25.9,0.5,4.5,bags_per_acre,Low
Ashanti,Maize,Local,Major,6.81,31.3,21.9,33.9,151.1,1394.1,23.4,2.51,6.78,bags_per_acre,Low
Volta,Maize,Local,Minor,6.08,71.3,120.1,43.2,160.3,1268.7,29.2,8.16,8.38,bags_per_acre,Low
Ashanti,Maize,Local,Minor,5.95,27.4,83.0,68.2,131.1,1441.5,24.6,0.54,7.1,bags_per_acre,Low
Brong-Ahafo,Tomato,Pectomech,Major,6.72,62.9,62.1,26.0,133.7,900.8,28.4,0.5,2301.9,kg_per_acre,Low
Volta,Maize,Local,Minor,5.95,34.2,42.8,2.0,104.8,1040.4,29.0,1.24,4.25,bags_per_acre,Low
Ashanti,Maize,Local,Major,6.11,50.5,68.2,43.0,127.9,1598.6,26.7,1.38,10.44,bags_per_acre,Low
Northern,Tomato,F1 Hybrid,Minor,5.55,62.3,103.0,21.2,152.8,776.6,31.2,0.5,2446.0,kg_per_acre,Low
Volta,Tomato,Pectomech,Minor,5.71,63.2,148.6,52.8,85.4,1203.6,27.4,0.61,2547.4,kg_per_acre,Medium
Volta,Maize,Local,Major,6.62,77.0,144.1,56.2,88.7,1202.1,29.6,7.19,10.43,bags_per_acre,Low
Ashanti,Maize,Pioneer 30G19,Major,6.16,52.5,86.2,33.3,174.7,1504.0,26.5,4.59,16.74,bags_per_acre,Medium
Western,Tomato,Local,Major,4.91,67.9,68.7,27.2,68.2,1883.2,29.5,0.88,1345.1,kg_per_acre,Low
Volta,Maize,Hybrid OPV,Major,5.63,58.6,149.0,35.0,62.4,1067.7,26.3,0.5,11.47,bags_per_acre,Low
Volta,Maize,Pioneer 30G19,Major,6.56,50.1,77.8,2.0,87.2,923.4,28.8,15.0,10.71,bags_per_acre,Low
Western,Tomato,Local,Major,6.72,80.5,204.6,17.0,285.3,1722.1,24.9,3.46,2356.9,kg_per_acre,Low
Western,Maize,Local,Minor,6.31,54.3,93.8,14.0,117.3,2013.4,24.6,0.81,8.17,bags_per_acre,Low
Brong-Ahafo,Maize,Local,Major,6.62,57.9,66.7,57.5,89.2,1336.9,26.1,6.84,9.63,bags_per_acre,Low
Volta,Tomato,F1 Hybrid,Minor,5.92,75.2,47.1,35.2,161.9,1330.0,29.0,0.77,3239.9,kg_per_acre,Medium
Ashanti,Maize,Local,Major,6.44,44.1,116.4,27.3,148.7,1283.8,25.1,0.69,11.01,bags_per_acre,Low
Ashanti,Maize,Local,Minor,6.45,71.1,116.1,12.2,118.9,1398.8,27.4,1.99,9.03,bags_per_acre,Low
Brong-Ahafo,Tomato,Pectomech,Minor,6.19,54.9,126.6,48.4,193.8,1196.9,23.8,0.5,3094.0,kg_per_acre,Medium
Volta,Maize,Local,Major,6.12,12.1,100.3,42.5,191.9,983.6,30.3,0.5,4.93,bags_per_acre,Low
Ashanti,Tomato,Pectomech,Minor,5.66,10.0,110.9,10.6,20.0,890.2,27.7,4.03,801.3,kg_per_acre,Low
Brong-Ahafo,Tomato,F1 Hybrid,Major,6.7,42.8,175.7,29.9,138.1,981.9,27.6,3.79,3288.4,kg_per_acre,Medium
Volta,Maize,Hybrid OPV,Major,6.57,46.9,82.2,21.8,163.2,1442.4,27.4,11.33,11.35,bags_per_acre,Low
Brong-Ahafo,Tomato,F1 Hybrid,Minor,6.61,53.1,197.8,16.0,43.1,1469.8,26.6,2.02,2817.0,kg_per_acre,Medium
Eastern,Tomato,Local,Minor,5.81,32.7,5.0,29.6,145.3,1526.2,27.0,0.64,1026.8,kg_per_acre,Low
Volta,Maize,Hybrid OPV,Major,6.56,59.7,43.9,20.5,109.1,1088.8,29.3,0.5,10.53,bags_per_acre,Low
Ashanti,Tomato,Local,Major,6.35,56.0,116.3,33.6,64.7,1590.4,25.6,0.5,1913.5,kg_per_acre,Low
Volta,Maize,Local,Minor,6.25,20.5,31.5,36.7,90.2,1254.5,25.4,1.38,4.27,bags_per_acre,Low
Western,Maize,Local,Minor,5.86,36.5,56.8,70.2,139.1,2184.2,26.5,5.63,8.38,bags_per_acre,Low
Eastern,Tomato,F1 Hybrid,Minor,5.85,33.4,54.4,54.9,97.1,1282.4,24.7,6.9,2868.5,kg_per_acre,Medium
Eastern,Maize,Pioneer 30G19,Major,5.05,53.4,12.6,39.5,126.9,1202.4,27.6,2.2,9.45,bags_per_acre,Low
Northern,Tomato,F1 Hybrid,Major,6.31,54.2,43.8,50.2,75.2,815.2,30.5,2.37,3043.5,kg_per_acre,Medium
Western,Tomato,Local,Major,5.64,45.1,62.4,44.4,202.1,2057.6,23.9,5.6,2408.7,kg_per_acre,Low
Ashanti,Tomato,Local,Major,5.6,66.4,110.7,30.6,128.8,1276.0,26.8,1.98,2200.8,kg_per_acre,Low
Ashanti,Maize,Pioneer 30G19,Major,7.07,40.7,123.2,14.7,41.2,1033.6,27.3,0.5,15.27,bags_per_acre,Medium
Eastern,Maize,Local,Major,6.05,51.5,33.3,61.0,129.4,1237.5,27.8,2.19,7.72,bags_per_acre,Low
Northern,Tomato,Pectomech,Minor,7.25,59.5,45.4,3.4,99.8,987.5,29.5,2.6,1104.0,kg_per_acre,Low
Ashanti,Tomato,Local,Major,5.42,52.3,32.9,50.6,83.4,1395.6,23.7,4.32,1554.7,kg_per_acre,Low
Western,Tomato,F1 Hybrid,Minor,6.0,39.5,156.1,76.6,128.2,1689.2,25.5,2.45,4419.6,kg_per_acre,Medium
Volta,Maize,Local,Minor,5.98,38.5,56.4,49.7,68.5,1144.9,27.9,2.81,6.53,bags_per_acre,Low
Ashanti,Tomato,Local,Major,6.76,31.5,21.1,2.0,188.8,1260.8,26.7,3.34,910.7,kg_per_acre,Low
Western,Maize,Local,Minor,5.63,46.3,94.7,21.1,136.1,2321.8,26.2,2.39,7.96,bags_per_acre,Low
Ashanti,Maize,Local,Major,6.7,58.2,120.0,47.5,67.1,1410.3,28.1,3.39,12.37,bags_per_acre,Medium
Volta,Maize,Hybrid OPV,Minor,5.71,45.7,99.8,25.8,187.6,1265.5,27.4,2.06,11.31,bags_per_acre,Low
Northern,Maize,Local,Major,6.65,45.7,81.2,16.9,121.8,1094.9,28.8,7.9,6.71,bags_per_acre,Low
Volta,Maize,Hybrid OPV,Major,6.28,15.6,120.5,23.4,91.4,1049.9,27.3,0.5,6.35,bags_per_acre,Low
Volta,Maize,Pioneer 30G19,Minor,5.89,54.5,127.1,26.2,165.5,1289.5,28.4,1.83,15.44,bags_per_acre,Medium
Eastern,Maize,Local,Minor,5.39,71.8,29.4,27.6,175.7,1450.1,22.5,4.18,7.58,bags_per_acre,Low
Eastern,Tomato,Pectomech,Minor,6.86,63.0,38.6,63.1,172.6,1220.6,24.5,2.26,2859.0,kg_per_acre,Medium
Eastern,Maize,Pioneer 30G19,Major,6.36,56.4,79.0,26.2,65.4,1118.6,27.2,1.36,15.14,bags_per_acre,Medium
Ashanti,Tomato,F1 Hybrid,Minor,5.84,37.9,99.8,19.0,211.5,1349.0,25.7,1.3,3001.1,kg_per_acre,Medium
Brong-Ahafo,Tomato,Local,Minor,7.16,64.3,137.9,27.4,156.4,1311.7,26.7,0.5,1898.7,kg_per_acre,Low
Western,Maize,Local,Major,5.82,30.7,108.5,16.5,105.2,1864.7,24.6,2.28,8.12,bags_per_acre,Low
Volta,Tomato,F1 Hybrid,Minor,6.81,56.6,96.1,2.4,59.2,1038.2,29.0,0.99,1647.1,kg_per_acre,Low
Eastern,Maize,Pioneer 30G19,Minor,5.36,61.1,76.5,47.4,68.9,1186.9,26.6,0.87,12.99,bags_per_acre,Medium
Volta,Maize,Pioneer 30G19,Minor,6.75,66.6,123.3,28.2,137.8,1034.8,27.5,3.14,14.93,bags_per_acre,Medium
Northern,Tomato,F1 Hybrid,Major,6.87,87.9,22.9,14.6,161.0,1204.1,28.4,0.81,2300.1,kg_per_acre,Low
Brong-Ahafo,Maize,Local,Minor,4.99,48.1,137.1,12.5,168.5,1048.0,27.4,2.36,6.68,bags_per_acre,Low
Ashanti,Maize,Hybrid OPV,Major,6.77,78.9,65.5,27.2,145.7,1460.2,27.5,0.5,14.12,bags_per_acre,Medium
Volta,Tomato,Pectomech,Minor,6.01,45.1,76.3,2.0,145.6,912.6,28.7,6.88,1605.0,kg_per_acre,Low
Brong-Ahafo,Tomato,F1 Hybrid,Major,6.01,65.4,47.7,42.8,83.8,1118.2,21.7,0.5,4174.5,kg_per_acre,Medium
Northern,Tomato,Local,Minor,5.38,59.3,206.8,38.5,148.7,682.7,28.3,1.21,1186.3,kg_per_acre,Low
Northern,Maize,Hybrid OPV,Minor,6.38,63.4,160.3,23.6,68.5,1116.7,26.8,0.67,7.43,bags_per_acre,Low
Volta,Maize,Pioneer 30G19,Minor,5.98,50.3,143.8,36.8,106.3,1188.7,29.4,1.31,15.1,bags_per_acre,Medium
Ashanti,Tomato,Local,Minor,5.97,48.3,175.8,52.9,183.3,1484.8,25.9,4.77,2109.1,kg_per_acre,Low
Western,Maize,Pioneer 30G19,Major,5.42,47.6,62.4,35.8,117.0,1727.9,22.2,4.02,14.96,bags_per_acre,Medium
Ashanti,Tomato,Local,Major,6.12,35.6,50.6,15.6,136.1,1287.3,27.2,0.75,1168.9,kg_per_acre,Low
Ashanti,Tomato,Pectomech,Minor,4.97,52.4,6.9,28.6,220.4,1464.9,25.2,8.98,1239.6,kg_per_acre,Low
Eastern,Tomato,Pectomech,Minor,5.54,54.8,84.2,76.8,89.8,1401.9,27.3,1.64,2109.5,kg_per_acre,Low
Volta,Maize,Hybrid OPV,Major,5.66,46.3,35.3,35.1,143.1,944.4,30.7,0.91,10.17,bags_per_acre,Low
Northern,Maize,Local,Minor,6.17,49.5,75.0,42.5,202.1,666.5,27.4,0.5,4.6,bags_per_acre,Low
Eastern,Tomato,Local,Minor,6.24,76.8,45.3,51.9,119.7,1511.5,25.2,2.03,1673.3,kg_per_acre,Low
Western,Maize,Pioneer 30G19,Minor,5.76,49.2,113.7,37.0,108.5,1913.6,24.8,6.39,15.78,bags_per_acre,Medium
Brong-Ahafo,Maize,Pioneer 30G19,Major,5.84,50.5,149.2,45.2,40.4,916.9,27.1,1.88,15.44,bags_per_acre,Medium
Ashanti,Maize,Pioneer 30G19,Major,4.65,51.2,80.8,48.9,231.7,1602.8,26.1,0.5,9.81,bags_per_acre,Low
Western,Tomato,Local,Major,6.08,71.1,101.1,18.1,132.5,1499.5,27.4,1.55,2321.7,kg_per_acre,Low
Eastern,Tomato,F1 Hybrid,Major,5.24,44.9,94.1,34.5,77.5,1480.8,24.8,2.36,3114.4,kg_per_acre,Medium
Volta,Tomato,Local,Minor,5.65,52.1,97.6,32.0,127.8,937.1,28.2,0.5,1676.3,kg_per_acre,Low
Brong-Ahafo,Tomato,Local,Major,6.19,70.2,107.5,35.0,121.6,1277.2,26.6,0.5,1972.1,kg_per_acre,Low
Ashanti,Maize,Pioneer 30G19,Minor,5.88,56.0,99.7,62.7,75.2,1349.6,24.8,5.13,15.45,bags_per_acre,Medium
Volta,Maize,Hybrid OPV,Minor,5.06,33.9,34.3,17.6,117.8,1038.4,28.6,3.72,4.69,bags_per_acre,Low
Ashanti,Tomato,F1 Hybrid,Major,6.37,39.5,84.3,50.7,146.4,1381.7,25.6,1.08,3132.3,kg_per_acre,Medium
Northern,Tomato,Local,Major,6.68,66.1,124.8,2.0,116.5,745.7,29.7,0.5,1080.1,kg_per_acre,Low
Eastern,Maize,Pioneer 30G19,Major,5.73,62.7,75.2,42.1,101.5,1216.2,24.6,4.72,17.57,bags_per_acre,Medium
Eastern,Tomato,F1 Hybrid,Major,5.34,50.2,104.1,28.5,155.9,1137.0,27.6,0.5,3279.2,kg_per_acre,Medium
Eastern,Maize,Hybrid OPV,Minor,5.56,59.7,167.5,31.5,94.7,1315.5,29.1,1.0,12.18,bags_per_acre,Medium
Eastern,Maize,Hybrid OPV,Major,5.03,64.6,56.1,32.2,200.7,1602.5,24.3,0.64,9.51,bags_per_acre,Low
Ashanti,Maize,Pioneer 30G19,Minor,6.13,56.7,144.9,38.5,113.0,1521.2,26.1,1.39,17.04,bags_per_acre,Medium
Northern,Tomato,Pectomech,Minor,6.66,78.5,84.7,55.1,142.6,866.6,29.3,0.5,2096.3,kg_per_acre,Low
Northern,Tomato,Local,Minor,6.55,40.3,131.9,37.9,78.6,1017.7,29.8,2.33,1398.0,kg_per_acre,Low
Western,Maize,Local,Minor,6.31,38.4,71.9,14.6,84.8,1516.7,24.4,2.03,9.23,bags_per_acre,Low
Ashanti,Tomato,F1 Hybrid,Minor,6.34,47.6,71.2,47.9,91.1,1422.6,28.2,4.11,3376.4,kg_per_acre,Medium
Northern,Maize,Local,Major,6.44,53.1,78.6,39.5,141.7,1082.2,31.8,3.51,7.88,bags_per_acre,Low
Ashanti,Tomato,Pectomech,Major,6.1,69.2,52.4,35.7,205.4,1106.1,26.9,6.74,3023.6,kg_per_acre,Medium
Northern,Maize,Pioneer 30G19,Major,6.38,71.9,51.7,27.9,118.1,1173.1,29.0,0.59,8.89,bags_per_acre,Low
Western,Tomato,Local,Major,4.56,64.0,125.1,28.8,198.9,2050.0,26.0,1.66,888.5,kg_per_acre,Low
Volta,Maize,Hybrid OPV,Major,5.79,55.4,123.9,16.0,135.1,819.4,30.1,3.78,9.61,bags_per_acre,Low
Volta,Tomato,Pectomech,Major,5.99,63.2,39.3,2.0,212.6,926.0,25.6,0.5,1671.6,kg_per_acre,Low
Brong-Ahafo,Maize,Local,Major,6.23,58.1,19.7,46.4,49.8,1526.5,26.6,0.73,6.73,bags_per_acre,Low
Northern,Tomato,Pectomech,Minor,7.53,47.9,96.9,59.9,20.0,828.4,28.9,3.92,1526.5,kg_per_acre,Low
Western,Maize,Local,Minor,6.14,61.4,118.0,16.5,98.5,2045.7,22.7,2.02,8.08,bags_per_acre,Low
Ashanti,Maize,Local,Minor,6.78,53.7,137.2,36.4,243.3,1716.0,26.1,0.5,10.66,bags_per_acre,Low
Western,Tomato,Pectomech,Major,5.93,56.4,106.1,2.0,113.4,1473.4,27.7,5.66,2454.3,kg_per_acre,Low
Western,Maize,Local,Major,5.93,59.5,76.4,17.3,193.8,1870.4,23.6,0.5,10.56,bags_per_acre,Low
Eastern,Maize,Pioneer 30G19,Major,5.79,75.7,116.0,29.8,152.8,1183.5,28.6,6.85,18.12,bags_per_acre,Medium
Brong-Ahafo,Tomato,F1 Hybrid,Major,6.13,67.2,125.7,43.9,156.4,1273.7,26.1,2.75,4456.7,kg_per_acre,Medium
Brong-Ahafo,Maize,Local,Major,5.14,50.7,166.5,48.3,128.2,1127.0,28.8,5.36,9.27,bags_per_acre,Low
Brong-Ahafo,Maize,Local,Minor,7.59,78.7,62.3,56.0,157.8,1196.9,25.8,0.5,7.45,bags_per_acre,Low
Ashanti,Tomato,Local,Major,5.3,54.4,46.1,5.5,89.3,1614.5,27.9,0.5,1144.5,kg_per_acre,Low
Western,Maize,Hybrid OPV,Minor,6.24,41.1,53.9,26.9,106.3,1977.4,27.0,1.6,12.11,bags_per_acre,Medium
Ashanti,Tomato,Pectomech,Major,6.7,46.3,110.4,25.3,75.3,1728.9,24.0,3.49,2763.1,kg_per_acre,Medium
Western,Tomato,Pectomech,Minor,5.59,48.8,61.7,45.9,114.0,1782.6,25.5,0.5,2677.7,kg_per_acre,Medium
Brong-Ahafo,Tomato,F1 Hybrid,Major,6.52,46.6,117.6,5.2,125.6,1031.2,28.7,0.65,3104.0,kg_per_acre,Medium
Brong-Ahafo,Maize,Hybrid OPV,Major,6.89,70.8,108.3,47.6,248.8,1046.0,27.4,1.61,17.03,bags_per_acre,Medium
Ashanti,Tomato,F1 Hybrid,Major,5.57,59.1,115.3,25.5,87.6,1689.7,26.8,0.5,3831.9,kg_per_acre,Medium
Brong-Ahafo,Tomato,F1 Hybrid,Minor,5.77,47.8,52.3,24.9,121.0,1264.4,28.6,2.61,2788.9,kg_per_acre,Medium
Eastern,Maize,Hybrid OPV,Major,5.01,52.4,109.6,40.9,185.5,1411.4,25.4,4.99,9.83,bags_per_acre,Low
Northern,Maize,Pioneer 30G19,Major,6.66,71.1,47.2,14.1,202.6,690.9,29.6,2.14,7.42,bags_per_acre,Low
Brong-Ahafo,Tomato,Pectomech,Minor,5.65,43.8,101.3,44.1,168.4,1273.6,27.2,3.0,2395.8,kg_per_acre,Low
Volta,Maize,Pioneer 30G19,Major,6.05,59.3,121.2,14.5,230.9,1177.4,28.6,3.14,13.57,bags_per_acre,Medium
Northern,Maize,Hybrid OPV,Major,5.17,64.8,133.9,2.0,111.3,774.4,29.0,5.55,5.1,bags_per_acre,Low
Eastern,Maize,Pioneer 30G19,Major,4.84,51.9,116.7,39.7,110.3,1095.5,26.9,1.94,10.78,bags_per_acre,Low
Brong-Ahafo,Tomato,Pectomech,Major,5.75,46.8,116.0,28.1,189.3,1040.4,25.3,0.68,3275.5,kg_per_acre,Medium
Northern,Maize,Local,Major,5.88,57.5,92.1,22.7,87.7,756.3,30.6,2.02,4.96,bags_per_acre,Low
Brong-Ahafo,Tomato,F1 Hybrid,Minor,6.48,43.4,96.7,59.7,243.8,1336.7,30.0,0.5,3585.0,kg_per_acre,Medium
Eastern,Tomato,Pectomech,Major,5.84,64.7,106.7,21.7,91.0,1211.1,27.8,0.5,2210.9,kg_per_acre,Low
Ashanti,Maize,Pioneer 30G19,Major,5.5,36.2,12.7,10.9,71.1,1522.9,26.3,5.28,7.43,bags_per_acre,Low
Brong-Ahafo,Maize,Pioneer 30G19,Minor,5.84,54.6,56.1,35.3,148.2,1468.6,25.2,2.38,15.14,bags_per_acre,Medium
Western,Tomato,F1 Hybrid,Major,6.16,73.0,41.6,23.7,125.8,2138.3,24.8,0.5,3633.5,kg_per_acre,Medium
Northern,Tomato,F1 Hybrid,Minor,6.82,46.0,173.4,2.0,173.1,999.8,30.3,10.09,2137.4,kg_per_acre,Low
Volta,Maize,Hybrid OPV,Major,5.95,57.8,131.6,14.3,185.6,1195.7,27.0,0.5,10.96,bags_per_acre,Low
Eastern,Maize,Pioneer 30G19,Major,4.86,47.4,128.6,11.6,135.0,1388.3,27.6,2.49,11.0,bags_per_acre,Low
Volta,Maize,Pioneer 30G19,Minor,6.6,54.7,72.2,27.6,141.1,1128.6,26.4,0.5,13.53,bags_per_acre,Medium
Ashanti,Maize,Hybrid OPV,Major,5.61,65.2,114.3,61.2,61.1,1309.6,26.9,3.73,13.4,bags_per_acre,Medium
Brong-Ahafo,Maize,Hybrid OPV,Minor,6.88,58.6,67.4,2.0,116.9,1364.5,26.6,0.5,8.31,bags_per_acre,Low
Western,Tomato,F1 Hybrid,Major,5.9,51.5,23.0,30.8,128.8,2017.8,24.6,1.21,3595.7,kg_per_acre,Medium
Western,Tomato,F1 Hybrid,Major,5.76,30.9,87.0,64.9,96.4,1747.0,23.2,2.39,3666.8,kg_per_acre,Medium
Western,Tomato,F1 Hybrid,Major,6.5,50.8,133.8,33.3,91.5,1713.6,26.2,5.5,5014.7,kg_per_acre,High
Northern,Maize,Hybrid OPV,Minor,7.14,71.9,118.6,38.4,128.0,681.3,27.5,0.53,6.64,bags_per_acre,Low
Brong-Ahafo,Maize,Pioneer 30G19,Major,6.32,30.5,167.2,32.9,122.0,1045.5,27.2,3.03,16.95,bags_per_acre,Medium
Western,Maize,Hybrid OPV,Minor,5.17,48.1,102.3,76.4,53.1,2064.6,26.1,0.5,10.4,bags_per_acre,Low
Eastern,Tomato,Pectomech,Minor,6.48,44.5,88.6,51.3,198.1,897.9,25.8,0.5,2623.4,kg_per_acre,Medium
Volta,Tomato,F1 Hybrid,Major,6.04,34.6,57.3,20.4,123.3,1162.9,26.8,1.31,2710.1,kg_per_acre,Medium
Northern,Tomato,Pectomech,Major,6.08,60.4,83.7,47.8,20.0,782.5,30.3,1.01,1843.3,kg_per_acre,Low
Northern,Tomato,Pectomech,Major,5.78,74.2,47.3,52.0,109.5,739.7,28.8,5.02,2130.4,kg_per_acre,Low
Brong-Ahafo,Tomato,F1 Hybrid,Major,5.59,70.0,68.2,37.8,146.3,1105.9,29.4,4.46,3343.5,kg_per_acre,Medium
Western,Tomato,Local,Major,5.4,57.0,27.3,43.1,237.4,1581.1,24.7,10.82,1776.7,kg_per_acre,Low
Western,Tomato,Local,Major,4.95,78.3,5.0,19.6,104.8,1928.0,26.1,4.9,808.3,kg_per_acre,Low
Eastern,Tomato,Pectomech,Minor,5.35,63.3,72.3,30.0,169.9,1275.6,26.2,2.04,2078.1,kg_per_acre,Low
Northern,Maize,Pioneer 30G19,Minor,5.67,70.4,5.6,29.3,160.8,950.2,27.6,1.42,5.57,bags_per_acre,Low
Eastern,Maize,Local,Major,6.37,35.6,160.5,3.8,113.3,1309.3,29.8,0.5,7.98,bags_per_acre,Low
Eastern,Tomato,F1 Hybrid,Major,5.04,55.4,63.3,25.4,183.0,1136.4,29.8,6.58,2356.5,kg_per_acre,Low
Eastern,Maize,Hybrid OPV,Minor,5.89,22.0,119.2,51.2,104.9,1236.9,26.7,1.94,6.87,bags_per_acre,Low
Western,Maize,Hybrid OPV,Major,6.01,59.4,172.6,38.2,175.1,1757.0,26.2,1.89,18.63,bags_per_acre,Medium
Ashanti,Maize,Pioneer 30G19,Minor,6.54,52.3,166.0,33.8,91.0,1127.5,23.8,5.95,14.96,bags_per_acre,Medium
Ashanti,Maize,Pioneer 30G19,Minor,6.59,45.0,21.5,62.1,123.7,1622.8,24.1,0.5,11.87,bags_per_acre,Low
Eastern,Tomato,F1 Hybrid,Major,5.77,57.0,52.9,2.0,108.9,1056.7,28.0,1.73,2213.5,kg_per_acre,Low
Western,Maize,Local,Major,6.14,60.9,146.3,43.2,174.9,1567.1,27.3,0.88,12.69,bags_per_acre,Medium
Ashanti,Maize,Pioneer 30G19,Minor,5.88,57.3,39.9,63.9,125.5,1601.1,27.0,3.68,15.11,bags_per_acre,Medium
Eastern,Tomato,Pectomech,Minor,5.87,52.3,79.4,26.1,74.4,1314.3,27.4,5.81,2353.7,kg_per_acre,Low
Brong-Ahafo,Maize,Pioneer 30G19,Minor,6.08,44.3,59.2,17.5,94.4,1105.2,26.7,0.71,12.21,bags_per_acre,Medium
Eastern,Maize,Local,Major,5.63,38.5,122.3,17.9,111.5,1237.7,27.5,5.21,9.46,bags_per_acre,Low
Northern,Tomato,Pectomech,Major,6.1,58.3,108.4,31.7,158.5,900.4,29.4,0.5,2233.3,kg_per_acre,Low
Brong-Ahafo,Maize,Local,Major,5.33,82.0,27.4,86.7,158.3,1117.0,28.4,0.79,6.39,bags_per_acre,Low
Brong-Ahafo,Tomato,Pectomech,Major,5.78,25.2,53.1,36.9,146.5,883.3,27.0,0.5,1895.8,kg_per_acre,Low
Ashanti,Maize,Local,Major,5.11,56.8,69.8,33.4,149.1,1312.3,25.5,9.04,8.56,bags_per_acre,Low
Western,Maize,Pioneer 30G19,Major,6.74,58.9,30.2,16.6,202.8,1762.8,25.9,2.71,15.24,bags_per_acre,Medium
Northern,Maize,Pioneer 30G19,Minor,5.7,36.4,68.0,25.3,166.5,931.1,26.6,0.5,9.31,bags_per_acre,Low
Ashanti,Tomato,F1 Hybrid,Major,6.78,22.1,108.4,39.5,86.7,1149.0,28.0,7.11,2679.3,kg_per_acre,Medium
Eastern,Maize,Hybrid OPV,Major,4.65,45.5,43.0,44.9,119.5,1193.2,30.9,2.3,7.03,bags_per_acre,Low
Northern,Tomato,Pectomech,Major,5.92,84.0,94.6,10.5,101.7,861.1,33.1,0.5,1582.3,kg_per_acre,Low
Brong-Ahafo,Tomato,F1 Hybrid,Minor,7.0,55.7,97.7,77.6,143.5,1086.7,26.8,2.48,3446.8,kg_per_acre,Medium
Northern,Maize,Pioneer 30G19,Major,6.56,61.1,78.4,38.7,181.6,897.6,28.7,0.5,10.65,bags_per_acre,Low
Volta,Tomato,F1 Hybrid,Minor,6.11,40.0,117.0,14.9,155.0,1174.7,27.2,1.27,2720.5,kg_per_acre,Medium
Eastern,Maize,Pioneer 30G19,Minor,5.17,52.1,131.8,12.3,237.0,1116.9,26.1,2.1,12.98,bags_per_acre,Medium
Volta,Maize,Hybrid OPV,Major,6.43,27.9,78.6,13.7,119.9,992.5,27.2,4.45,8.85,bags_per_acre,Low
Northern,Maize,Hybrid OPV,Minor,5.48,69.0,9.9,26.7,196.4,850.1,28.5,0.77,5.25,bags_per_acre,Low
Brong-Ahafo,Maize,Pioneer 30G19,Minor,6.17,49.1,84.6,33.7,103.2,1234.4,27.1,2.12,14.86,bags_per_acre,Medium
Brong-Ahafo,Tomato,F1 Hybrid,Major,7.07,72.8,65.2,2.0,118.3,1154.0,26.8,3.39,2748.5,kg_per_acre,Medium
Volta,Maize,Local,Minor,6.43,51.1,101.8,46.8,41.9,1201.2,26.7,3.86,7.46,bags_per_acre,Low
Eastern,Maize,Pioneer 30G19,Minor,6.88,55.8,115.7,11.7,127.4,1281.1,25.6,0.63,14.21,bags_per_acre,Medium
Northern,Maize,Local,Minor,6.89,31.7,124.5,32.8,298.9,595.2,31.6,1.38,3.55,bags_per_acre,Low
Brong-Ahafo,Maize,Hybrid OPV,Major,5.43,49.1,73.5,42.5,99.0,1005.3,27.2,0.81,11.13,bags_per_acre,Low
Northern,Maize,Pioneer 30G19,Major,5.95,45.1,103.7,71.4,103.4,1012.7,29.0,2.35,12.74,bags_per_acre,Medium
Western,Tomato,Pectomech,Major,6.64,58.5,122.2,12.3,117.3,1979.0,26.9,0.5,3140.3,kg_per_acre,Medium
Western,Tomato,Pectomech,Minor,5.66,37.9,74.6,55.3,135.9,2373.5,26.1,0.5,2354.4,kg_per_acre,Low
Ashanti,Maize,Hybrid OPV,Minor,5.62,52.6,117.3,30.8,189.0,1825.5,25.3,5.64,10.72,bags_per_acre,Low
Western,Maize,Local,Major,6.2,39.7,48.4,51.4,151.8,1837.3,24.5,1.46,10.63,bags_per_acre,Low
Eastern,Tomato,Pectomech,Major,6.73,30.9,28.9,16.0,192.1,1207.2,27.4,4.47,1748.3,kg_per_acre,Low
Brong-Ahafo,Maize,Pioneer 30G19,Major,6.54,41.1,115.5,39.3,97.2,1284.6,28.0,2.76,19.45,bags_per_acre,Medium
Eastern,Maize,Hybrid OPV,Major,5.56,67.5,73.1,35.6,158.5,1513.2,26.0,0.76,12.18,bags_per_acre,Medium
Volta,Tomato,Pectomech,Minor,5.77,47.9,99.8,22.1,182.7,1054.1,25.0,3.19,2209.8,kg_per_acre,Low
Brong-Ahafo,Maize,Hybrid OPV,Major,6.15,82.3,76.6,19.5,82.0,1127.7,28.1,1.66,10.79,bags_per_acre,Low
Brong-Ahafo,Maize,Local,Major,6.92,33.1,82.9,17.4,131.8,1204.2,27.9,3.66,7.04,bags_per_acre,Low
Volta,Maize,Local,Major,5.6,61.7,43.4,21.3,110.1,1204.5,28.1,0.5,7.35,bags_per_acre,Low
Brong-Ahafo,Maize,Hybrid OPV,Minor,5.72,37.2,85.4,43.7,139.0,1081.2,26.4,4.95,10.47,bags_per_acre,Low
Brong-Ahafo,Maize,Local,Major,5.66,34.7,133.6,18.3,185.0,1223.8,28.9,3.5,8.19,bags_per_acre,Low
Brong-Ahafo,Tomato,F1 Hybrid,Minor,5.6,55.9,83.4,2.0,71.1,1327.2,30.1,1.49,2049.6,kg_per_acre,Low
Volta,Tomato,Local,Major,5.45,80.2,101.5,23.3,77.2,967.3,26.9,0.5,1517.1,kg_per_acre,Low
Western,Tomato,F1 Hybrid,Major,6.17,57.2,49.7,4.4,214.6,2111.1,22.1,10.7,3050.1,kg_per_acre,Medium
Ashanti,Maize,Local,Major,6.0,71.7,134.6,22.0,182.1,1522.8,22.3,0.5,11.55,bags_per_acre,Low
Eastern,Tomato,Pectomech,Minor,6.34,72.0,75.6,21.0,161.6,1360.0,27.9,0.5,2940.7,kg_per_acre,Medium
Western,Tomato,F1 Hybrid,Major,5.76,47.7,107.4,20.2,111.1,1826.7,25.1,1.42,4331.3,kg_per_acre,Medium
Western,Maize,Hybrid OPV,Minor,6.28,52.5,178.3,61.1,161.1,1772.7,24.7,4.65,15.7,bags_per_acre,Medium
Eastern,Tomato,F1 Hybrid,Major,5.62,61.4,90.8,26.0,168.0,1410.7,27.2,2.63,4245.1,kg_per_acre,Medium
Ashanti,Tomato,F1 Hybrid,Minor,5.9,40.8,82.9,4.0,103.0,1348.7,26.1,9.04,2400.2,kg_per_acre,Low
Ashanti,Maize,Local,Minor,5.24,51.1,122.7,37.7,154.6,1361.6,28.2,4.65,8.66,bags_per_acre,Low
Ashanti,Tomato,Local,Major,6.53,49.2,63.0,13.1,97.7,1655.3,24.9,3.39,2007.8,kg_per_acre,Low
Eastern,Maize,Hybrid OPV,Minor,6.35,51.1,106.0,2.0,141.1,1626.9,26.0,0.5,7.97,bags_per_acre,Low
Volta,Maize,Local,Major,5.33,66.6,95.2,26.0,171.8,1063.4,28.9,5.08,7.79,bags_per_acre,Low
Eastern,Tomato,Pectomech,Minor,5.72,53.8,117.3,17.2,99.5,1336.6,27.7,0.5,2266.0,kg_per_acre,Low
Ashanti,Tomato,Pectomech,Minor,5.88,23.6,71.8,14.2,96.6,1375.3,27.9,0.5,1470.2,kg_per_acre,Low
Brong-Ahafo,Tomato,Pectomech,Minor,5.44,22.9,67.4,38.7,145.7,1472.6,27.5,0.51,1246.2,kg_per_acre,Low
Eastern,Maize,Pioneer 30G19,Major,6.47,26.7,30.7,32.9,60.5,1507.8,25.1,3.01,10.44,bags_per_acre,Low
Northern,Tomato,F1 Hybrid,Minor,5.54,53.5,112.7,24.1,51.0,721.3,30.1,9.35,1919.8,kg_per_acre,Low
Western,Maize,Hybrid OPV,Major,6.23,23.2,36.3,27.1,253.1,1593.4,24.4,5.08,9.91,bags_per_acre,Low
Volta,Maize,Local,Major,6.25,42.7,102.9,40.9,187.5,1168.9,27.0,3.59,9.84,bags_per_acre,Low
Brong-Ahafo,Tomato,Local,Minor,5.84,64.0,112.6,35.7,144.6,1104.5,26.0,1.02,1963.7,kg_per_acre,Low
Northern,Tomato,Local,Major,7.27,39.8,46.2,46.1,57.7,788.2,27.1,0.92,1293.6,kg_per_acre,Low
Western,Tomato,F1 Hybrid,Major,5.6,34.7,47.4,2.0,124.1,2153.2,25.6,1.34,2109.2,kg_per_acre,Low
Eastern,Tomato,Pectomech,Major,5.84,41.7,74.4,35.5,20.0,1361.2,27.8,2.89,2239.4,kg_per_acre,Low
Volta,Tomato,F1 Hybrid,Major,6.39,65.1,115.7,32.4,128.1,1220.5,29.0,4.17,4048.4,kg_per_acre,Medium
Northern,Maize,Pioneer 30G19,Major,6.51,63.1,81.9,16.3,113.6,1098.1,32.0,2.18,9.22,bags_per_acre,Low
Ashanti,Maize,Pioneer 30G19,Minor,7.09,39.9,56.4,23.0,20.0,1305.4,25.4,9.16,11.55,bags_per_acre,Low
Eastern,Maize,Local,Major,5.62,47.7,65.8,2.0,135.2,1349.0,25.9,0.5,7.22,bags_per_acre,Low
Volta,Maize,Hybrid OPV,Minor,5.53,52.9,167.6,7.2,121.9,1001.5,26.2,2.32,8.57,bags_per_acre,Low
Eastern,Tomato,Local,Major,5.99,50.3,94.3,28.7,59.0,1562.2,28.6,0.5,1818.0,kg_per_acre,Low
Western,Tomato,F1 Hybrid,Minor,5.82,60.6,111.3,2.0,93.7,2053.6,26.3,2.74,2411.2,kg_per_acre,Low
Northern,Maize,Hybrid OPV,Major,6.27,36.8,80.0,15.4,100.2,554.8,26.9,1.85,4.82,bags_per_acre,Low
Brong-Ahafo,Maize,Local,Major,7.05,42.6,94.1,19.9,176.4,1113.8,27.1,1.74,8.3,bags_per_acre,Low
Volta,Maize,Local,Major,5.52,57.3,103.7,49.7,207.7,936.0,27.7,0.5,8.84,bags_per_acre,Low
Northern,Tomato,F1 Hybrid,Major,6.46,81.2,126.7,40.7,115.3,1134.6,29.5,0.5,3151.5,kg_per_acre,Medium
Western,Maize,Pioneer 30G19,Major,6.4,43.3,134.5,53.8,71.1,2047.0,25.4,4.46,17.4,bags_per_acre,Medium
Western,Maize,Local,Major,6.01,80.8,29.0,11.9,177.0,1858.1,27.8,1.29,6.53,bags_per_acre,Low
Ashanti,Tomato,F1 Hybrid,Major,6.58,66.6,58.8,39.1,104.8,1433.4,28.8,0.59,4297.8,kg_per_acre,Medium
Northern,Maize,Pioneer 30G19,Major,7.44,75.2,107.3,41.3,133.6,528.3,27.4,2.92,6.55,bags_per_acre,Low
Northern,Maize,Local,Minor,7.83,53.3,100.5,45.4,129.1,939.5,29.6,1.54,5.69,bags_per_acre,Low
Western,Tomato,Pectomech,Major,5.35,47.4,55.3,35.3,138.9,2159.6,24.9,2.43,2476.1,kg_per_acre,Low
Western,Maize,Hybrid OPV,Major,6.06,71.0,89.0,6.6,176.3,1966.1,22.9,9.1,11.53,bags_per_acre,Low
Ashanti,Maize,Hybrid OPV,Minor,5.65,42.1,33.9,70.0,61.6,1275.3,25.4,4.32,10.52,bags_per_acre,Low
Ashanti,Tomato,Pectomech,Minor,6.54,76.1,106.9,66.1,119.0,1081.9,27.8,5.5,2549.0,kg_per_acre,Medium
Northern,Maize,Local,Major,5.39,55.8,98.7,37.3,170.2,860.9,31.3,3.33,6.0,bags_per_acre,Low
Eastern,Tomato,Pectomech,Major,6.27,52.7,61.5,2.0,124.5,1287.5,28.9,0.76,2016.1,kg_per_acre,Low
Ashanti,Maize,Pioneer 30G19,Major,6.56,71.7,81.1,12.1,123.7,1514.0,24.7,0.8,17.91,bags_per_acre,Medium
Volta,Maize,Pioneer 30G19,Major,5.34,77.4,78.4,46.4,112.1,991.1,28.5,0.5,14.28,bags_per_acre,Medium
Western,Tomato,F1 Hybrid,Major,4.54,74.4,11.1,54.3,169.7,1870.3,25.0,0.88,1440.0,kg_per_acre,Low
Northern,Maize,Local,Major,6.5,51.6,69.2,67.6,146.3,913.3,30.1,0.96,8.79,bags_per_acre,Low
Ashanti,Maize,Pioneer 30G19,Major,5.99,26.9,47.1,15.1,135.6,1322.1,25.5,0.82,11.12,bags_per_acre,Low
Volta,Tomato,F1 Hybrid,Major,7.19,55.0,182.0,6.1,171.3,707.2,27.8,0.73,2702.6,kg_per_acre,Medium
Ashanti,Tomato,Local,Major,6.63,39.3,111.7,39.0,144.5,1629.0,27.6,1.28,2144.0,kg_per_acre,Low
Brong-Ahafo,Maize,Hybrid OPV,Major,5.59,53.1,63.8,38.9,99.6,1030.7,25.4,2.79,13.91,bags_per_acre,Medium
Brong-Ahafo,Maize,Hybrid OPV,Major,5.14,28.1,94.2,24.3,85.9,1215.1,26.2,3.35,8.89,bags_per_acre,Low
Brong-Ahafo,Tomato,F1 Hybrid,Minor,6.21,92.5,102.5,47.9,154.1,1157.9,29.1,1.23,2967.4,kg_per_acre,Medium
Eastern,Tomato,Pectomech,Major,4.9,54.9,117.6,40.7,89.0,1201.6,30.6,1.6,1826.3,kg_per_acre,Low
Eastern,Tomato,Local,Minor,5.33,62.4,108.3,24.1,135.5,1375.2,27.2,5.99,1534.7,kg_per_acre,Low
Eastern,Maize,Pioneer 30G19,Major,5.65,47.7,47.0,18.7,172.2,1331.5,26.7,0.62,13.91,bags_per_acre,Medium
Northern,Maize,Pioneer 30G19,Minor,6.46,55.1,41.9,8.3,154.6,843.1,29.3,0.5,6.91,bags_per_acre,Low
Volta,Tomato,Local,Minor,5.53,47.0,69.4,39.6,213.3,1140.2,28.0,0.5,1521.5,kg_per_acre,Low
Eastern,Maize,Hybrid OPV,Minor,6.26,57.8,126.1,24.6,189.6,1194.9,27.2,2.83,11.52,bags_per_acre,Low
Northern,Maize,Pioneer 30G19,Major,5.83,44.7,123.0,40.7,154.1,837.5,30.1,3.09,11.78,bags_per_acre,Low
Western,Tomato,Local,Major,5.37,50.5,146.6,24.5,120.9,1974.8,28.4,7.15,1809.0,kg_per_acre,Low
Volta,Maize,Local,Major,6.57,85.2,74.4,8.8,212.7,1126.6,26.5,9.16,7.38,bags_per_acre,Low
Western,Tomato,F1 Hybrid,Major,6.48,54.2,42.8,55.6,224.9,1908.8,27.1,5.12,5060.3,kg_per_acre,High
Ashanti,Tomato,Local,Major,5.94,48.8,119.9,41.5,255.2,1246.6,27.3,8.55,2292.5,kg_per_acre,Low
Volta,Tomato,F1 Hybrid,Minor,6.43,31.5,74.0,37.0,37.5,1128.3,27.3,6.55,1728.4,kg_per_acre,Low
Northern,Tomato,Pectomech,Major,6.54,67.8,128.1,28.4,101.6,867.4,31.7,0.5,2264.3,kg_per_acre,Low
Ashanti,Tomato,Local,Major,6.31,67.6,33.8,87.9,80.6,1163.8,27.3,4.44,1952.1,kg_per_acre,Low
Western,Maize,Hybrid OPV,Major,5.65,33.9,130.0,17.0,144.3,1794.5,25.6,1.64,11.86,bags_per_acre,Low
Brong-Ahafo,Tomato,Local,Minor,5.97,50.0,77.2,16.7,81.2,1364.5,24.5,0.5,1646.0,kg_per_acre,Low
Brong-Ahafo,Maize,Local,Major,6.85,50.8,58.8,79.2,179.8,1224.4,27.3,3.61,10.38,bags_per_acre,Low
Eastern,Tomato,F1 Hybrid,Minor,6.1,50.6,86.0,29.9,84.9,1265.0,30.2,3.48,3612.5,kg_per_acre,Medium
Eastern,Tomato,Pectomech,Major,5.9,35.4,117.5,22.5,111.2,1042.7,28.1,5.56,2364.2,kg_per_acre,Low
Northern,Tomato,Pectomech,Minor,6.91,61.0,66.4,23.3,137.2,864.7,30.8,0.73,1852.6,kg_per_acre,Low
Northern,Tomato,F1 Hybrid,Major,6.17,44.7,195.5,40.2,157.1,694.4,29.4,4.87,3178.5,kg_per_acre,Medium
Volta,Maize,Pioneer 30G19,Major,5.84,72.3,92.4,62.5,139.8,981.5,29.7,10.73,16.81,bags_per_acre,Medium
Ashanti,Tomato,Pectomech,Major,6.14,20.0,130.5,31.8,308.4,1815.4,26.2,2.72,2004.9,kg_per_acre,Low
Eastern,Tomato,Local,Minor,6.09,34.7,92.8,22.3,112.7,1164.6,28.4,0.64,1351.0,kg_per_acre,Low
Brong-Ahafo,Tomato,F1 Hybrid,Minor,6.41,78.3,143.7,30.4,156.0,1149.3,30.3,5.2,3802.4,kg_per_acre,Medium
Northern,Maize,Pioneer 30G19,Minor,6.58,68.4,88.3,23.8,161.9,1013.8,31.2,0.5,10.67,bags_per_acre,Low
Western,Maize,Local,Minor,5.59,20.7,128.9,41.0,87.5,2217.7,25.9,0.84,5.1,bags_per_acre,Low
Volta,Tomato,Local,Minor,5.94,51.9,89.9,47.2,139.8,1290.7,28.2,14.88,1590.4,kg_per_acre,Low
Volta,Tomato,Pectomech,Minor,6.49,24.9,116.3,88.8,188.1,1307.4,27.7,0.5,1910.2,kg_per_acre,Low
Eastern,Maize,Hybrid OPV,Major,6.17,90.1,115.5,18.1,90.3,1217.0,24.2,12.51,9.36,bags_per_acre,Low
Volta,Tomato,F1 Hybrid,Major,5.77,52.2,131.0,4.6,157.2,1213.4,29.1,0.9,2739.2,kg_per_acre,Medium
Brong-Ahafo,Maize,Local,Minor,6.65,81.9,162.7,41.5,138.7,1114.9,28.3,3.68,8.97,bags_per_acre,Low
Eastern,Tomato,Pectomech,Major,6.07,36.5,128.1,33.5,168.1,1305.2,27.3,5.2,2667.6,kg_per_acre,Medium
Western,Tomato,Pectomech,Major,6.63,63.4,64.7,15.2,91.9,1519.8,26.0,3.35,3019.7,kg_per_acre,Medium
Northern,Tomato,Local,Minor,5.39,68.4,14.6,72.2,101.0,861.0,27.2,0.5,1014.1,kg_per_acre,Low
Volta,Maize,Hybrid OPV,Minor,5.68,54.9,99.8,34.8,132.3,963.8,28.3,2.13,9.38,bags_per_acre,Low
Brong-Ahafo,Maize,Pioneer 30G19,Major,6.07,66.4,50.6,19.5,74.6,1213.6,25.6,8.87,13.41,bags_per_acre,Medium
Brong-Ahafo,Maize,Hybrid OPV,Minor,6.05,72.2,145.4,40.0,56.2,1286.2,29.5,3.31,12.92,bags_per_acre,Medium
Eastern,Maize,Pioneer 30G19,Major,6.28,54.5,110.5,16.8,139.0,1219.0,25.1,5.71,15.69,bags_per_acre,Medium
Western,Tomato,Local,Minor,5.58,53.8,93.5,20.4,143.5,1526.6,24.4,2.76,1935.8,kg_per_acre,Low
Northern,Maize,Hybrid OPV,Major,6.92,63.0,86.5,32.2,130.0,978.4,31.2,0.5,9.19,bags_per_acre,Low
Ashanti,Maize,Pioneer 30G19,Minor,5.65,44.3,136.5,19.6,50.5,1417.1,26.0,1.5,14.95,bags_per_acre,Medium
Eastern,Tomato,Pectomech,Minor,5.88,61.5,16.3,24.3,43.6,1228.6,25.5,4.35,1577.8,kg_per_acre,Low
Western,Maize,Hybrid OPV,Major,5.71,66.5,100.0,43.0,267.1,1739.5,25.3,0.99,16.29,bags_per_acre,Medium
Brong-Ahafo,Tomato,Pectomech,Minor,6.71,68.0,44.1,4.4,90.0,1367.2,29.0,3.07,1477.3,kg_per_acre,Low
Western,Maize,Pioneer 30G19,Major,5.79,64.9,34.5,30.4,121.4,1785.6,23.8,0.91,16.68,bags_per_acre,Medium
Brong-Ahafo,Maize,Local,Major,5.07,56.7,98.7,68.4,45.9,1449.1,27.3,6.94,8.09,bags_per_acre,Low
Western,Tomato,Pectomech,Major,6.95,37.7,133.1,33.3,122.9,1462.0,25.4,0.5,2872.5,kg_per_acre,Medium
Ashanti,Tomato,Pectomech,Minor,5.84,63.1,95.2,2.0,181.7,1329.9,24.6,1.38,1984.8,kg_per_acre,Low
Western,Maize,Hybrid OPV,Minor,5.7,58.6,89.8,23.1,60.9,1837.1,26.4,1.51,11.95,bags_per_acre,Low
Brong-Ahafo,Maize,Hybrid OPV,Minor,5.6,55.8,8.9,19.7,190.3,1197.9,27.1,5.53,7.11,bags_per_acre,Low
Brong-Ahafo,Maize,Local,Major,7.02,63.0,92.4,27.0,169.5,1174.4,26.3,9.98,8.59,bags_per_acre,Low
Western,Maize,Hybrid OPV,Major,5.64,70.5,57.8,38.8,93.9,1742.7,23.5,6.77,13.0,bags_per_acre,Medium
Western,Maize,Pioneer 30G19,Minor,6.22,51.1,5.0,13.2,162.0,1913.6,23.9,1.58,8.38,bags_per_acre,Low
Eastern,Maize,Pioneer 30G19,Minor,5.47,60.9,96.3,17.9,131.4,1521.9,27.0,5.2,13.51,bags_per_acre,Medium
Northern,Maize,Pioneer 30G19,Minor,6.87,57.1,61.3,48.2,81.3,896.9,30.5,0.5,10.3,bags_per_acre,Low
Brong-Ahafo,Maize,Local,Major,6.82,52.5,151.6,24.5,106.1,1330.5,24.8,4.47,9.29,bags_per_acre,Low
Northern,Tomato,Local,Major,6.4,44.9,35.6,68.6,128.8,836.7,31.8,0.82,1502.8,kg_per_acre,Low
Brong-Ahafo,Maize,Local,Major,5.74,44.6,145.4,42.9,84.2,1370.6,27.2,0.99,10.48,bags_per_acre,Low
Eastern,Tomato,Pectomech,Major,5.69,57.8,34.9,52.3,40.4,1487.4,27.6,6.63,2550.3,kg_per_acre,Medium
Ashanti,Maize,Pioneer 30G19,Minor,6.48,85.2,67.7,7.6,125.1,1864.3,25.3,1.4,11.02,bags_per_acre,Low
Western,Maize,Hybrid OPV,Minor,5.3,40.9,81.4,2.0,91.4,1607.3,26.6,3.68,7.62,bags_per_acre,Low
Eastern,Tomato,Pectomech,Major,5.89,57.7,32.6,23.1,130.6,1225.3,24.8,2.52,2254.7,kg_per_acre,Low
Northern,Tomato,Pectomech,Major,6.55,55.0,122.3,51.0,20.0,878.6,31.6,0.5,1934.0,kg_per_acre,Low
Brong-Ahafo,Maize,Local,Minor,7.04,46.1,71.9,65.7,126.4,1386.1,27.8,6.19,9.2,bags_per_acre,Low
Northern,Tomato,Local,Major,6.92,27.2,134.4,12.2,113.1,1074.2,30.0,0.97,1015.8,kg_per_acre,Low
Western,Tomato,Local,Major,5.6,66.4,115.9,21.3,57.0,1736.5,28.1,0.93,2119.9,kg_per_acre,Low
Ashanti,Maize,Pioneer 30G19,Major,5.87,77.9,93.9,21.4,75.5,1513.3,25.1,1.5,15.61,bags_per_acre,Medium
Western,Maize,Hybrid OPV,Major,4.39,77.1,55.4,32.5,79.9,1952.9,25.2,0.65,3.98,bags_per_acre,Low
Eastern,Maize,Pioneer 30G19,Major,5.42,22.7,53.4,38.1,95.2,1179.4,26.0,1.73,9.54,bags_per_acre,Low
Eastern,Maize,Pioneer 30G19,Minor,4.53,84.3,78.5,31.2,126.7,1365.5,26.9,2.41,5.92,bags_per_acre,Low
Eastern,Tomato,F1 Hybrid,Minor,6.15,50.3,65.9,16.9,107.9,1127.9,26.3,10.44,3275.0,kg_per_acre,Medium
Western,Maize,Local,Major,5.58,44.5,131.9,2.0,113.0,2139.9,26.6,0.5,8.23,bags_per_acre,Low
Ashanti,Tomato,Local,Major,5.86,46.9,58.7,14.5,195.1,1701.3,25.0,4.34,2048.4,kg_per_acre,Low
Ashanti,Tomato,F1 Hybrid,Minor,6.87,47.2,163.3,51.3,156.5,1466.4,27.1,4.58,3460.0,kg_per_acre,Medium
Ashanti,Maize,Hybrid OPV,Major,6.29,56.7,213.2,57.4,123.0,1228.0,24.1,0.78,16.46,bags_per_acre,Medium
Western,Tomato,F1 Hybrid,Minor,6.32,42.2,54.2,22.6,126.5,1847.5,28.2,2.06,3841.0,kg_per_acre,Medium
Western,Tomato,Pectomech,Major,6.44,47.1,90.6,53.2,218.7,1960.4,25.7,1.5,4058.5,kg_per_acre,Medium
Western,Tomato,Pectomech,Major,5.38,43.4,167.0,12.9,180.3,2055.3,22.3,1.18,2391.1,kg_per_acre,Low
Brong-Ahafo,Maize,Hybrid OPV,Minor,6.16,54.1,156.1,51.6,181.5,1157.7,27.2,1.24,13.84,bags_per_acre,Medium
Brong-Ahafo,Maize,Hybrid OPV,Major,5.78,61.3,135.1,33.0,240.1,1207.1,28.9,0.84,15.23,bags_per_acre,Medium
Ashanti,Maize,Local,Minor,6.1,22.6,36.9,38.9,170.6,1430.8,26.3,1.23,5.44,bags_per_acre,Low
Northern,Maize,Local,Minor,6.89,53.1,106.6,14.8,195.0,848.6,30.9,2.89,4.88,bags_per_acre,Low
Volta,Tomato,Pectomech,Minor,5.62,41.3,70.1,46.1,142.3,1187.6,28.0,2.93,2232.1,kg_per_acre,Low
Volta,Tomato,Pectomech,Minor,6.08,59.5,37.4,64.3,205.9,1232.4,28.2,0.89,2760.4,kg_per_acre,Medium
Brong-Ahafo,Maize,Local,Major,6.63,22.7,32.8,2.0,65.9,1497.1,27.2,4.2,3.2,bags_per_acre,Low
Western,Tomato,Pectomech,Minor,6.56,50.2,123.9,48.0,137.7,1926.3,26.2,3.73,3156.7,kg_per_acre,Medium
Western,Maize,Hybrid OPV,Major,5.53,62.1,5.0,57.0,131.6,1743.3,27.3,3.33,10.66,bags_per_acre,Low
Northern,Maize,Pioneer 30G19,Major,6.75,73.2,90.7,6.0,182.9,1003.5,29.5,0.67,9.67,bags_per_acre,Low
Volta,Tomato,Pectomech,Minor,6.88,54.3,120.5,59.5,129.7,1111.0,29.2,1.18,2669.0,kg_per_acre,Medium
Volta,Tomato,Local,Minor,6.12,41.1,36.5,39.6,155.5,1075.5,26.6,12.25,1348.6,kg_per_acre,Low
Volta,Maize,Hybrid OPV,Major,6.25,53.4,110.9,51.0,20.0,1027.0,27.7,4.72,10.71,bags_per_acre,Low
Brong-Ahafo,Maize,Local,Minor,5.99,55.9,121.7,23.6,94.7,1465.4,28.7,6.97,9.35,bags_per_acre,Low
Western,Maize,Hybrid OPV,Minor,5.88,52.4,61.3,51.2,159.2,1988.8,25.6,2.71,12.64,bags_per_acre,Medium
Ashanti,Maize,Hybrid OPV,Major,6.14,51.2,80.4,16.8,98.3,1536.0,27.3,6.63,11.57,bags_per_acre,Low
Western,Tomato,Pectomech,Minor,5.75,53.3,38.3,28.9,122.0,2139.2,23.9,4.78,2093.1,kg_per_acre,Low
Northern,Tomato,F1 Hybrid,Major,7.03,45.5,5.0,34.4,69.9,918.5,31.8,4.38,1964.1,kg_per_acre,Low
Northern,Tomato,Pectomech,Major,6.45,40.0,129.1,39.2,96.8,824.5,28.4,0.53,2302.2,kg_per_acre,Low
Western,Tomato,Local,Major,6.22,50.7,78.0,68.7,227.8,1940.8,27.3,1.1,2645.2,kg_per_acre,Medium
Brong-Ahafo,Maize,Hybrid OPV,Major,6.21,47.7,122.7,37.9,299.8,1267.9,24.6,0.5,14.4,bags_per_acre,Medium
Brong-Ahafo,Maize,Local,Minor,6.85,44.1,168.4,41.3,72.6,1259.0,26.6,6.73,9.46,bags_per_acre,Low
Eastern,Maize,Hybrid OPV,Major,6.31,30.9,158.8,13.9,178.4,1427.0,25.5,2.9,11.41,bags_per_acre,Low
Northern,Tomato,F1 Hybrid,Minor,6.59,40.5,72.7,80.2,197.6,693.7,25.9,0.92,2434.1,kg_per_acre,Low
Western,Tomato,Pectomech,Major,4.97,38.0,109.6,24.1,124.4,1919.0,28.9,1.43,1805.6,kg_per_acre,Low
Ashanti,Tomato,F1 Hybrid,Major,5.62,51.5,5.0,61.4,116.3,1457.4,26.8,0.5,3140.3,kg_per_acre,Medium
Eastern,Maize,Local,Major,5.89,37.8,72.0,35.3,140.9,1146.5,28.0,4.63,9.85,bags_per_acre,Low
Volta,Tomato,Local,Major,6.22,40.6,86.1,37.3,86.7,1054.7,27.6,1.65,1665.2,kg_per_acre,Low
Ashanti,Maize,Hybrid OPV,Minor,6.52,46.9,53.0,24.7,169.1,1416.6,27.4,0.5,12.8,bags_per_acre,Medium
Western,Maize,Hybrid OPV,Major,5.88,23.7,92.1,52.3,103.8,2169.0,23.6,0.9,10.28,bags_per_acre,Low
Ashanti,Maize,Hybrid OPV,Minor,6.03,66.8,108.9,36.1,255.2,1473.1,25.9,2.47,15.94,bags_per_acre,Medium
Eastern,Tomato,F1 Hybrid,Major,5.92,70.3,105.7,52.5,21.2,1315.6,25.2,3.78,3424.5,kg_per_acre,Medium
Western,Maize,Local,Major,6.38,51.7,59.2,2.0,92.3,1664.2,26.0,0.76,7.05,bags_per_acre,Low
Volta,Tomato,Pectomech,Minor,5.45,49.0,60.7,16.5,192.4,1272.7,30.5,10.02,1859.1,kg_per_acre,Low
Western,Tomato,F1 Hybrid,Major,6.65,50.1,116.9,49.9,95.5,1348.2,26.3,0.99,4853.4,kg_per_acre,Medium
Northern,Tomato,Pectomech,Minor,6.15,31.6,180.3,79.9,92.4,1077.6,30.4,8.17,1932.1,kg_per_acre,Low
Northern,Tomato,Pectomech,Major,6.28,39.4,75.9,39.8,134.6,959.1,30.8,0.5,2342.9,kg_per_acre,Low
Western,Maize,Hybrid OPV,Minor,5.07,51.9,70.9,12.5,238.7,1561.6,25.8,0.5,8.75,bags_per_acre,Low
Northern,Maize,Pioneer 30G19,Minor,6.84,37.2,141.4,25.8,134.6,868.0,30.3,3.12,10.17,bags_per_acre,Low
Eastern,Tomato,F1 Hybrid,Major,5.84,47.8,73.2,28.0,152.0,1691.0,24.4,1.57,4367.4,kg_per_acre,Medium
Ashanti,Maize,Pioneer 30G19,Minor,6.62,54.0,104.5,41.8,20.0,1366.4,26.1,0.51,16.02,bags_per_acre,Medium
Western,Tomato,F1 Hybrid,Major,5.42,41.0,32.1,25.7,189.6,1794.5,26.7,0.5,3625.8,kg_per_acre,Medium
Brong-Ahafo,Tomato,Pectomech,Minor,6.87,37.4,40.3,35.8,112.6,1296.2,28.5,8.25,2083.5,kg_per_acre,Low
Eastern,Maize,Hybrid OPV,Major,6.57,65.0,129.7,54.2,101.7,1143.6,26.4,1.0,15.46,bags_per_acre,Medium
Ashanti,Maize,Pioneer 30G19,Major,6.44,50.8,82.8,98.9,146.4,1264.7,25.9,3.74,21.49,bags_per_acre,Medium
Northern,Maize,Local,Major,7.01,39.0,96.2,24.6,197.1,805.3,29.0,1.86,6.62,bags_per_acre,Low
Western,Maize,Pioneer 30G19,Major,5.63,63.3,7.4,50.1,143.1,1580.9,23.7,1.5,13.56,bags_per_acre,Medium
Eastern,Tomato,Pectomech,Major,6.54,51.5,105.8,22.6,120.9,1373.7,25.9,2.56,2766.4,kg_per_acre,Medium
Brong-Ahafo,Tomato,Pectomech,Major,6.43,46.2,97.6,37.1,117.7,1166.3,30.6,1.64,3081.4,kg_per_acre,Medium
Western,Maize,Hybrid OPV,Minor,4.61,41.9,82.7,13.0,20.0,1778.5,24.6,8.14,5.41,bags_per_acre,Low
Eastern,Tomato,F1 Hybrid,Major,6.12,45.9,134.2,51.7,116.5,974.0,27.0,2.45,4011.9,kg_per_acre,Medium
Northern,Tomato,Local,Minor,6.99,55.8,106.6,13.2,88.7,1025.4,30.8,4.45,1260.9,kg_per_acre,Low
Northern,Tomato,F1 Hybrid,Major,6.95,37.6,125.7,30.2,20.0,940.2,28.2,0.5,2049.6,kg_per_acre,Low
Volta,Maize,Local,Minor,6.46,54.9,98.6,16.5,113.8,1124.3,27.8,3.92,7.26,bags_per_acre,Low
Ashanti,Maize,Hybrid OPV,Major,5.23,65.7,110.0,80.8,72.6,1362.4,26.3,0.54,14.06,bags_per_acre,Medium
Eastern,Tomato,Pectomech,Major,5.86,59.4,43.5,42.0,178.9,1215.0,29.9,1.02,2684.9,kg_per_acre,Medium
Volta,Maize,Hybrid OPV,Minor,5.67,48.5,92.5,33.3,203.8,1048.8,26.4,0.72,10.18,bags_per_acre,Low
Western,Tomato,F1 Hybrid,Minor,5.3,48.0,133.1,34.6,111.6,1924.4,26.2,2.14,3523.7,kg_per_acre,Medium
Eastern,Tomato,Pectomech,Major,6.0,39.7,177.8,54.5,130.2,1708.2,28.1,1.91,2982.2,kg_per_acre,Medium
Ashanti,Maize,Local,Major,5.6,47.4,14.3,39.3,130.1,1252.9,27.5,0.5,7.95,bags_per_acre,Low
Brong-Ahafo,Maize,Local,Minor,6.04,55.0,75.6,49.0,120.4,1545.3,29.3,7.37,7.99,bags_per_acre,Low
Western,Tomato,F1 Hybrid,Major,6.42,47.9,97.3,8.7,137.6,1909.6,26.6,4.57,4067.7,kg_per_acre,Medium
Western,Maize,Pioneer 30G19,Major,6.38,66.0,107.5,43.0,143.5,1708.3,25.9,2.11,21.37,bags_per_acre,Medium
Western,Maize,Pioneer 30G19,Minor,5.87,54.8,126.8,55.4,97.3,1664.4,24.2,1.44,19.44,bags_per_acre,Medium
Ashanti,Maize,Pioneer 30G19,Major,5.78,50.4,86.5,27.6,115.8,1687.8,27.3,0.5,16.87,bags_per_acre,Medium
Ashanti,Tomato,Pectomech,Minor,6.34,40.4,89.6,21.9,23.7,1278.4,27.5,0.5,1531.4,kg_per_acre,Low
Eastern,Maize,Hybrid OPV,Minor,5.15,35.7,72.9,20.5,128.5,1114.2,26.3,3.68,7.9,bags_per_acre,Low
Eastern,Tomato,Pectomech,Major,5.81,76.0,79.2,26.6,167.6,1352.8,29.2,0.65,2387.1,kg_per_acre,Low
Brong-Ahafo,Maize,Local,Minor,6.72,53.1,83.0,20.1,56.7,1409.3,28.0,6.78,6.64,bags_per_acre,Low
Eastern,Tomato,F1 Hybrid,Minor,5.57,44.2,9.0,51.0,247.2,1088.0,28.8,0.76,2867.1,kg_per_acre,Medium
Eastern,Tomato,Local,Major,5.87,46.6,142.8,33.5,41.0,1192.4,24.5,0.5,1776.2,kg_per_acre,Low
Eastern,Maize,Local,Major,5.16,33.7,119.8,10.4,173.2,1037.1,24.6,0.78,6.56,bags_per_acre,Low
Brong-Ahafo,Maize,Hybrid OPV,Minor,5.48,56.0,65.9,24.0,219.6,1152.6,28.1,1.24,10.69,bags_per_acre,Low
Eastern,Maize,Local,Major,6.61,35.0,114.2,23.8,227.8,1310.8,28.8,1.44,8.55,bags_per_acre,Low
Volta,Maize,Local,Minor,7.14,40.2,103.1,9.0,50.3,1125.9,28.4,0.97,5.71,bags_per_acre,Low
Brong-Ahafo,Maize,Pioneer 30G19,Major,6.92,66.4,103.4,64.1,153.3,1185.8,29.4,1.06,20.62,bags_per_acre,Medium
Ashanti,Maize,Pioneer 30G19,Minor,6.93,59.1,42.3,48.1,76.4,1541.7,28.2,2.62,13.1,bags_per_acre,Medium
Eastern,Tomato,Local,Minor,5.74,44.9,132.9,18.1,66.5,1378.2,29.3,1.23,1609.9,kg_per_acre,Low
Western,Maize,Hybrid OPV,Major,5.8,29.8,70.5,6.3,168.2,1957.6,23.2,1.74,9.77,bags_per_acre,Low
Western,Maize,Pioneer 30G19,Major,5.28,60.4,120.0,23.1,47.7,1797.3,25.5,0.5,14.65,bags_per_acre,Medium
Eastern,Maize,Hybrid OPV,Minor,5.55,34.0,41.6,58.0,89.2,1206.2,27.9,1.33,8.08,bags_per_acre,Low
Eastern,Maize,Pioneer 30G19,Major,6.14,57.6,105.4,36.0,65.8,1553.4,26.7,1.13,16.33,bags_per_acre,Medium
Northern,Maize,Hybrid OPV,Major,6.27,65.4,191.1,27.8,174.1,795.6,29.3,2.34,9.06,bags_per_acre,Low
Western,Tomato,Local,Major,5.1,47.3,115.8,15.3,119.5,1965.5,24.9,1.52,1365.9,kg_per_acre,Low
Volta,Tomato,Local,Major,6.91,69.9,62.6,20.9,81.7,1076.6,24.9,0.87,1755.1,kg_per_acre,Low
Western,Tomato,Local,Major,6.42,42.5,29.2,2.0,231.3,1824.5,24.9,2.03,1354.7,kg_per_acre,Low
Ashanti,Maize,Local,Major,6.61,39.0,62.6,32.0,91.3,1567.8,29.2,1.01,8.99,bags_per_acre,Low
Volta,Maize,Hybrid OPV,Minor,6.51,51.6,148.8,50.6,72.3,1014.5,28.1,0.82,9.75,bags_per_acre,Low
Northern,Tomato,F1 Hybrid,Major,6.62,31.1,151.4,34.1,157.8,942.9,30.1,0.9,2461.2,kg_per_acre,Low
Volta,Tomato,Pectomech,Major,6.41,51.2,66.9,46.8,167.6,1073.0,27.3,0.76,2603.5,kg_per_acre,Medium
Eastern,Tomato,Local,Major,5.19,36.3,61.6,45.8,207.0,1200.4,28.9,0.5,1384.2,kg_per_acre,Low
Volta,Tomato,F1 Hybrid,Major,6.04,64.0,84.1,47.1,173.7,1070.2,27.6,1.27,3910.0,kg_per_acre,Medium
Volta,Maize,Local,Major,6.72,59.9,180.1,60.7,137.5,1319.7,28.3,5.31,12.48,bags_per_acre,Medium
Northern,Maize,Local,Minor,7.66,39.6,84.2,6.2,187.5,1164.3,32.5,1.74,4.84,bags_per_acre,Low
Brong-Ahafo,Maize,Hybrid OPV,Minor,6.03,51.7,62.6,34.4,82.1,1196.7,29.4,0.53,11.23,bags_per_acre,Low
Ashanti,Tomato,F1 Hybrid,Minor,6.43,26.7,77.4,30.2,162.1,1510.5,25.4,0.5,2496.5,kg_per_acre,Low
Western,Tomato,Local,Major,4.77,67.7,91.9,24.6,84.1,1748.4,26.8,0.61,1204.0,kg_per_acre,Low
Eastern,Tomato,Local,Major,5.63,29.5,72.0,44.9,132.0,1608.6,30.8,3.42,1402.0,kg_per_acre,Low
Western,Maize,Hybrid OPV,Major,5.84,27.7,53.4,2.0,70.0,1768.7,28.1,0.5,6.87,bags_per_acre,Low
Eastern,Tomato,F1 Hybrid,Major,5.76,70.4,37.4,36.5,120.6,1203.7,29.3,1.74,3535.8,kg_per_acre,Medium
Brong-Ahafo,Maize,Pioneer 30G19,Minor,6.14,54.0,77.6,31.6,42.8,1257.0,28.2,2.12,13.98,bags_per_acre,Medium
Brong-Ahafo,Maize,Pioneer 30G19,Minor,7.15,35.9,103.1,33.0,124.6,1329.6,29.7,2.98,14.44,bags_per_acre,Medium
Brong-Ahafo,Tomato,Pectomech,Major,6.65,52.9,108.6,9.0,206.5,1122.0,27.0,6.1,3015.7,kg_per_acre,Medium
Eastern,Maize,Local,Major,5.53,27.6,41.4,95.1,117.9,1606.0,26.5,1.86,6.76,bags_per_acre,Low
Northern,Maize,Hybrid OPV,Major,6.5,40.6,165.1,34.9,177.5,1030.0,32.1,2.15,9.01,bags_per_acre,Low
Eastern,Tomato,Pectomech,Minor,6.55,47.2,163.8,2.0,194.7,1124.8,25.2,0.81,2297.9,kg_per_acre,Low
Brong-Ahafo,Tomato,Local,Major,7.18,60.5,115.5,52.4,224.0,1393.6,27.9,3.3,2378.4,kg_per_acre,Low
Eastern,Tomato,F1 Hybrid,Major,5.53,60.1,101.6,34.7,81.3,1358.0,24.2,4.05,2821.6,kg_per_acre,Medium
Northern,Maize,Pioneer 30G19,Minor,6.35,35.0,64.6,52.6,61.1,1148.2,29.6,3.99,7.67,bags_per_acre,Low
Ashanti,Maize,Pioneer 30G19,Minor,5.8,38.2,154.6,28.6,196.9,1673.8,28.0,1.59,15.79,bags_per_acre,Medium
Northern,Maize,Hybrid OPV,Minor,7.24,31.9,151.3,42.3,145.6,1040.9,28.6,0.65,7.77,bags_per_acre,Low
Western,Tomato,Pectomech,Major,4.39,42.8,82.1,61.0,177.7,1850.0,24.5,6.0,1170.0,kg_per_acre,Low
Eastern,Tomato,Local,Major,5.12,48.2,155.5,65.6,136.4,1262.8,29.6,4.39,1614.6,kg_per_acre,Low
Western,Tomato,Local,Minor,5.84,61.9,123.3,47.0,182.7,2153.2,27.4,4.31,2215.2,kg_per_acre,Low
Northern,Tomato,Local,Major,5.97,65.0,208.1,44.8,111.5,615.6,30.5,3.68,1243.6,kg_per_acre,Low
Northern,Tomato,Pectomech,Minor,7.27,60.5,23.4,40.9,173.1,859.5,29.7,1.16,1613.8,kg_per_acre,Low
Volta,Maize,Pioneer 30G19,Major,6.44,76.5,196.5,20.2,29.9,1186.7,30.2,1.56,13.8,bags_per_acre,Medium
Ashanti,Maize,Hybrid OPV,Minor,6.31,36.7,79.7,2.0,152.0,1516.5,25.8,1.06,9.78,bags_per_acre,Low
Eastern,Tomato,Pectomech,Minor,5.31,32.0,104.9,48.5,173.4,1488.9,26.6,4.07,1830.0,kg_per_acre,Low
Eastern,Maize,Hybrid OPV,Minor,5.78,34.8,132.2,57.2,74.1,1489.1,25.1,7.23,12.05,bags_per_acre,Medium
Ashanti,Tomato,F1 Hybrid,Major,5.59,42.9,49.5,49.0,46.1,1511.2,28.1,3.76,3307.8,kg_per_acre,Medium
Ashanti,Maize,Local,Major,6.42,70.3,138.6,33.2,149.9,1633.8,26.0,0.5,11.5,bags_per_acre,Low
Brong-Ahafo,Tomato,Local,Major,5.96,30.2,97.7,52.9,119.5,1285.9,25.6,2.41,1682.5,kg_per_acre,Low
Brong-Ahafo,Tomato,Pectomech,Major,6.08,35.6,81.0,18.6,195.3,1214.7,26.2,4.06,2020.1,kg_per_acre,Low
Northern,Maize,Pioneer 30G19,Major,6.11,61.4,87.7,2.0,192.1,513.9,26.5,0.5,5.58,bags_per_acre,Low
Western,Maize,Hybrid OPV,Major,5.0,72.0,151.9,41.4,197.2,1829.5,25.7,0.68,11.53,bags_per_acre,Low
Western,Maize,Hybrid OPV,Minor,5.14,61.9,121.9,38.5,60.2,2193.1,25.2,9.91,9.92,bags_per_acre,Low
Northern,Maize,Hybrid OPV,Major,7.34,58.4,95.2,39.3,108.6,1179.5,28.3,5.38,9.12,bags_per_acre,Low
Volta,Maize,Pioneer 30G19,Minor,5.6,39.7,137.2,16.5,148.8,1292.1,26.0,0.5,12.19,bags_per_acre,Medium
Volta,Maize,Local,Major,6.38,49.1,163.9,8.9,89.7,1535.6,28.8,0.5,6.29,bags_per_acre,Low
Ashanti,Tomato,Local,Minor,6.45,48.2,77.8,49.7,167.2,1432.9,26.5,1.51,2119.3,kg_per_acre,Low
Brong-Ahafo,Maize,Hybrid OPV,Major,5.91,30.2,73.8,16.1,154.8,1011.0,27.1,0.5,10.47,bags_per_acre,Low
Volta,Tomato,F1 Hybrid,Major,5.69,56.5,125.3,46.1,99.1,1230.1,28.0,8.59,3032.4,kg_per_acre,Medium
Northern,Maize,Hybrid OPV,Major,5.92,47.9,213.9,3.6,104.1,702.2,29.7,0.92,5.41,bags_per_acre,Low
Volta,Maize,Local,Minor,5.89,56.7,110.5,46.8,151.9,1190.0,27.9,1.47,8.03,bags_per_acre,Low
Eastern,Tomato,Pectomech,Major,6.24,32.1,71.4,30.1,286.8,1338.0,24.0,2.23,1953.4,kg_per_acre,Low
Ashanti,Tomato,Local,Minor,6.33,60.7,113.1,32.4,207.4,1312.9,27.9,5.96,2061.2,kg_per_acre,Low
Volta,Tomato,Local,Major,6.75,80.7,30.3,2.0,239.5,993.5,25.3,0.85,1019.4,kg_per_acre,Low
Brong-Ahafo,Tomato,Pectomech,Minor,6.85,53.3,5.0,76.4,103.7,1590.2,27.8,0.5,1825.3,kg_per_acre,Low
Volta,Maize,Pioneer 30G19,Minor,5.73,73.4,80.3,2.0,108.6,1189.4,27.9,0.5,8.13,bags_per_acre,Low
Western,Tomato,F1 Hybrid,Major,5.99,60.6,145.9,58.8,100.2,1777.6,26.8,1.6,5494.6,kg_per_acre,High
Eastern,Tomato,Local,Minor,5.41,58.6,109.9,33.5,117.9,1461.3,25.6,0.5,1540.2,kg_per_acre,Low
Western,Maize,Local,Major,6.17,26.8,116.3,32.2,213.2,1551.1,25.0,0.5,8.91,bags_per_acre,Low
Volta,Tomato,F1 Hybrid,Minor,5.88,58.8,139.9,12.8,109.5,856.4,28.0,7.44,2814.3,kg_per_acre,Medium
Eastern,Tomato,Local,Major,6.02,45.0,105.7,67.4,141.1,1050.1,21.7,1.54,2321.1,kg_per_acre,Low
Northern,Tomato,Pectomech,Major,7.04,57.1,44.9,63.3,234.1,661.3,31.3,0.9,1926.4,kg_per_acre,Low
Ashanti,Tomato,F1 Hybrid,Major,5.77,49.7,87.0,26.0,140.7,1263.5,24.8,4.97,4143.3,kg_per_acre,Medium
Northern,Maize,Pioneer 30G19,Major,6.38,49.8,58.7,37.9,189.2,944.0,27.8,0.5,11.31,bags_per_acre,Low
Brong-Ahafo,Tomato,F1 Hybrid,Major,5.79,32.9,88.3,69.3,134.5,1146.9,28.3,1.73,3205.6,kg_per_acre,Medium
Volta,Maize,Pioneer 30G19,Major,5.63,37.8,96.3,22.8,248.7,936.1,29.9,3.48,15.27,bags_per_acre,Medium
Northern,Tomato,Pectomech,Major,7.33,18.6,51.9,28.6,212.4,999.1,27.0,2.42,1189.3,kg_per_acre,Low
Eastern,Maize,Pioneer 30G19,Minor,6.25,48.3,82.6,2.0,212.1,1330.1,24.6,0.5,11.63,bags_per_acre,Low
Northern,Tomato,Local,Major,6.94,61.5,138.7,28.0,31.1,909.8,28.0,0.5,1288.9,kg_per_acre,Low
Western,Maize,Hybrid OPV,Major,5.56,40.6,59.6,27.1,151.0,1511.3,25.2,2.56,13.57,bags_per_acre,Medium
Volta,Tomato,Local,Major,5.16,56.9,61.4,56.0,88.1,1151.0,28.0,4.77,1146.0,kg_per_acre,Low
Eastern,Maize,Pioneer 30G19,Major,5.97,51.9,109.5,19.0,177.4,1360.1,26.5,0.5,16.12,bags_per_acre,Medium
Eastern,Tomato,F1 Hybrid,Minor,5.24,36.5,135.2,69.7,135.0,1324.5,28.1,2.25,2622.1,kg_per_acre,Medium
Northern,Tomato,Pectomech,Minor,5.76,71.1,141.1,18.3,75.6,811.9,30.3,1.72,1845.7,kg_per_acre,Low
Ashanti,Tomato,F1 Hybrid,Minor,6.02,76.1,89.2,40.8,65.2,1360.5,27.4,3.2,3070.5,kg_per_acre,Medium
Northern,Tomato,Pectomech,Major,5.81,56.7,114.2,17.6,128.4,809.2,29.2,3.46,1909.2,kg_per_acre,Low
Northern,Maize,Local,Major,6.98,28.9,139.1,22.3,63.0,997.3,30.0,1.5,4.75,bags_per_acre,Low
Ashanti,Maize,Pioneer 30G19,Minor,5.77,28.1,110.5,24.3,65.7,883.0,26.5,1.44,13.22,bags_per_acre,Medium
Northern,Maize,Pioneer 30G19,Major,6.58,43.7,145.3,58.8,195.0,830.7,28.1,3.99,12.48,bags_per_acre,Medium
Northern,Tomato,Pectomech,Minor,6.46,57.2,67.2,25.4,105.2,832.9,29.5,1.96,1870.7,kg_per_acre,Low
Brong-Ahafo,Tomato,Pectomech,Minor,6.02,63.1,88.4,20.5,181.0,1041.2,27.3,5.45,2511.2,kg_per_acre,Medium
Volta,Tomato,F1 Hybrid,Major,5.8,43.2,82.8,30.2,211.8,1206.3,27.3,0.5,4043.2,kg_per_acre,Medium
Eastern,Tomato,F1 Hybrid,Minor,6.47,63.5,123.4,44.5,150.1,1053.4,27.4,1.45,3839.6,kg_per_acre,Medium
Western,Maize,Hybrid OPV,Minor,5.51,58.9,24.9,56.2,35.3,1975.6,25.7,0.52,7.96,bags_per_acre,Low
Northern,Tomato,Pectomech,Major,7.78,40.8,42.8,37.6,251.5,632.5,29.3,9.79,1474.5,kg_per_acre,Low
Eastern,Maize,Pioneer 30G19,Major,5.3,27.8,98.3,26.1,169.8,1382.4,29.5,0.9,12.01,bags_per_acre,Medium
Ashanti,Maize,Pioneer 30G19,Major,4.93,95.0,132.2,39.5,127.0,1451.4,27.3,2.13,10.87,bags_per_acre,Low
Brong-Ahafo,Maize,Local,Minor,6.21,43.9,41.0,43.7,175.9,984.2,28.9,1.05,7.9,bags_per_acre,Low
Western,Maize,Hybrid OPV,Minor,6.38,68.9,12.1,54.6,85.4,1988.5,25.7,4.57,8.52,bags_per_acre,Low
Volta,Maize,Pioneer 30G19,Major,5.56,45.7,177.2,36.0,135.0,1313.8,26.1,4.39,17.22,bags_per_acre,Medium
Northern,Tomato,F1 Hybrid,Minor,6.25,69.8,37.5,44.3,170.1,880.1,30.8,5.81,2695.7,kg_per_acre,Medium
Ashanti,Maize,Pioneer 30G19,Major,6.1,53.0,47.8,56.2,141.2,1348.8,25.8,1.12,17.75,bags_per_acre,Medium
Volta,Tomato,Pectomech,Minor,5.71,38.8,109.1,44.8,278.2,1075.9,27.0,0.5,2364.8,kg_per_acre,Low
Ashanti,Tomato,F1 Hybrid,Minor,6.18,48.2,144.8,63.6,210.5,1298.9,29.5,1.4,4345.2,kg_per_acre,Medium
Western,Tomato,F1 Hybrid,Minor,5.85,46.3,64.8,67.7,87.1,1961.8,25.0,1.16,3693.0,kg_per_acre,Medium
Ashanti,Tomato,Local,Major,5.87,24.5,72.7,50.9,113.6,1355.7,28.0,1.59,1372.4,kg_per_acre,Low
Ashanti,Maize,Pioneer 30G19,Minor,6.19,89.4,89.8,51.8,134.5,1382.2,27.9,5.06,13.12,bags_per_acre,Medium
Ashanti,Maize,Local,Major,5.41,68.7,118.6,49.4,154.1,1403.5,27.5,0.5,11.63,bags_per_acre,Low
Western,Tomato,F1 Hybrid,Major,6.57,89.1,100.6,14.0,111.9,1770.1,26.0,5.24,3615.8,kg_per_acre,Medium
Volta,Tomato,Pectomech,Major,6.36,53.2,68.0,53.5,20.0,1090.0,25.2,0.6,1988.9,kg_per_acre,Low
Brong-Ahafo,Tomato,Local,Minor,6.64,66.1,166.2,23.8,119.7,1064.8,27.1,10.57,1878.9,kg_per_acre,Low
Northern,Maize,Pioneer 30G19,Major,6.84,36.2,103.0,53.9,166.7,835.6,28.9,2.04,10.05,bags_per_acre,Low
Northern,Maize,Pioneer 30G19,Major,5.47,44.9,74.7,40.2,142.9,956.0,29.3,0.5,10.38,bags_per_acre,Low
Eastern,Tomato,F1 Hybrid,Minor,5.63,66.5,101.6,5.1,152.2,1157.3,26.1,0.5,2848.1,kg_per_acre,Medium
Northern,Maize,Pioneer 30G19,Minor,6.31,64.8,151.1,57.2,96.7,975.3,28.8,1.13,10.01,bags_per_acre,Low
Eastern,Tomato,Pectomech,Major,5.49,36.9,92.0,39.1,129.7,838.7,27.4,1.11,2799.9,kg_per_acre,Medium
Brong-Ahafo,Maize,Pioneer 30G19,Major,6.92,45.5,69.2,42.5,192.9,1218.1,27.3,1.94,16.53,bags_per_acre,Medium
Northern,Maize,Pioneer 30G19,Minor,6.74,65.5,78.9,38.0,135.4,780.2,30.2,1.48,9.17,bags_per_acre,Low
Volta,Tomato,Pectomech,Minor,6.37,67.3,5.0,41.6,176.3,1363.5,25.6,1.4,1913.9,kg_per_acre,Low
Northern,Tomato,Local,Major,7.14,38.8,183.6,17.2,65.8,859.3,31.1,0.5,1248.5,kg_per_acre,Low
Western,Tomato,Pectomech,Minor,6.0,50.1,87.3,29.7,113.4,1916.8,24.4,2.37,2622.5,kg_per_acre,Medium
Northern,Maize,Hybrid OPV,Minor,5.88,63.6,111.9,30.4,117.6,1029.2,30.8,2.19,7.53,bags_per_acre,Low
Volta,Tomato,Local,Major,6.2,55.1,76.5,10.0,155.1,1044.0,26.7,2.86,1692.8,kg_per_acre,Low
Western,Maize,Pioneer 30G19,Major,6.16,35.0,40.3,28.5,164.3,2198.3,26.8,0.5,14.28,bags_per_acre,Medium
Ashanti,Maize,Local,Major,5.71,44.1,67.1,16.5,20.0,1571.1,27.7,0.5,6.33,bags_per_acre,Low
Volta,Maize,Hybrid OPV,Minor,6.05,37.8,162.5,5.7,152.7,1158.4,29.5,7.44,10.11,bags_per_acre,Low
Western,Maize,Pioneer 30G19,Minor,5.29,42.4,118.0,22.4,123.5,1803.3,22.9,0.5,12.6,bags_per_acre,Medium
Northern,Maize,Local,Major,7.03,60.6,168.3,44.8,20.7,1016.6,27.1,1.45,6.74,bags_per_acre,Low
Brong-Ahafo,Tomato,Pectomech,Minor,6.67,45.4,113.1,56.7,140.4,874.3,24.3,4.71,2587.6,kg_per_acre,Medium
Eastern,Tomato,Pectomech,Major,5.54,25.4,129.3,12.3,121.2,1172.6,29.3,5.56,1571.6,kg_per_acre,Low
Volta,Tomato,Local,Minor,5.49,71.5,109.6,43.1,182.1,1149.4,26.3,2.35,1679.8,kg_per_acre,Low
Northern,Maize,Local,Major,7.28,33.6,158.5,32.4,76.4,1006.1,28.8,0.5,5.85,bags_per_acre,Low
Northern,Tomato,F1 Hybrid,Minor,7.1,70.9,78.1,24.7,67.5,872.7,29.4,4.27,2363.3,kg_per_acre,Low
Brong-Ahafo,Maize,Hybrid OPV,Minor,6.04,75.5,115.8,49.1,178.9,1267.3,27.4,0.68,12.88,bags_per_acre,Medium
Eastern,Tomato,Local,Major,6.52,38.7,52.2,43.6,109.7,1344.5,29.9,3.26,1820.6,kg_per_acre,Low
Northern,Maize,Pioneer 30G19,Minor,6.27,26.4,112.6,41.2,139.1,985.5,30.0,3.78,7.85,bags_per_acre,Low
Northern,Tomato,F1 Hybrid,Major,7.16,49.2,125.1,10.4,143.8,768.7,27.0,2.8,2668.7,kg_per_acre,Medium
Western,Maize,Local,Major,5.3,43.7,55.5,51.9,20.0,1605.8,25.7,0.5,7.91,bags_per_acre,Low
Western,Maize,Hybrid OPV,Major,6.57,72.9,79.6,35.6,78.6,2125.8,23.5,0.57,12.82,bags_per_acre,Medium
Brong-Ahafo,Tomato,Pectomech,Major,5.95,69.2,80.3,40.0,56.5,958.6,28.0,1.43,2928.4,kg_per_acre,Medium
Ashanti,Tomato,Local,Major,5.77,25.9,131.8,42.0,113.7,1356.8,30.3,1.95,1442.9,kg_per_acre,Low
Western,Maize,Hybrid OPV,Major,6.43,50.8,159.8,52.2,161.3,2039.0,26.3,4.06,12.22,bags_per_acre,Medium
Brong-Ahafo,Tomato,F1 Hybrid,Minor,5.9,56.0,69.9,30.1,49.4,1381.3,28.0,1.08,3042.8,kg_per_acre,Medium
Brong-Ahafo,Tomato,Local,Major,5.73,49.0,38.7,12.4,109.2,1338.3,27.7,14.21,1290.1,kg_per_acre,Low
Western,Maize,Pioneer 30G19,Major,6.67,32.9,54.9,48.6,144.9,1996.9,23.9,7.13,14.5,bags_per_acre,Medium
Brong-Ahafo,Tomato,Local,Minor,6.09,43.0,58.8,25.2,20.0,1084.0,26.4,5.7,1189.4,kg_per_acre,Low
Northern,Tomato,F1 Hybrid,Minor,7.2,55.6,88.9,51.6,82.9,766.3,29.1,0.97,2442.6,kg_per_acre,Low
Western,Tomato,Pectomech,Major,5.63,53.9,107.8,43.7,88.6,1553.0,29.6,0.85,3120.9,kg_per_acre,Medium
Eastern,Maize,Hybrid OPV,Major,6.39,38.5,110.4,50.9,61.5,1409.0,27.6,1.82,13.35,bags_per_acre,Medium
Eastern,Maize,Hybrid OPV,Minor,5.81,84.4,72.6,65.3,133.0,844.7,27.9,4.6,10.2,bags_per_acre,Low
Brong-Ahafo,Tomato,Pectomech,Minor,5.81,55.1,53.2,65.3,43.6,1397.2,27.3,6.42,2079.0,kg_per_acre,Low
Brong-Ahafo,Tomato,F1 Hybrid,Major,7.11,64.9,69.7,8.2,37.5,1410.6,25.8,7.06,2362.3,kg_per_acre,Low
Brong-Ahafo,Tomato,Local,Major,6.53,51.2,115.1,29.2,93.4,1106.6,30.3,0.5,1979.5,kg_per_acre,Low
Volta,Maize,Hybrid OPV,Major,6.01,56.1,170.4,78.5,60.1,1053.2,28.1,0.5,13.53,bags_per_acre,Medium
Brong-Ahafo,Tomato,Pectomech,Major,6.53,29.9,75.9,73.9,191.7,954.0,27.1,1.24,2430.7,kg_per_acre,Low
Volta,Maize,Local,Minor,5.81,34.2,114.5,59.1,194.9,906.6,28.5,0.68,8.83,bags_per_acre,Low
Northern,Maize,Local,Minor,6.01,50.9,145.0,15.0,246.4,1054.8,30.4,0.5,5.63,bags_per_acre,Low
Northern,Maize,Hybrid OPV,Major,5.8,49.1,82.9,62.5,140.7,847.0,29.3,5.83,9.04,bags_per_acre,Low
Brong-Ahafo,Tomato,Local,Major,5.8,79.5,103.8,22.6,97.6,1117.8,29.3,0.67,1575.2,kg_per_acre,Low
Eastern,Tomato,F1 Hybrid,Major,6.3,45.6,102.2,37.2,78.5,1142.5,27.5,4.35,3890.7,kg_per_acre,Medium
Eastern,Tomato,Local,Minor,5.63,32.8,107.4,35.6,20.0,1573.7,27.5,4.26,1103.4,kg_per_acre,Low
Northern,Maize,Pioneer 30G19,Major,5.64,59.9,29.3,34.7,106.9,931.1,31.2,0.62,10.51,bags_per_acre,Low
Brong-Ahafo,Maize,Hybrid OPV,Major,6.42,53.6,84.4,60.3,97.2,1260.9,24.5,0.5,13.88,bags_per_acre,Medium
Western,Tomato,F1 Hybrid,Major,6.04,41.6,19.9,24.0,129.0,1657.5,23.9,2.97,3096.0,kg_per_acre,Medium
Eastern,Maize,Hybrid OPV,Minor,5.58,43.5,75.4,61.5,109.9,1351.8,26.8,1.26,9.93,bags_per_acre,Low
Northern,Maize,Pioneer 30G19,Minor,6.24,59.9,91.5,7.3,165.2,799.1,30.7,2.16,7.43,bags_per_acre,Low
Eastern,Maize,Local,Major,5.08,32.1,155.3,21.2,20.0,1200.2,24.5,5.25,5.52,bags_per_acre,Low
Eastern,Maize,Hybrid OPV,Major,6.03,47.7,52.2,2.0,253.6,1205.0,26.7,1.27,8.98,bags_per_acre,Low
Eastern,Maize,Pioneer 30G19,Major,6.14,62.7,127.4,31.0,200.5,1058.2,25.2,0.84,19.2,bags_per_acre,Medium
Northern,Tomato,Local,Major,6.82,36.0,177.9,19.1,108.8,685.9,30.0,1.67,1078.6,kg_per_acre,Low
Northern,Maize,Hybrid OPV,Major,6.77,56.2,119.2,31.4,141.1,844.3,28.6,2.04,10.14,bags_per_acre,Low
Brong-Ahafo,Maize,Pioneer 30G19,Major,6.55,42.2,135.2,58.2,243.7,1473.9,25.8,1.09,20.92,bags_per_acre,Medium
Eastern,Maize,Hybrid OPV,Major,6.36,49.7,78.1,30.4,79.5,1546.0,28.6,1.01,10.84,bags_per_acre,Low
Brong-Ahafo,Maize,Local,Major,6.51,37.3,73.9,65.1,103.1,1157.5,26.2,6.24,9.06,bags_per_acre,Low
Western,Maize,Local,Minor,5.67,66.6,106.8,39.4,60.1,1716.7,27.1,4.08,9.66,bags_per_acre,Low
Northern,Maize,Pioneer 30G19,Minor,5.88,59.2,115.1,31.2,205.2,863.5,29.0,8.21,11.5,bags_per_acre,Low
Eastern,Tomato,Local,Major,5.92,35.2,45.9,42.4,182.1,1267.0,29.4,0.5,1710.1,kg_per_acre,Low
Eastern,Tomato,Pectomech,Major,6.05,57.9,94.6,35.2,109.9,1423.6,24.6,3.31,2618.8,kg_per_acre,Medium
Eastern,Maize,Local,Minor,6.07,52.1,76.0,51.5,250.4,1603.6,28.6,3.9,9.6,bags_per_acre,Low
Northern,Tomato,F1 Hybrid,Minor,7.54,42.9,91.0,58.7,20.0,864.5,31.0,3.14,1954.7,kg_per_acre,Low
Northern,Tomato,Pectomech,Minor,6.18,50.7,57.3,49.5,128.8,1000.6,31.7,3.12,1966.5,kg_per_acre,Low
Ashanti,Maize,Local,Minor,6.14,40.0,162.5,42.2,151.6,1522.7,25.6,4.22,11.07,bags_per_acre,Low
Brong-Ahafo,Maize,Pioneer 30G19,Major,6.45,50.4,135.4,21.6,118.8,1379.6,29.3,6.1,16.55,bags_per_acre,Medium
Western,Maize,Hybrid OPV,Major,4.77,34.0,116.5,12.9,49.9,2210.5,23.4,4.36,5.86,bags_per_acre,Low
Eastern,Tomato,Pectomech,Minor,5.74,28.8,63.0,50.5,81.9,1315.8,24.9,0.59,1724.6,kg_per_acre,Low
Western,Tomato,F1 Hybrid,Major,5.6,31.9,113.4,63.5,68.3,2014.0,24.9,4.25,3238.1,kg_per_acre,Medium
Brong-Ahafo,Tomato,Pectomech,Minor,5.47,79.7,102.3,44.3,124.7,1203.1,27.0,6.71,2406.9,kg_per_acre,Low
Northern,Tomato,F1 Hybrid,Major,6.38,55.6,47.2,62.1,130.4,866.9,31.1,1.54,3311.5,kg_per_acre,Medium
Brong-Ahafo,Maize,Pioneer 30G19,Minor,6.06,44.5,92.2,43.8,176.9,1155.5,24.3,7.08,15.47,bags_per_acre,Medium
Ashanti,Maize,Pioneer 30G19,Major,6.49,50.9,77.2,38.0,84.1,1776.1,24.1,1.74,16.92,bags_per_acre,Medium
Ashanti,Tomato,Local,Major,5.81,47.4,115.3,21.0,222.3,1055.9,28.5,5.41,2074.3,kg_per_acre,Low
Eastern,Tomato,Pectomech,Minor,5.62,48.9,112.3,10.1,134.2,1233.7,25.5,1.56,1982.2,kg_per_acre,Low
Western,Tomato,F1 Hybrid,Major,5.69,50.3,30.7,58.0,124.4,1808.3,26.4,0.6,3748.7,kg_per_acre,Medium
Ashanti,Tomato,Pectomech,Minor,6.85,41.8,95.4,2.0,114.5,1417.7,26.7,1.36,1840.8,kg_per_acre,Low
Eastern,Tomato,Local,Minor,5.3,84.3,116.0,50.5,200.7,1021.2,25.5,1.14,1582.5,kg_per_acre,Low
Eastern,Tomato,Pectomech,Major,6.14,41.9,75.8,44.3,180.4,1002.6,27.8,1.14,2864.2,kg_per_acre,Medium
Brong-Ahafo,Maize,Hybrid OPV,Minor,6.87,44.4,69.6,52.4,188.8,1185.8,28.2,2.18,10.96,bags_per_acre,Low
Eastern,Maize,Local,Major,6.37,44.5,82.2,2.0,61.7,1374.6,28.4,4.75,6.76,bags_per_acre,Low
Brong-Ahafo,Tomato,Local,Major,6.25,49.5,41.0,8.3,99.5,1037.8,26.8,3.22,1434.3,kg_per_acre,Low
Eastern,Maize,Hybrid OPV,Major,5.83,32.2,97.4,36.4,183.2,1445.7,27.7,7.58,11.99,bags_per_acre,Low
Western,Tomato,F1 Hybrid,Major,6.66,54.9,116.5,5.0,195.7,2086.2,22.8,4.52,3419.6,kg_per_acre,Medium
Northern,Maize,Local,Minor,6.09,36.6,85.7,55.6,50.4,1103.5,29.2,2.25,5.1,bags_per_acre,Low
Eastern,Tomato,F1 Hybrid,Minor,5.79,46.6,54.7,18.6,167.6,1157.2,26.1,0.91,3203.4,kg_per_acre,Medium
Northern,Tomato,Local,Major,6.54,56.8,71.8,39.9,87.4,1200.6,29.1,2.84,1662.7,kg_per_acre,Low
Eastern,Maize,Hybrid OPV,Minor,5.95,77.0,88.7,4.7,147.7,1312.9,26.3,0.55,8.92,bags_per_acre,Low
Volta,Maize,Local,Minor,5.75,39.1,5.9,37.8,61.4,1073.9,27.0,5.51,4.38,bags_per_acre,Low
Western,Tomato,F1 Hybrid,Minor,5.77,38.6,67.4,23.1,166.0,1856.5,23.8,2.62,3186.5,kg_per_acre,Medium
Northern,Tomato,Pectomech,Major,6.52,78.7,148.0,45.3,216.6,1104.6,31.3,0.5,2127.5,kg_per_acre,Low
Volta,Tomato,Pectomech,Major,6.16,56.5,98.0,34.8,137.3,1369.1,28.7,0.7,2914.5,kg_per_acre,Medium
Western,Maize,Hybrid OPV,Major,5.86,35.8,83.0,43.0,149.8,1910.9,26.2,0.56,12.79,bags_per_acre,Medium
Western,Tomato,F1 Hybrid,Major,5.82,49.4,133.2,35.1,143.7,1674.5,27.5,7.13,5233.0,kg_per_acre,High
Northern,Tomato,F1 Hybrid,Major,5.84,58.5,63.7,60.7,65.6,1042.6,28.9,2.74,3214.7,kg_per_acre,Medium
Ashanti,Maize,Hybrid OPV,Major,5.41,76.6,54.0,47.8,111.9,1508.6,25.7,0.5,11.32,bags_per_acre,Low
Volta,Maize,Hybrid OPV,Minor,5.68,71.9,58.0,42.1,119.7,942.4,29.2,1.61,9.42,bags_per_acre,Low
Volta,Maize,Local,Minor,6.97,71.2,13.6,19.0,156.3,895.4,27.6,5.37,5.23,bags_per_acre,Low
Volta,Tomato,F1 Hybrid,Major,6.25,56.8,88.3,49.8,119.8,1029.6,29.5,3.32,3572.4,kg_per_acre,Medium
Northern,Tomato,Local,Minor,7.89,35.7,141.4,36.1,96.8,715.1,29.7,1.29,1017.1,kg_per_acre,Low
Ashanti,Tomato,Pectomech,Minor,6.03,57.8,140.0,8.3,110.8,1260.9,27.1,1.25,2508.8,kg_per_acre,Medium
Volta,Tomato,Local,Major,5.8,30.6,32.4,42.5,209.8,1038.7,27.0,2.71,1341.8,kg_per_acre,Low
Ashanti,Tomato,Pectomech,Major,5.67,52.4,88.1,3.4,78.3,1299.1,23.4,0.75,1984.6,kg_per_acre,Low
Northern,Maize,Local,Minor,5.78,63.2,90.1,30.7,60.9,893.8,25.6,5.53,5.67,bags_per_acre,Low
Ashanti,Tomato,Local,Major,6.38,68.9,53.4,23.5,121.0,1691.6,27.3,0.5,1766.1,kg_per_acre,Low
Eastern,Maize,Local,Minor,6.35,65.1,74.8,56.3,234.8,1246.2,27.9,1.86,7.56,bags_per_acre,Low
Northern,Maize,Local,Major,6.32,48.7,77.4,39.6,88.6,1106.7,27.3,5.63,6.93,bags_per_acre,Low
Brong-Ahafo,Maize,Hybrid OPV,Major,6.89,53.4,57.7,33.8,85.7,1449.3,28.4,1.26,12.62,bags_per_acre,Medium
Brong-Ahafo,Tomato,Pectomech,Minor,4.49,55.2,136.6,28.8,96.4,1173.3,29.6,0.57,825.5,kg_per_acre,Low
Eastern,Maize,Local,Major,6.17,44.7,152.4,59.7,179.1,1299.2,25.5,0.68,12.27,bags_per_acre,Medium
Volta,Maize,Local,Minor,5.24,40.8,67.2,2.0,188.9,1340.9,27.8,1.6,5.19,bags_per_acre,Low
Brong-Ahafo,Maize,Local,Major,5.67,39.8,63.5,7.5,141.2,974.3,27.7,1.42,9.15,bags_per_acre,Low
Brong-Ahafo,Tomato,Pectomech,Minor,7.14,57.1,143.9,47.6,181.6,1376.3,27.9,1.29,3002.5,kg_per_acre,Medium
Eastern,Maize,Pioneer 30G19,Minor,6.35,32.9,5.0,59.7,82.9,1598.7,27.7,1.94,8.21,bags_per_acre,Low
Ashanti,Maize,Hybrid OPV,Major,4.67,68.4,139.8,2.0,111.2,1333.1,24.4,2.58,6.28,bags_per_acre,Low
Volta,Maize,Local,Major,6.17,75.1,153.7,2.0,143.7,602.0,29.0,7.49,5.15,bags_per_acre,Low
Brong-Ahafo,Maize,Pioneer 30G19,Minor,6.31,67.4,81.4,40.4,145.0,1007.3,30.3,3.96,15.52,bags_per_acre,Medium
Ashanti,Tomato,Pectomech,Major,5.49,52.7,47.1,36.6,103.6,1857.1,26.4,7.51,2185.5,kg_per_acre,Low
Ashanti,Tomato,Pectomech,Minor,6.43,46.5,93.9,32.1,111.9,1464.7,24.7,3.07,2632.1,kg_per_acre,Medium
Volta,Maize,Hybrid OPV,Major,4.96,31.1,83.9,20.5,89.0,1103.6,28.7,9.65,6.77,bags_per_acre,Low
Western,Tomato,Pectomech,Major,5.57,44.5,151.3,41.7,56.6,1930.8,27.2,1.32,2936.9,kg_per_acre,Medium
Volta,Tomato,Local,Minor,5.74,60.7,88.5,2.0,155.4,1118.1,29.5,1.89,1079.9,kg_per_acre,Low
Western,Tomato,F1 Hybrid,Minor,6.12,65.4,83.8,19.3,57.3,1855.1,29.1,0.99,3066.6,kg_per_acre,Medium
Brong-Ahafo,Maize,Local,Minor,5.94,36.4,130.1,46.0,175.4,923.8,27.0,0.5,8.92,bags_per_acre,Low
Western,Tomato,F1 Hybrid,Major,4.89,44.0,82.3,56.0,96.4,1975.2,25.8,0.5,2629.5,kg_per_acre,Medium
Ashanti,Tomato,F1 Hybrid,Major,6.08,46.5,80.0,13.6,20.0,1598.7,26.7,0.5,2693.0,kg_per_acre,Medium
Eastern,Tomato,Pectomech,Major,5.35,60.2,138.9,28.8,145.5,1045.9,26.9,0.9,2198.7,kg_per_acre,Low
Volta,Tomato,Pectomech,Major,6.34,40.6,127.2,57.9,91.3,995.5,26.2,2.71,2692.4,kg_per_acre,Medium
Brong-Ahafo,Maize,Local,Major,5.94,76.4,16.1,24.6,63.5,1265.9,25.5,0.5,5.92,bags_per_acre,Low
Brong-Ahafo,Tomato,Local,Major,6.31,44.7,114.4,40.6,196.5,910.3,27.3,4.25,2077.1,kg_per_acre,Low
Ashanti,Tomato,Pectomech,Major,5.96,75.8,106.3,15.8,137.4,1378.7,24.9,8.2,2937.4,kg_per_acre,Medium
Western,Tomato,Pectomech,Minor,4.24,73.4,129.9,39.2,122.1,2038.3,25.7,2.33,1076.0,kg_per_acre,Low
Volta,Tomato,F1 Hybrid,Major,5.98,39.7,93.6,51.5,66.2,916.7,27.7,3.92,2890.2,kg_per_acre,Medium
Western,Tomato,F1 Hybrid,Major,5.49,43.0,54.3,36.1,239.0,1461.3,22.7,1.95,4090.1,kg_per_acre,Medium
Northern,Tomato,Pectomech,Major,6.28,41.5,95.5,65.2,128.6,983.9,29.7,7.16,2742.1,kg_per_acre,Medium
Ashanti,Maize,Pioneer 30G19,Major,5.24,35.0,81.3,2.0,172.8,966.2,26.4,1.56,10.85,bags_per_acre,Low
Ashanti,Maize,Pioneer 30G19,Major,6.19,40.1,137.8,12.6,107.9,1494.4,25.7,2.57,17.95,bags_per_acre,Medium
Northern,Maize,Pioneer 30G19,Minor,6.98,68.3,90.3,12.7,92.7,994.8,30.3,0.95,10.37,bags_per_acre,Low
Eastern,Tomato,Local,Major,5.19,34.9,113.9,31.9,60.0,1219.9,24.6,2.4,1142.2,kg_per_acre,Low
Volta,Tomato,F1 Hybrid,Major,6.37,31.3,225.3,40.8,170.2,926.7,26.8,1.15,2656.9,kg_per_acre,Medium
Western,Maize,Pioneer 30G19,Major,5.75,63.5,59.0,62.4,238.2,1791.4,27.7,3.0,17.73,bags_per_acre,Medium
Northern,Maize,Pioneer 30G19,Minor,6.56,42.9,88.1,40.5,136.1,693.1,27.5,3.14,8.98,bags_per_acre,Low
Brong-Ahafo,Maize,Local,Major,6.33,60.0,54.1,33.6,133.6,1079.1,25.6,0.5,9.28,bags_per_acre,Low
Eastern,Maize,Local,Major,5.12,44.0,75.5,46.7,53.0,1420.1,25.2,0.5,7.38,bags_per_acre,Low
Brong-Ahafo,Maize,Hybrid OPV,Minor,6.06,65.3,138.4,40.6,160.6,1102.6,28.5,0.5,13.49,bags_per_acre,Medium
Northern,Maize,Pioneer 30G19,Major,7.78,54.2,60.5,37.2,120.0,905.0,30.2,0.91,9.68,bags_per_acre,Low
Northern,Tomato,F1 Hybrid,Major,6.71,36.3,136.8,3.0,80.9,918.4,30.6,0.5,1882.8,kg_per_acre,Low
Volta,Tomato,Local,Major,6.36,87.4,70.9,19.4,64.6,1167.1,27.5,4.74,1395.3,kg_per_acre,Low
Ashanti,Maize,Pioneer 30G19,Major,6.16,39.6,110.8,65.7,124.0,1472.3,27.5,0.63,19.42,bags_per_acre,Medium
Western,Tomato,F1 Hybrid,Minor,5.25,44.9,114.5,22.5,142.4,1813.5,24.6,2.11,3063.9,kg_per_acre,Medium
Eastern,Maize,Local,Major,5.71,34.8,114.3,16.6,158.5,1627.7,28.4,3.75,9.12,bags_per_acre,Low
Brong-Ahafo,Tomato,Pectomech,Major,6.0,48.7,136.1,21.2,172.6,1441.8,26.5,5.41,3008.9,kg_per_acre,Medium
Brong-Ahafo,Tomato,F1 Hybrid,Major,6.11,54.2,86.2,51.1,93.3,848.6,27.9,0.5,4256.6,kg_per_acre,Medium
Volta,Maize,Pioneer 30G19,Minor,5.78,65.0,121.1,24.6,148.9,939.3,27.5,0.5,14.1,bags_per_acre,Medium
Brong-Ahafo,Tomato,F1 Hybrid,Major,6.96,29.3,14.4,62.0,86.1,934.7,24.6,0.76,2540.9,kg_per_acre,Medium
Eastern,Maize,Pioneer 30G19,Minor,6.78,73.7,109.5,41.1,22.7,1174.1,26.5,0.5,12.05,bags_per_acre,Medium
Eastern,Tomato,Pectomech,Minor,5.89,46.4,111.8,19.1,217.6,1301.2,26.3,2.87,2622.9,kg_per_acre,Medium
Volta,Maize,Local,Minor,6.51,87.5,79.6,2.0,121.7,1230.7,27.3,0.5,4.73,bags_per_acre,Low
Ashanti,Maize,Hybrid OPV,Major,5.86,58.4,58.8,29.2,135.8,1125.1,24.4,0.5,14.02,bags_per_acre,Medium
Volta,Maize,Pioneer 30G19,Minor,5.18,73.1,98.1,63.1,112.6,935.3,25.9,0.78,13.01,bags_per_acre,Medium
Volta,Tomato,Local,Minor,6.82,85.4,97.3,7.9,177.0,1094.0,26.2,1.98,1246.3,kg_per_acre,Low
Western,Maize,Pioneer 30G19,Major,5.75,80.2,110.8,28.4,51.6,1886.7,27.0,0.5,14.41,bags_per_acre,Medium
Volta,Tomato,Pectomech,Major,6.43,68.1,125.7,31.0,219.6,992.9,30.8,1.33,2899.3,kg_per_acre,Medium
Brong-Ahafo,Tomato,F1 Hybrid,Minor,6.41,67.1,65.0,30.6,175.6,1348.3,27.5,4.41,3555.6,kg_per_acre,Medium
Volta,Maize,Local,Minor,5.67,65.1,105.1,20.8,163.3,1075.4,26.5,0.6,7.59,bags_per_acre,Low
Eastern,Tomato,Pectomech,Major,4.91,36.2,66.5,38.0,186.3,1418.0,25.1,0.5,1493.2,kg_per_acre,Low
Volta,Maize,Local,Minor,6.24,37.2,146.9,27.3,124.4,1075.0,25.1,1.3,8.58,bags_per_acre,Low
Western,Maize,Hybrid OPV,Major,6.4,68.9,44.8,18.5,195.5,1767.7,22.5,0.5,11.13,bags_per_acre,Low
Northern,Maize,Hybrid OPV,Major,5.83,36.9,52.2,41.5,98.8,1190.2,32.4,2.09,7.93,bags_per_acre,Low
Eastern,Tomato,F1 Hybrid,Major,5.56,62.9,66.8,38.2,138.7,1195.2,25.8,0.64,3693.1,kg_per_acre,Medium
Brong-Ahafo,Tomato,Local,Major,7.13,50.0,86.8,2.0,121.9,1242.3,26.1,1.46,1265.0,kg_per_acre,Low
Northern,Tomato,Pectomech,Minor,7.06,55.1,132.0,36.6,162.3,744.7,26.9,1.36,1923.9,kg_per_acre,Low
Western,Maize,Pioneer 30G19,Major,5.73,52.5,96.4,62.2,117.0,1773.7,24.1,0.5,21.28,bags_per_acre,Medium
Eastern,Maize,Local,Major,5.49,64.1,59.6,42.0,71.7,1432.6,25.0,3.24,8.74,bags_per_acre,Low
Ashanti,Maize,Hybrid OPV,Major,6.35,69.7,113.4,44.0,87.8,1438.1,25.3,1.31,15.19,bags_per_acre,Medium
Northern,Tomato,F1 Hybrid,Major,6.16,81.8,94.7,10.7,116.1,731.5,31.9,0.53,2100.2,kg_per_acre,Low
Western,Tomato,Local,Major,6.22,45.3,33.3,80.2,120.8,1544.0,26.1,5.39,2228.8,kg_per_acre,Low
Eastern,Maize,Local,Major,6.35,68.9,36.4,51.2,122.0,1362.1,26.1,6.87,9.86,bags_per_acre,Low
Volta,Maize,Hybrid OPV,Minor,5.57,54.8,21.9,16.3,118.3,1141.9,29.7,0.58,6.51,bags_per_acre,Low
Eastern,Maize,Hybrid OPV,Minor,6.08,55.4,10.4,17.3,29.3,1176.5,27.7,0.5,5.12,bags_per_acre,Low
Brong-Ahafo,Maize,Hybrid OPV,Major,6.88,48.1,141.3,32.9,82.7,1308.7,26.7,1.73,14.36,bags_per_acre,Medium
Ashanti,Tomato,Local,Major,6.83,56.6,113.5,63.3,154.6,1309.8,25.8,1.56,2492.5,kg_per_acre,Low
Eastern,Tomato,F1 Hybrid,Major,5.72,57.2,85.1,47.3,109.6,1381.4,27.0,0.98,3792.9,kg_per_acre,Medium
Western,Maize,Pioneer 30G19,Minor,6.19,80.3,117.2,51.5,74.9,1819.1,25.0,3.75,15.93,bags_per_acre,Medium
Volta,Tomato,Pectomech,Minor,6.04,57.4,77.5,46.7,151.9,945.8,26.4,2.83,2437.4,kg_per_acre,Low
Ashanti,Maize,Hybrid OPV,Major,6.01,65.1,147.5,35.1,203.2,1577.9,26.8,1.03,15.97,bags_per_acre,Medium
Ashanti,Tomato,Pectomech,Major,6.68,52.4,90.9,49.8,132.8,1514.4,28.1,1.7,3215.1,kg_per_acre,Medium
Brong-Ahafo,Maize,Pioneer 30G19,Minor,7.2,58.3,136.7,30.1,164.3,1331.7,24.2,2.35,15.45,bags_per_acre,Medium
Volta,Tomato,Pectomech,Minor,6.52,62.6,79.0,11.9,80.4,1071.5,29.8,0.89,1799.9,kg_per_acre,Low
Western,Tomato,Local,Major,6.18,57.4,38.9,66.5,88.3,1770.8,28.4,2.04,1864.4,kg_per_acre,Low
Brong-Ahafo,Maize,Hybrid OPV,Major,6.14,67.8,106.5,28.4,213.7,1120.1,24.0,4.15,15.43,bags_per_acre,Medium
Volta,Tomato,F1 Hybrid,Major,5.87,56.7,137.5,2.0,136.9,1108.9,30.0,0.92,2823.1,kg_per_acre,Medium
Eastern,Tomato,F1 Hybrid,Minor,5.33,67.5,144.5,45.2,149.6,936.6,27.8,3.0,3622.7,kg_per_acre,Medium
Northern,Maize,Hybrid OPV,Minor,6.71,52.8,79.9,60.4,32.6,941.2,29.4,1.56,6.59,bags_per_acre,Low
Volta,Tomato,Local,Major,5.61,76.2,89.9,12.3,125.7,1252.7,26.1,5.64,1329.7,kg_per_acre,Low
Western,Tomato,Local,Major,5.58,54.8,88.8,61.6,147.5,2041.0,26.7,1.54,2047.6,kg_per_acre,Low
Northern,Maize,Local,Minor,6.78,66.8,83.6,22.3,161.8,670.4,26.3,0.94,5.44,bags_per_acre,Low
Ashanti,Maize,Pioneer 30G19,Major,6.74,48.9,63.2,55.8,96.7,1728.7,27.5,0.5,16.24,bags_per_acre,Medium
Eastern,Tomato,F1 Hybrid,Major,5.43,46.1,158.7,57.4,226.4,1182.7,28.1,1.74,4108.7,kg_per_acre,Medium
Volta,Maize,Hybrid OPV,Minor,6.7,34.8,93.6,47.5,47.1,996.4,28.1,2.74,9.45,bags_per_acre,Low
Brong-Ahafo,Tomato,Pectomech,Minor,6.37,62.0,18.2,12.6,178.8,1340.2,24.9,6.48,1825.6,kg_per_acre,Low
Ashanti,Tomato,Pectomech,Major,6.07,75.8,117.8,12.2,123.9,1255.1,25.9,0.57,2646.4,kg_per_acre,Medium
Brong-Ahafo,Maize,Pioneer 30G19,Major,6.66,64.7,102.3,2.0,73.5,1227.3,27.4,0.5,12.55,bags_per_acre,Medium
Ashanti,Tomato,Pectomech,Minor,6.34,49.9,136.7,45.6,20.0,1304.7,25.7,1.79,2448.5,kg_per_acre,Low
Volta,Maize,Local,Major,5.88,49.3,99.0,30.8,207.1,1167.5,28.5,2.0,9.84,bags_per_acre,Low
Northern,Maize,Hybrid OPV,Major,6.23,54.3,92.2,39.9,20.0,750.3,28.2,6.65,6.7,bags_per_acre,Low
Brong-Ahafo,Maize,Local,Major,6.69,48.6,214.1,30.3,124.3,995.6,27.1,1.16,11.03,bags_per_acre,Low
Brong-Ahafo,Maize,Local,Minor,6.68,61.1,106.8,2.0,146.5,935.1,28.2,1.24,7.88,bags_per_acre,Low
Brong-Ahafo,Tomato,Local,Major,6.34,71.8,112.9,36.2,165.2,1272.4,28.3,2.39,1845.1,kg_per_acre,Low
Western,Tomato,Local,Major,5.1,46.6,128.1,29.0,155.3,1769.3,26.2,1.25,1707.0,kg_per_acre,Low
